qid,model,final_k,question,expected,answer,manual_correct,end_to_end_s,first_words_s,retrieval_s,generation_s,input_tokens,output_tokens,output_tokens_per_s,abstained,valid_json,truncated,section_hit,figure_in_passages,figure_found,figure_found_rounded,terms_mentioned,paraphrase_of,error
Q01,Ministral 3 14B,8,What types of services did Apple offer in fiscal year 2021?,"Advertising, AppleCare, Cloud Services, Digital Content, Payment Services.","Apple offered advertising services, including third-party licensing arrangements and its own advertising platforms. [5] AppleCare services provided fee-based technical support, access to repair services, and coverage for accidental damage or theft/loss, depending on the product and region. [5] Cloud services stored and updated customer content across Apple devices and Windows PCs. [5] Digital content services included platforms like the App Store for applications, books, music, video, games, and podcasts. [5] Services net sales in fiscal 2021 grew due to higher revenue from advertising, the App Store, and cloud services. [4]",,3.475996749009937,1.3126277490518987,0.36043024994432926,3.111557957949117,3713,214,89.5140168208139,False,True,False,True,,,,0.8,,
Q01,Ministral 3 8B,8,What types of services did Apple offer in fiscal year 2021?,"Advertising, AppleCare, Cloud Services, Digital Content, Payment Services.","Apple offered advertising services, including third-party licensing arrangements and its own advertising platforms. [5] Apple provided AppleCare, which includes fee-based service and support products like priority technical support, access to repair services, and extended coverage for accidental damage or theft. [5] Cloud services were available to store and sync customers’ content across Apple and Windows devices. [5] Digital content services included platforms like the App Store for downloading applications, books, music, video, games, and podcasts. [5] Apple offered payment services and other unspecified services, with net sales in this category growing in fiscal 2021. [1][4]",,3.293073124019429,1.1622525821439922,0.36043024994432926,2.928634332958609,3713,220,93.02338529942932,False,True,False,True,,,,1.0,,
Q02,Ministral 3 14B,8,What services did Apple provide during fiscal year 2021?,"Advertising, AppleCare, Cloud Services, Digital Content, Payment Services.","Apple provided advertising services, including third-party licensing arrangements and its own advertising platforms. [1] AppleCare services were offered, including priority technical support, access to repair services, and coverage for accidental damage or theft/loss in many cases. [1] Cloud services were provided to store and update customers’ content across Apple devices and Windows PCs. [1] Digital content platforms, such as the App Store, allowed customers to discover and download applications, books, music, video, games, and podcasts. [1][7] Subscription-based services included Apple Arcade, Apple Music, Apple News+, and Apple TV+, with Apple Fitness+ released during 2021. [7] Payment services included Apple Card (a co-branded credit card) and Apple Pay (a cashless payment service). [7] Services net sales increased in 2021 due to higher revenue from advertising, the App Store, and cloud services. [2][3]",,4.005681833950803,1.4055427089333534,0.06589741609059274,3.93944637500681,3543,314,96.12509978522853,False,True,False,True,,,,1.0,Q01,
Q02,Ministral 3 8B,8,What services did Apple provide during fiscal year 2021?,"Advertising, AppleCare, Cloud Services, Digital Content, Payment Services.","Apple provided advertising services, including third-party licensing arrangements and its own advertising platforms. [1] AppleCare offered fee-based service and support products, including priority technical support, repair/replacement services, and coverage for accidental damage/theft. [1] Cloud services stored and synchronized customers’ content across Apple devices and Windows PCs. [1] Digital content platforms, such as the App Store, enabled customers to discover and download applications, books, music, video, games, and podcasts. [1][7] Subscription-based services included Apple Arcade (games), Apple Music (music), Apple News+ (news/magazines), Apple TV+ (original content), and Apple Fitness+ (fitness). [7] Payment services included Apple Card (co-branded credit card) and Apple Pay (cashless payment service). [7] Services net sales grew in 2021 due to higher revenue from advertising, the App Store, and cloud services. [2][3]",,4.177146416855976,0.9855452917981893,0.06589741609059274,4.110910957911983,3543,320,95.46266570216041,False,True,False,True,,,,1.0,Q01,
Q03,Ministral 3 14B,8,What was Apple's total value of Accounts Payable at the end of fiscal year 2022?,"$64,115 million.","Apple's total value of Accounts Payable at the end of fiscal year 2022 was **$64,115 million** as of September 24, 2022. [2]",,1.6908574989065528,1.5724834988359362,0.29049216699786484,1.3999634580686688,3350,78,388.11078934314105,False,True,False,True,True,1.0,1.0,,,
Q03,Ministral 3 8B,8,What was Apple's total value of Accounts Payable at the end of fiscal year 2022?,"$64,115 million.","Apple's total value of Accounts Payable at the end of fiscal year 2022 was $64,115 million. [2]",,2.522157915867865,2.1440966660156846,0.29049216699786484,2.231263875029981,3350,64,94.12374904422902,False,True,False,True,True,1.0,1.0,,,
Q04,Ministral 3 14B,8,What was Apple's iPhone net sales in fiscal year 2023?,"$200,583 million.",Apple's iPhone net sales in fiscal year 2023 were **$200.6 billion**. [1][3][5],,1.584648417076096,1.198114958126098,0.29423799994401634,1.2900632091332227,3712,66,108.0882933399777,False,True,False,True,True,0.0,1.0,,,
Q04,Ministral 3 8B,8,What was Apple's iPhone net sales in fiscal year 2023?,"$200,583 million.","Apple's iPhone net sales in fiscal year 2023 were $200,583 million. [3][5]",,1.6248723331373185,1.0954441661015153,0.29423799994401634,1.3302871251944453,3712,63,87.59761449857955,False,True,False,True,True,1.0,1.0,,,
Q05,Ministral 3 14B,8,What were the adverse macroeconomic conditions that could negatively impact Apple's demand for its products and services in fiscal year 2024?,"Slow growth or recession, high unemployment, inflation, tighter credit, higher interest rates, and currency fluctuations.","Adverse macroeconomic conditions such as slow growth or recession, high unemployment, inflation, tighter credit, higher interest rates, and currency fluctuations could negatively impact consumer confidence and spending, thereby reducing demand for Apple’s products and services. [1] Currency fluctuations, including the weakness of the renminbi relative to the U.S. dollar, had an unfavorable impact on Greater China net sales in fiscal year 2024 due to lower iPhone and iPad demand. [3] Fluctuations in foreign exchange rates could materially adversely affect gross margins on products sold in foreign countries or those with foreign-sourced components, further impacting demand and profitability. [2][4] Macroeconomic pressures like inflation and other economic factors could indirectly reduce demand by affecting consumer spending and financial stability across Apple’s supply chain and channel partners. [1][4]",,3.631459416821599,1.6117889999877661,0.34295795811340213,3.287999916821718,2863,248,100.98876347707555,False,True,False,True,,,,1.0,,
Q05,Ministral 3 8B,8,What were the adverse macroeconomic conditions that could negatively impact Apple's demand for its products and services in fiscal year 2024?,"Slow growth or recession, high unemployment, inflation, tighter credit, higher interest rates, and currency fluctuations.","Adverse macroeconomic conditions such as slow growth or recession, high unemployment, inflation, tighter credit, higher interest rates, and currency fluctuations could negatively impact consumer confidence and spending, thereby reducing demand for Apple’s products and services. [1] Uncertainty or declines in global or regional economic conditions could also negatively impact Apple’s suppliers, contract manufacturers, logistics providers, and other partners, leading to financial instability, credit issues, or insolvency, which may further reduce demand for Apple’s products and services. [1] Changes in fiscal and monetary policy, financial market volatility, declines in income or asset values, and other economic factors could materially adversely affect consumer confidence and spending, impacting demand for Apple’s products and services. [1] Fluctuations in the value of the U.S. dollar relative to local currencies could adversely affect gross margins on Apple’s products in foreign countries and on products with foreign-sourced components, indirectly impacting demand due to pricing pressures. [2]",,3.9560514581389725,1.4177552920300514,0.34295795811340213,3.6125919581390917,2863,272,95.03046979507099,False,True,False,True,,,,1.0,,
Q06,Ministral 3 14B,8,What was Apple's Inventories value at the end of fiscal year 2025?,"$5,718 million.","Apple’s inventories value at the end of fiscal year 2025 was not explicitly stated in the provided sources. The sources only provide changes in inventories for 2025 (an increase of $1,400 million), not the absolute ending value. [4]",,1.8370279581286013,1.1228900831192732,0.34599899989552796,1.490643291035667,3363,107,124.51145137217556,False,True,False,True,False,0.0,0.0,,,
Q06,Ministral 3 8B,8,What was Apple's Inventories value at the end of fiscal year 2025?,"$5,718 million.","The Inventories value at the end of fiscal year 2025 was not explicitly stated, but the change in Inventories for the year ended September 27, 2025, was an increase of $1,400 million. [4]",,2.066997251007706,1.4068664170335978,0.34599899989552796,1.7206125839147717,3363,90,90.8976291768619,False,True,False,True,False,0.0,0.0,,,
Q07,Ministral 3 14B,8,Who were the Executive Vice President of Microsoft in fiscal year 2021?,"Judson Althoff, Christopher C. Capossela, Kathleen T. Hogan, Amy E. Hood, Christopher D. Young.","The Executive Vice Presidents of Microsoft in fiscal year 2021 included Judson Althoff (Chief Commercial Officer), Christopher C. Capossela (Marketing and Consumer Business, and Chief Marketing Officer), Kathleen T. Hogan (Human Resources), Amy E. Hood (Chief Financial Officer), and Christopher D. Young (Business Development, Strategy, and Ventures). [1][2][3][7] Bradford L. Smith served as President and Chief Legal Officer, which is also an executive officer role. [1][2][4]",,3.156540999887511,1.645323165692389,0.2547238750848919,2.9014136670157313,3193,167,96.70477746819796,False,True,False,True,,,,1.0,,
Q07,Ministral 3 8B,8,Who were the Executive Vice President of Microsoft in fiscal year 2021?,"Judson Althoff, Christopher C. Capossela, Kathleen T. Hogan, Amy E. Hood, Christopher D. Young.","The Executive Vice Presidents of Microsoft in fiscal year 2021 included Judson Althoff (Chief Commercial Officer), Christopher C. Capossela (Marketing and Consumer Business and Chief Marketing Officer), Kathleen T. Hogan (Human Resources), Amy E. Hood (Chief Financial Officer), and Christopher D. Young (Business Development, Strategy, and Ventures). [1][2][3][7]",,2.195921499747783,1.0703030829317868,0.2547238750848919,1.9407941668760031,3193,122,93.30439623549937,False,True,False,True,,,,1.0,,
Q08,Ministral 3 14B,8,Which executives held the title of Executive Vice President at Microsoft in fiscal year 2021?,"Judson Althoff, Christopher C. Capossela, Kathleen T. Hogan, Amy E. Hood, Christopher D. Young.","Satya Nadella held the title of **Chairman of the Board and Chief Executive Officer**, not Executive Vice President, in fiscal year 2021. [1][3][6] Judson Althoff was **Executive Vice President and Chief Commercial Officer** in fiscal year 2021. [1][3][6] Christopher C. Capossela was **Executive Vice President, Marketing and Consumer Business, and Chief Marketing Officer** in fiscal year 2021. [1][2][3][6] Kathleen T. Hogan was **Executive Vice President, Human Resources** in fiscal year 2021. [1][3][6] Amy E. Hood was **Executive Vice President and Chief Financial Officer** in fiscal year 2021. [1][2][3][6] Bradford L. Smith was **President and Chief Legal Officer**, not Executive Vice President, in fiscal year 2021. [1][3][4][6] Christopher D. Young was **Executive Vice President, Business Development, Strategy, and Ventures** in fiscal year 2021. [1][3]",,4.250796874985099,1.2111886248458177,0.11359662492759526,4.136729917023331,3119,381,117.21680989666298,False,True,False,True,,,,1.0,Q07,
Q08,Ministral 3 8B,8,Which executives held the title of Executive Vice President at Microsoft in fiscal year 2021?,"Judson Althoff, Christopher C. Capossela, Kathleen T. Hogan, Amy E. Hood, Christopher D. Young.","Satya Nadella held the title of Executive Vice President, Cloud and Enterprise from July 2013 until his appointment as Chairman of the Board and CEO in February 2014. [1] Judson Althoff, Christopher C. Capossela, Kathleen T. Hogan, Amy E. Hood, Bradford L. Smith, and Christopher D. Young all held the title of Executive Vice President in fiscal year 2021. [1][2][3][4][6]",,2.812953917076811,1.128070916980505,0.11359662492759526,2.6988869591150433,3119,154,80.15828658444055,False,True,False,True,,,,1.0,Q07,
Q09,Ministral 3 14B,8,What hardware products does Microsoft identify as having quality or supply problems in fiscal year 2022?,"Xbox consoles, Surface devices, and other devices Microsoft designs and markets.","Microsoft identifies Xbox consoles as hardware products that may experience quality or supply problems, including defects in design, manufacture, or associated software. [1] Surface devices are also noted as hardware products that could face quality or supply issues, such as defects or supply chain disruptions. [1][2] Datacenter servers are mentioned as hardware subject to component shortages or supply chain disruptions, which could affect revenue and operating margins. [2]",,2.2951916251331568,1.2286988750565797,0.3110605420079082,1.9836755420546979,2843,149,120.94392263942693,False,True,False,True,,,,0.75,,
Q09,Ministral 3 8B,8,What hardware products does Microsoft identify as having quality or supply problems in fiscal year 2022?,"Xbox consoles, Surface devices, and other devices Microsoft designs and markets.","Microsoft identifies Xbox consoles, Surface devices, and other hardware products as having potential quality or supply problems due to defects in design, manufacture, or associated software. [1][2] Hardware products such as Xbox consoles, Surface devices, and datacenter servers may face supply chain disruptions, including shortages caused by supplier capacity constraints, industry shortages, or geopolitical disruptions in regions like Asia. [2]",,2.676353208022192,1.280266083078459,0.3110605420079082,2.364837124943733,2843,131,79.95358420339504,False,True,False,True,,,,0.75,,
Q10,Ministral 3 14B,8,What was Microsoft's total net income in fiscal year 2023?,"$72,361 million.",Microsoft's total net income for fiscal year 2023 was **$72.4 billion**. [7],,1.7663323320448399,1.45295695704408,0.2730448329821229,1.492995291016996,2940,58,82.50021652058733,False,True,False,True,True,0.0,1.0,,,
Q10,Ministral 3 8B,8,What was Microsoft's total net income in fiscal year 2023?,"$72,361 million.","Microsoft's total net income in fiscal year 2023 was $72,361 million. [7]",,1.9992406661622226,1.503707166062668,0.2730448329821229,1.7259036251343787,2940,58,61.64065369323478,False,True,False,True,True,1.0,1.0,,,
Q11,Ministral 3 14B,8,What was Microsoft's Intelligent Cloud operating income for fiscal year 2024?,"$49,584 million.",Microsoft's Intelligent Cloud operating income for fiscal year 2024 was **$49.6 billion**. [1][2][3][7],,1.6389855828601867,1.2387014997657388,0.25701679196208715,1.3815834999550134,3074,69,121.65198998931655,False,True,False,True,True,0.0,1.0,,,
Q11,Ministral 3 8B,8,What was Microsoft's Intelligent Cloud operating income for fiscal year 2024?,"$49,584 million.","The Intelligent Cloud operating income for fiscal year 2024 was $49,584 million. [2][3] The Intelligent Cloud operating income for fiscal year 2024 increased by $11.7 billion or 31% compared to fiscal year 2023. [4][5]",,2.1259444158058614,1.1475758329033852,0.25701679196208715,1.868542332900688,3074,119,110.60681818824503,False,True,False,True,True,1.0,1.0,,,
Q12,Ministral 3 14B,8,What was Microsoft's effective tax rate in fiscal year 2025?,17.6%.,"Microsoft's effective tax rate for fiscal year 2025 was **18%**. [1][2][4][6] The rate was also reported as **17.6%** in a detailed reconciliation table, reflecting adjustments such as foreign earnings taxed at lower rates and other reconciling items. [6]",,2.2041508750990033,1.344656249973923,0.27629454201087356,1.9275009580887854,3349,116,116.4813251662103,False,True,False,True,True,1.0,1.0,,,
Q12,Ministral 3 8B,8,What was Microsoft's effective tax rate in fiscal year 2025?,17.6%.,"Microsoft's effective tax rate for fiscal year 2025 was 18%. [1][2][4][6] The effective tax rate was also reported as 17.6% in the detailed reconciliation for fiscal year 2025, reflecting adjustments like foreign earnings taxed at lower rates and other reconciling items. [6]",,2.274543666979298,1.414435707964003,0.27629454201087356,1.99789374996908,3349,124,103.72624322796209,False,True,False,True,True,1.0,1.0,,,
Q13,Ministral 3 14B,8,What were the risks relating to taxes for Broadcom in fiscal year 2021?,"Changes in tax legislation or policies could materially impact financial position and results of operations. Corporate income taxes could significantly increase if the company is unable to maintain its tax concessions. Income taxes and overall cash tax costs could be materially, adversely affected by a number of factors, including incorrect assumptions and interpretations regarding tax laws and concessions.","Broadcom faced risks of significant increases in corporate income taxes if it could not maintain its tax concessions or if its interpretations of tax laws and concessions proved incorrect. [1][4][5][7] Changes in tax legislation, policies, or enforcement activities could materially impact its financial position and results of operations. [4][5] The company’s tax estimates require significant judgment, and its final tax liability could differ materially from accruals due to uncertainties in tax determinations. [7] Tax incentives and holidays reduced its provision for income taxes by approximately **$1,156 million** in fiscal year 2021, but these benefits could be lost if compliance conditions were not met or if incentives were modified or rescinded. [6][8] Gross unrecognized tax benefits increased to **$5,030 million** by October 31, 2021, with accrued interest and penalties totaling approximately **$386 million**, reflecting ongoing tax position uncertainties. [2] The company recognized **$29 million** in income tax provision for fiscal year 2021, partly due to lapses of statutes of limitations and audit settlements affecting unrecognized tax benefits. [3]",,3.855816583149135,1.0258985832333565,0.26032020803540945,3.59510274999775,2942,359,120.87152747638564,False,True,False,True,,,,0.625,,
Q13,Ministral 3 8B,8,What were the risks relating to taxes for Broadcom in fiscal year 2021?,"Changes in tax legislation or policies could materially impact financial position and results of operations. Corporate income taxes could significantly increase if the company is unable to maintain its tax concessions. Income taxes and overall cash tax costs could be materially, adversely affected by a number of factors, including incorrect assumptions and interpretations regarding tax laws and concessions.","The risk exists that corporate income taxes could significantly increase if tax concessions are not maintained or if assumptions about tax laws and concessions prove incorrect. [1][4][5][7] Changes in tax legislation or policies could materially impact financial position and results of operations. [5] Income taxes are subject to volatility due to factors such as reorganization, restructuring, jurisdictional mix of income, and changes in tax laws or corporate structure. [7] Failure to comply with operating conditions for tax incentives or holidays could result in refunds of tax benefits or loss of benefits earlier than scheduled. [6] Tax incentives and holidays are not binding on taxing authorities, and incorrect assumptions or modifications to these incentives could lead to material adverse tax and financial consequences. [7] Substantial judgment is required in determining worldwide income taxes, and there is no assurance that final tax liability determinations will not differ materially from current estimates. [7] Any changes in domestic or international corporate tax policies, regulations, or enforcement activities may materially adversely affect the business and financial results. [4]",,5.381704583298415,1.489208958344534,0.26032020803540945,5.12099075014703,2942,334,79.87855908400923,False,True,False,True,,,,0.875,,
Q14,Ministral 3 14B,8,What were Broadcom's tax risk exposures in fiscal year 2021?,"Changes in tax legislation or policies could materially impact financial position and results of operations. Corporate income taxes could significantly increase if the company is unable to maintain its tax concessions. Income taxes and overall cash tax costs could be materially, adversely affected by a number of factors, including incorrect assumptions and interpretations regarding tax laws and concessions.","Broadcom faced tax risk exposures due to **gross unrecognized tax benefits**, which increased by **$282 million** in fiscal year 2021, reaching **$5,030 million** as of October 31, 2021. [1] The company recognized **$46 million** in interest and penalties related to unrecognized tax benefits in fiscal year 2021, with cumulative accrued interest and penalties totaling approximately **$386 million** as of October 31, 2021. [1] Broadcom is subject to tax audits in various jurisdictions, which could result in additional income tax assessments, potentially materially affecting its financial results and cash flows. [2] Changes in tax policies, regulations, or enforcement activities could materially adversely affect Broadcom’s business, financial condition, and tax obligations. [6] The company’s tax incentives and tax holiday arrangements, which reduced its provision for income taxes by approximately **$1,156 million** in fiscal year 2021, could cease or change, leading to a significant increase in corporate income taxes. [3][6] Uncertainty remains regarding the realization of deferred tax assets, including **$1,782 million** in valuation allowances in fiscal year 2021, due to state and foreign deferred tax assets from credits and net operating loss carryforwards. [7] Ownership change limitations under tax laws could result in the expiration of net operating loss and tax credit carryforwards before utilization, further complicating tax planning. [7]",,5.147932208841667,1.054735958809033,0.09694333304651082,5.050646083895117,3032,453,106.98539339464821,False,True,False,True,,,,0.625,Q13,
Q14,Ministral 3 8B,8,What were Broadcom's tax risk exposures in fiscal year 2021?,"Changes in tax legislation or policies could materially impact financial position and results of operations. Corporate income taxes could significantly increase if the company is unable to maintain its tax concessions. Income taxes and overall cash tax costs could be materially, adversely affected by a number of factors, including incorrect assumptions and interpretations regarding tax laws and concessions.","Tax risk exposures included the potential for materially adverse outcomes from ongoing tax audits, which could significantly impact financial results and cash flows. [2] The company faced risks from changes in tax policies, regulations, or enforcement activities that could materially harm its financial condition and operations. [6] Uncertain tax positions resulted in gross unrecognized tax benefits totaling $5,030 million as of October 31, 2021, with accrued interest and penalties of approximately $386 million. [1] The valuation allowance increased to $1,782 million in fiscal year 2021 due to deferred tax assets from credits and net operating loss carryforwards that may not be fully realized. [7] Tax incentives and holiday arrangements could cease or change, potentially increasing corporate income taxes significantly if assumptions or interpretations prove incorrect. [6]",,4.452763957902789,1.9071229577530175,0.09694333304651082,4.35547783295624,3032,267,74.11622474916228,False,True,False,True,,,,0.75,Q13,
Q15,Ministral 3 14B,8,What was Broadcom's total net revenue from subscriptions and services in fiscal year 2022?,"$6,926 million.","Broadcom's total net revenue from subscriptions and services in fiscal year 2022 was **$6,926 million**. [1][3][4]",,2.2141707511618733,1.3803949591238052,0.25468133413232863,1.959164084168151,2758,71,62.56783917549396,False,True,False,True,True,1.0,1.0,,,
Q15,Ministral 3 8B,8,What was Broadcom's total net revenue from subscriptions and services in fiscal year 2022?,"$6,926 million.","The total net revenue from subscriptions and services in fiscal year 2022 was $6,926 million. [1][3][4]",,2.4452104999218136,1.20264945900999,0.25468133413232863,2.1902038329280913,2758,66,41.62839015243064,False,True,False,True,True,1.0,1.0,,,
Q16,Ministral 3 14B,8,Who was the Chief Legal and Coporate Affairs Officer of Broadcom in fiscal year 2023?,Mark D. Brazeal.,Mark D. Brazeal served as the Chief Legal and Corporate Affairs Officer of Broadcom in fiscal year 2023. [1][2][3],,2.6386794997379184,1.6071325417142361,0.2657986672129482,2.372469874797389,3324,68,45.269013610177396,False,True,False,True,,,,1.0,,
Q16,Ministral 3 8B,8,Who was the Chief Legal and Coporate Affairs Officer of Broadcom in fiscal year 2023?,Mark D. Brazeal.,Mark D. Brazeal served as the Chief Legal and Corporate Affairs Officer in fiscal year 2023. [1][2][3],,1.6037082080729306,1.2157295409124345,0.2657986672129482,1.337498583132401,3324,65,97.56610103701814,False,True,False,True,,,,1.0,,
Q17,Ministral 3 14B,8,What are the main risks relating to Broadcom's indebtedness in fiscal year 2024?,Broadcom's substantial indebtedness could adversely affect their financial health and their ability to execute our business strategy.,"Broadcom’s substantial indebtedness could adversely affect its financial health and ability to execute its business strategy. [1][2][4] Its high debt levels may limit flexibility in planning for economic or industry changes and place it at a competitive disadvantage compared to less indebted competitors. [3][4] The indebtedness increases vulnerability to adverse economic conditions and exposes the company to interest rate risk, as its 2023 Term Loans bear floating rates. [4] A significant portion of cash flow from operations may be required for debt payments, reducing funds available for other business needs. [3] Downgrades in credit ratings or adverse conditions in debt capital markets could materially harm its financial condition and results of operations. [3] As of November 3, 2024, Broadcom’s aggregate indebtedness was **$69,847 million**, including assumed VMware debt and newly issued term loans. [4][5]",,3.5554567500948906,1.1782308341935277,0.32153033395297825,3.233533333055675,2993,300,117.14053131746354,False,True,False,True,,,,1.0,,
Q17,Ministral 3 8B,8,What are the main risks relating to Broadcom's indebtedness in fiscal year 2024?,Broadcom's substantial indebtedness could adversely affect their financial health and their ability to execute our business strategy.,"Our substantial indebtedness could adversely affect our financial health and our ability to execute our business strategy, including increasing vulnerability to adverse economic conditions, limiting flexibility in planning, and placing us at a competitive disadvantage compared to less indebted competitors. [1][2][3][4] The aggregate indebtedness as of November 3, 2024, was $69,847 million, exposing the company to interest rate risk due to floating rates on the 2023 Term Loans. [4] Our indebtedness could require a substantial portion of cash flow from operations to be dedicated to payments, thereby reducing availability for other business needs. [3] A downgrade in our credit rating or adverse conditions in the debt capital markets could materially harm our business, financial condition, and results of operations. [3] Funding future debt obligations, including $16,795 million in repayments on the 2023 Term Loans in fiscal year 2024, depends on future cash flows, which are subject to global macroeconomic conditions and other risks. [5]",,6.047482751077041,1.8835079590789974,0.32153033395297825,5.7255593340378255,2993,317,68.25514670353293,False,True,False,True,,,,1.0,,
Q18,Ministral 3 14B,8,What was Broadcom's total Cost of Products sold in fiscal year 2025?,"$12,115 million.","Broadcom's total **Cost of Products sold** for fiscal year 2025 was **$12,115 million**. [1]",,1.4369684162084013,1.0122658752370626,0.24689654191024601,1.1897055411245674,3363,66,130.43185047150462,False,True,False,True,True,1.0,1.0,,,
Q18,Ministral 3 8B,8,What was Broadcom's total Cost of Products sold in fiscal year 2025?,"$12,115 million.","The total Cost of Products sold in fiscal year 2025 was $12,115 million. [1][6]",,1.8632719169836491,1.3553046251181513,0.24689654191024601,1.6160090418998152,3363,62,86.63719635381936,False,True,False,True,True,1.0,1.0,,,
Q19,Ministral 3 14B,8,What hardware products generated revenue for Google in fiscal year 2021?,"Fitbit wearable devices, Google Nest home products, Pixel phones, and other devices.","Hardware revenues in fiscal year 2021 included Fitbit wearable devices, Google Nest home products, and Pixel phones. [2][3][7][8] The inclusion of Fitbit revenues began in January 2021 following its acquisition. [3]",,2.125784457894042,1.3965323748998344,0.2456896249204874,1.879790582926944,3034,105,113.17070317506827,False,True,False,True,,,,1.0,,
Q19,Ministral 3 8B,8,What hardware products generated revenue for Google in fiscal year 2021?,"Fitbit wearable devices, Google Nest home products, Pixel phones, and other devices.","Hardware products that generated revenue in fiscal year 2021 include Fitbit wearable devices, Google Nest home products, and Pixel phones. [1][3][8] The inclusion of Fitbit revenues in hardware was due to the acquisition closing in January 2021, and growth was also driven by increased phone sales. [3]",,2.7152771670371294,1.718774792039767,0.2456896249204874,2.469283292070031,3034,119,97.6570346674132,False,True,False,True,,,,1.0,,
Q20,Ministral 3 14B,8,Which hardware devices contributed to Google's revenue in fiscal year 2021?,"Fitbit wearable devices, Google Nest home products, Pixel phones, and other devices.","Hardware revenues in fiscal year 2021 included sales of Fitbit wearable devices, Google Nest home products, and Pixel phones. [2][3][4][5][7] The inclusion of Fitbit revenues contributed to hardware growth in 2021, as the acquisition closed in January 2021. [5]",,2.0580111669842154,1.20559045788832,0.14053374994546175,1.9171891249716282,2937,121,118.55172407729842,False,True,False,True,,,,1.0,Q19,
Q20,Ministral 3 8B,8,Which hardware devices contributed to Google's revenue in fiscal year 2021?,"Fitbit wearable devices, Google Nest home products, Pixel phones, and other devices.",Fitbit wearable devices contributed to revenue in fiscal year 2021. [2][3][5][7] Google Nest home products contributed to revenue in fiscal year 2021. [2][3][5][7] Pixel phones contributed to revenue in fiscal year 2021. [2][3][5][6][7],,2.5573113751597703,1.2847237091045827,0.14053374994546175,2.416489333147183,2937,145,95.92623076069115,False,True,False,True,,,,1.0,Q19,
Q21,Ministral 3 14B,8,What percentage of Google's total Revenue came from the United States in fiscal year 2022?,48%.,"In fiscal year 2022, **48%** of Google's total revenue came from the United States. [1]",,1.4509129996877164,1.2719578328542411,0.25619583297520876,1.1944360418710858,3356,59,186.4318184205402,False,True,False,True,True,1.0,1.0,,,
Q21,Ministral 3 8B,8,What percentage of Google's total Revenue came from the United States in fiscal year 2022?,48%.,"In fiscal year 2022, 48% of Google's total revenue came from the United States. [1]",,1.5429325406439602,1.1965815827716142,0.25619583297520876,1.2864555828273296,3356,59,117.70930699290595,False,True,False,True,True,1.0,1.0,,,
Q22,Ministral 3 14B,8,What was the total value of Google's Marketable Securities at the end of fiscal year 2023?,"$86,868 million.","The total value of **marketable equity securities** (including those subject to long-term lock-up restrictions) was **$1.4 billion** as of December 31, 2023. [1][7] The total value of **marketable debt securities** (fair value) was **$28,578 million** (Level 2) and **$27,017 million** (Level 1) as of December 31, 2023, but gross unrealized losses were **$1,569 million** (Level 2) and **$1 million** (Level 1). [7] The sources do not provide a single aggregated figure for **all marketable securities** (equity + debt) at fair value, only separate categories.",,2.9738057078793645,1.1132078329101205,0.2553981249220669,2.718100082827732,3291,230,121.8919835609695,False,True,False,True,False,0.0,0.0,,,
Q22,Ministral 3 8B,8,What was the total value of Google's Marketable Securities at the end of fiscal year 2023?,"$86,868 million.","The total value of marketable equity securities was $6.0 billion as of December 31, 2023, while the value of marketable debt securities is not explicitly stated in the provided sources. [3] The long-term portion of marketable equity securities subject to lock-up restrictions was $1.4 billion as of December 31, 2023, but this is excluded from the $6.0 billion figure for current marketable equity securities. [1][7]",,2.7111263750120997,1.266143542015925,0.2553981249220669,2.455420749960467,3291,151,83.11753320031787,False,True,False,True,False,0.0,0.0,,,
Q23,Ministral 3 14B,8,What were the copyright and intellectual property risks associated with Google's AI products and services in fiscal year 2024?,"Copyright and related laws, including the EU Directive on Copyright in the Digital Single Market and European Economic Area transpositions, which have introduced new licensing regimes, increase liability with respect to content uploaded by users or linked to from our platforms, or create property rights in news publications that could require payments to news agencies and publishers, which may result in other regulatory actions.","Google’s AI products and services face risks of intellectual property infringement claims, including patent, copyright, trade secrets, and trademark violations, which could lead to lawsuits, monetary damages, or injunctions limiting product offerings. [1][2][3][7] The company may also encounter challenges from patent-holding entities seeking licensing agreements or royalties, particularly as AI technologies expand, increasing exposure to intellectual property disputes. [2][3] AI-related risks include potential violations of rights of publicity, defamation, and data privacy, which could result in legal liability, regulatory action, or reputational harm. [1][3][4] Google’s agreements with customers and partners may require defending against intellectual property claims or indemnifying them, adding financial and operational burdens if claims are successful. [7] The company’s intellectual property protections, such as patents and trademarks, may not be sufficient or enforceable in all jurisdictions, particularly for AI innovations, leaving some innovations vulnerable to challenges. [8]",,3.533561958000064,1.291120332898572,0.32548162480816245,3.20758799999021,2841,298,127.85003506602919,False,True,False,True,,,,0.2,,
Q23,Ministral 3 8B,8,What were the copyright and intellectual property risks associated with Google's AI products and services in fiscal year 2024?,"Copyright and related laws, including the EU Directive on Copyright in the Digital Single Market and European Economic Area transpositions, which have introduced new licensing regimes, increase liability with respect to content uploaded by users or linked to from our platforms, or create property rights in news publications that could require payments to news agencies and publishers, which may result in other regulatory actions.","The development and use of AI products and services may expose the company to risks of intellectual property infringement, including patent, copyright, trade secrets, and trademark violations, potentially leading to lawsuits, monetary damages, or injunctive relief that could limit product offerings or require costly licensing agreements. [2][3][4][7][8] AI-related efforts could also face legal challenges under evolving AI-specific legislation, new applications of existing intellectual property laws, or regulatory scrutiny, increasing the risk of legal liability and reputational harm. [1][3][4] The company may be required to defend against intellectual property infringement claims under agreements with customers and partners, potentially incurring significant legal costs or damages if claims are successful, which could disrupt business operations or revenue streams. [2][7] Insufficient or ineffective protection of intellectual property rights—such as patents, trademarks, or copyrights—could diminish the value of AI-driven products, reduce competitive advantage, or lead to unauthorized use or reverse engineering in certain regions. [8]",,4.9547637910582125,1.3880720408633351,0.32548162480816245,4.628789833048359,2841,292,76.62253129753277,False,True,False,True,,,,0.3,,
Q24,Ministral 3 14B,8,What was Google's total cost of revenues in fiscal year 2025?,"$162,535 million.",Google's total cost of revenues in fiscal year 2025 was **$162.5 billion**. [1][7][8],,1.995050000026822,1.7215756250079721,0.2867898750118911,1.7079656249843538,3540,66,112.88239728841283,False,True,False,True,True,0.0,1.0,,,
Q24,Ministral 3 8B,8,What was Google's total cost of revenues in fiscal year 2025?,"$162,535 million.",The total cost of revenues in fiscal year 2025 was $162.5 billion. [1][6][7][8],,1.9096293749753386,1.132417666958645,0.2867898750118911,1.6225449999328703,3540,66,67.21940771639393,False,True,False,True,True,0.0,1.0,,,
Q25,Ministral 3 14B,8,What products did Meta offer under its Family of Apps segment in fiscal year 2021?,"Facebook, Instagram, Messenger, and WhatsApp.","Meta offered Facebook, Instagram, Messenger, and WhatsApp under its Family of Apps segment in fiscal year 2021. [1][5]",,1.4822532921098173,1.1528891671914607,0.2630559168756008,1.218770792009309,2850,65,174.03886744817893,False,True,False,True,,,,1.0,,
Q25,Ministral 3 8B,8,What products did Meta offer under its Family of Apps segment in fiscal year 2021?,"Facebook, Instagram, Messenger, and WhatsApp.","Meta offered Facebook, Instagram, Messenger, and WhatsApp under its Family of Apps segment in fiscal year 2021. [1][5]",,1.9350183750502765,1.4301404170691967,0.2630559168756008,1.6715358749497682,2850,65,66.06824369228363,False,True,False,True,,,,1.0,,
Q26,Ministral 3 14B,8,What was Meta's total liabilities at the end of fiscal year 2022?,"$60,014 million.",The filings do not answer this question.,,1.3508285840507597,1.2709882089402527,0.254479292081669,1.096018125070259,2922,13,30.433124814904513,True,True,False,True,False,0.0,0.0,,,
Q26,Ministral 3 8B,8,What was Meta's total liabilities at the end of fiscal year 2022?,"$60,014 million.",The filings do not answer this question.,,1.0061906669288874,0.9099725419655442,0.254479292081669,0.7513802079483867,2922,16,112.26809624250606,True,True,False,True,False,0.0,0.0,,,
Q27,Ministral 3 14B,8,How did Meta's ad impressions and average price per ad change year over year in fiscal year 2023?,"Ad impressions delivered across the Family of Apps increased 28%, and the average price per ad decreased 9%.",Ad impressions delivered across Meta’s Family of Apps increased by **28%** year-over-year in 2023. [1][2][3][4] The average price per ad decreased by **9%** year-over-year in 2023. [1][2][3][4],,1.931392665952444,1.1705658331047744,0.281272416934371,1.6497888329904526,3122,115,121.98998013093677,False,True,False,True,True,1.0,1.0,,,
Q27,Ministral 3 8B,8,How did Meta's ad impressions and average price per ad change year over year in fiscal year 2023?,"Ad impressions delivered across the Family of Apps increased 28%, and the average price per ad decreased 9%.","Ad impressions delivered across Meta's Family of Apps increased by 28% year-over-year in 2023. [1][3][4] The average price per ad decreased by 9% year-over-year in 2023, driven by an increase in the number of ads delivered, especially in lower-margin geographies and products like Reels. [1][2][3]",,2.406862499890849,1.2689123330637813,0.281272416934371,2.1252586669288576,3122,133,97.74370956715352,False,True,False,True,True,1.0,1.0,,,
Q28,Ministral 3 14B,8,What risks did Meta identify as arising from its generative AI efforts in fiscal year 2024?,"Harmful or illegal content, accuracy, misinformation and deepfakes (including related to elections), bias, discrimination, toxicity, consumer protection, intellectual property infringement or misappropriation, defamation, data privacy, cybersecurity, and sanctions and export controls.","Meta identified risks related to harmful or illegal content, accuracy, misinformation, deepfakes (including election-related), bias, discrimination, toxicity, consumer protection, intellectual property infringement, defamation, data privacy, cybersecurity, and sanctions/export controls from its generative AI efforts. [1] The company faces uncertainty over how laws on online services, intermediary liability, and AI-generated content may apply, potentially leading to legal scrutiny, litigation, or liability. [1] Generative AI initiatives may lead to increased governmental or regulatory scrutiny, ethical concerns, negative consumer perceptions, or threats to user safety, which could harm business, reputation, or financial results. [1][4] Meta cannot guarantee third-party misuse of its open-sourced AI technologies, including for illegal, harmful, or discriminatory purposes, which could adversely affect its business or expose it to legal liability. [6] Uncertainty in laws and regulations around AI, including data restrictions, may hinder Meta’s ability to develop or use AI effectively. [6] If generative AI investments fail to deliver long-term benefits, Meta’s business and financial performance could be harmed. [4]",,4.462773708859459,1.3388787088915706,0.3498635001014918,4.112469749990851,2888,339,105.24532425996782,False,True,False,True,,,,0.9375,,
Q28,Ministral 3 8B,8,What risks did Meta identify as arising from its generative AI efforts in fiscal year 2024?,"Harmful or illegal content, accuracy, misinformation and deepfakes (including related to elections), bias, discrimination, toxicity, consumer protection, intellectual property infringement or misappropriation, defamation, data privacy, cybersecurity, and sanctions and export controls.","Meta identified risks related to harmful or illegal content, accuracy, misinformation, deepfakes, bias, discrimination, toxicity, consumer protection, intellectual property infringement, defamation, data privacy, cybersecurity, and sanctions and export controls from its generative AI efforts. [1] The company also highlighted the uncertainty of how various laws related to online services, intermediary liability, and AI-generated content may apply, potentially leading to regulatory scrutiny, litigation, or legal liability. [1] Meta noted that its AI initiatives may not succeed, which could adversely affect its business, reputation, or financial results. [4] The company acknowledged that third parties using its open-source or licensed AI technologies might misuse them for illegal, inaccurate, defamatory, or harmful purposes, posing risks to Meta’s business, reputation, or financial results. [6] Additionally, Meta emphasized that it may not have control over how third parties use its AI technologies, making it difficult to prevent improper use or mitigate associated risks. [6]",,5.469273375812918,1.5691552928183228,0.3498635001014918,5.11896941694431,2888,292,69.06066527277694,False,True,False,True,,,,0.875,,
Q29,Ministral 3 14B,8,What was Meta's total assets at the end of fiscal year 2025?,"$366,021 million.",The filings do not answer this question.,,1.6017637092154473,1.535417792154476,0.26175429089926183,1.3387616251129657,3156,13,120.15634170578667,True,True,False,True,False,0.0,0.0,,,
Q29,Ministral 3 8B,8,What was Meta's total assets at the end of fiscal year 2025?,"$366,021 million.",The filings do not answer this question.,,1.2649867092259228,1.1242795002181083,0.26175429089926183,1.0019846251234412,3156,16,66.02751780018679,True,True,False,True,False,0.0,0.0,,,
Q30,Ministral 3 14B,8,"How much did Meta hold in total assets as of December 31, 2025?","$366,021 million.",The filings do not answer this question.,,1.305410334141925,1.2351657091639936,0.16059008287265897,1.144541084067896,3054,13,45.23010810488047,True,True,False,True,False,0.0,0.0,,Q29,
Q30,Ministral 3 8B,8,"How much did Meta hold in total assets as of December 31, 2025?","$366,021 million.",The filings do not answer this question.,,1.1079456659499556,0.9845736250281334,0.16059008287265897,0.9470764158759266,3054,16,78.0999741082749,True,True,False,True,False,0.0,0.0,,Q29,
Q31,Ministral 3 14B,8,What electronic devices did Amazon manufacture and sell in fiscal year 2021?,"Kindle, Fire tablet, Fire TV, Echo, and Ring.","In fiscal year 2021, Amazon manufactured and sold electronic devices including Kindle, Fire tablet, Fire TV, Echo, and Ring. [1][2][6]",,1.5413836259394884,1.12842129310593,0.27974983304739,1.2611539168283343,3174,71,122.36975054742928,False,True,False,True,,,,1.0,,
Q31,Ministral 3 8B,8,What electronic devices did Amazon manufacture and sell in fiscal year 2021?,"Kindle, Fire tablet, Fire TV, Echo, and Ring.","In fiscal year 2021, Amazon manufactured and sold electronic devices including Kindle, Fire tablet, Fire TV, Echo, and Ring. [1][2]",,1.965060125105083,1.213011167012155,0.27974983304739,1.684830415993929,3174,68,67.79317434590818,False,True,False,True,,,,1.0,,
Q32,Ministral 3 14B,8,What factors did Amazon identify as creating significant inventory risk in fiscal year 2022?,"Seasonality, new product launches, rapid changes in product cycles and pricing, defective merchandise, changes in customer demand and consumer spending patterns, changes in consumer tastes, and spoilage.","Seasonality, new product launches, rapid changes in product cycles and pricing, defective merchandise, shifts in customer demand and consumer spending patterns, changes in consumer tastes, and spoilage were identified as significant inventory risks. [1] Difficulty in accurately predicting demand trends and avoiding overstocking or understocking products, particularly for new products, was highlighted as a risk. [1] Long lead times and non-returnable prepayments for certain inventory or components were noted as contributing to inventory risk. [1] Inventory risks are magnified during periods of high demand, such as holiday sales. [3] Inventory management risks are heightened when handling inventory for third-party sellers, including challenges in forecasting demand and securing storage space. [4] Uncertainty in future disposition of inventory, including potential write-downs, was mentioned as a risk factor affecting inventory valuation. [6]",,3.5629318738356233,1.1163662909530103,0.24440629221498966,3.318117707967758,2694,279,103.68198482039347,False,True,False,True,,,,1.0,,
Q32,Ministral 3 8B,8,What factors did Amazon identify as creating significant inventory risk in fiscal year 2022?,"Seasonality, new product launches, rapid changes in product cycles and pricing, defective merchandise, changes in customer demand and consumer spending patterns, changes in consumer tastes, and spoilage.","Amazon identified significant inventory risk due to seasonality, new product launches, rapid changes in product cycles and pricing, defective merchandise, changes in customer demand and consumer spending patterns, changes in consumer tastes, spoilage, and difficulties in accurately predicting trends to avoid overstocking or understocking products. [1] The risk is magnified during periods of high demand, such as holiday sales, which can strain inventory optimization and fulfillment network operations. [3] Inventory risks are further complicated by the need to manage inventory on behalf of third-party sellers, which may lead to challenges in forecasting demand, securing storage space, or optimizing fulfillment networks. [4] Uncertainty in future disposition of inventory may lead to material write-downs, with a sensitivity analysis indicating that a 1% increase in valuation allowance could result in an additional cost of sales of approximately $390 million as of December 31, 2022. [6]",,3.0427515408955514,1.0396531249862164,0.24440629221498966,2.7979373750276864,2694,265,122.73230126099597,False,True,False,True,,,,1.0,,
Q33,Ministral 3 14B,8,What was Amazon's total stockholders' equity at the end of fiscal year 2023?,"$201,875 million.","Amazon's total stockholders' equity at the end of fiscal year 2023 was **$201,875 million** (in millions). [3][4]",,1.8363300831988454,1.3793150421697646,0.22148266690783203,1.6144630832131952,3018,73,105.76667434294302,False,True,False,True,True,1.0,1.0,,,
Q33,Ministral 3 8B,8,What was Amazon's total stockholders' equity at the end of fiscal year 2023?,"$201,875 million.","Amazon's total stockholders' equity at the end of fiscal year 2023 was $201,875 million. [3]",,1.342584874946624,0.9699882918503135,0.22148266690783203,1.1207178749609739,3018,64,133.14259962272646,False,True,False,True,True,1.0,1.0,,,
Q34,Ministral 3 14B,8,What was Amazon's AWS segment operating income in fiscal year 2024?,"$39,834 million.",Amazon's AWS segment operating income for fiscal year 2024 was **$39.8 billion**. [7],,1.6805054161231965,1.2842232501134276,0.25609079096466303,1.4241305410396308,3249,59,103.01749593232378,False,True,False,True,True,0.0,1.0,,,
Q34,Ministral 3 8B,8,What was Amazon's AWS segment operating income in fiscal year 2024?,"$39,834 million.",The AWS segment operating income for fiscal year 2024 was $39.834 billion. [7],,1.3479569582268596,1.0857705001253635,0.25609079096466303,1.0915820831432939,3249,58,141.02890521770834,False,True,False,True,True,0.0,1.0,,,
Q35,Ministral 3 14B,8,What was Amazon's total net sales in fiscal year 2025?,"$716,924 million.",The filings do not answer this question.,,1.1741202510893345,1.1224947089795023,0.24271145812235773,0.9310782090760767,3251,13,243.42156908004688,True,True,False,True,False,0.0,0.0,,,
Q35,Ministral 3 8B,8,What was Amazon's total net sales in fiscal year 2025?,"$716,924 million.","Net sales increased 12% in 2025, compared to the prior year, with changes in foreign exchange rates increasing net sales by $4.4 billion in 2025. [2] The consolidated net sales growth of 12% in 2025 is also confirmed in the year-over-year percentage growth data for the same period. [2][5]",,1.9842026671394706,1.0849287919700146,0.24271145812235773,1.7411606251262128,3251,129,123.84060425678881,False,True,False,True,False,0.0,0.0,,,
Q36,Ministral 3 14B,8,How much did Amazon generate in net sales during fiscal year 2025?,"$716,924 million.",The filings do not answer this question.,,0.883911999873817,0.7881543328985572,0.08230100013315678,0.8013437918853015,3229,13,104.57695107384359,True,True,False,True,False,0.0,0.0,,Q35,
Q36,Ministral 3 8B,8,How much did Amazon generate in net sales during fiscal year 2025?,"$716,924 million.","Amazon generated consolidated net sales of 12% higher than the prior year in 2025, with total net sales growth of 11% year-over-year. [1][5] Net sales increased by $4.4 billion due to changes in foreign exchange rates in 2025. [1] North America net sales increased by 10% in 2025, while International net sales increased by 13% in the same period. [1][3] AWS net sales grew by 20% in 2025 compared to the prior year. [1][3][5]",,3.179748374968767,0.930612999945879,0.08230100013315678,3.0971801669802517,3229,210,86.40048777365173,False,True,False,True,False,0.0,0.0,,Q35,
Q37,Ministral 3 14B,8,"What was the aggregate amount of Oracle's outstanding indebtedness in fiscal year 2021, and over what period was it scheduled to mature?","$84.2 billion as of May 31, 2021, maturing between calendar year 2021 and calendar year 2061.","As of May 31, 2021, Oracle’s aggregate outstanding indebtedness was **$84.2 billion**. [4] This indebtedness was scheduled to mature between **calendar year 2021 and calendar year 2061**. [4]",,2.381127333967015,1.4945792087819427,0.2865924588404596,2.0939843750093132,3295,107,82.32253410835762,False,True,False,True,True,1.0,1.0,,,
Q37,Ministral 3 8B,8,"What was the aggregate amount of Oracle's outstanding indebtedness in fiscal year 2021, and over what period was it scheduled to mature?","$84.2 billion as of May 31, 2021, maturing between calendar year 2021 and calendar year 2061.","As of May 31, 2021, Oracle had an aggregate of $84.2 billion of outstanding indebtedness. [4] This indebtedness was scheduled to mature between calendar year 2021 and calendar year 2061. [4] Additionally, the total of senior notes and other borrowings was $89 million (with $61 million maturing thereafter) as of May 31, 2021, though this figure appears to be a partial breakdown and not the full aggregate indebtedness. [1]",,2.835770000005141,1.4284081670921296,0.2865924588404596,2.548627041047439,3295,178,101.5845815869531,False,True,False,True,True,1.0,1.0,,,
Q38,Ministral 3 14B,8,What was Oracle's revenue from cloud services and license support in fiscal year 2022?,"$30,174 million.","Oracle’s cloud services and license support revenues represented **71% of total revenues** in fiscal 2022, with total revenues increasing to **$49.57 billion** (not explicitly stated but implied by context and other figures). [4][5][6] Cloud services revenues alone were **$10.8 billion** in fiscal 2022, but the total for **cloud services and license support combined** is not explicitly broken down in the sources. [4] The sources do not provide a single explicit figure for the **combined revenue of cloud services and license support** in fiscal 2022, only their proportions and individual components. [1][2][3][4][5][6]",,4.436784083023667,2.240011499961838,0.2654243749566376,4.171059458050877,2837,222,91.48608167439842,False,True,False,False,False,0.0,0.0,,,
Q38,Ministral 3 8B,8,What was Oracle's revenue from cloud services and license support in fiscal year 2022?,"$30,174 million.","Oracle's cloud services and license support revenues were $10.8 billion in fiscal 2022, up from $8.9 billion in fiscal 2021. [4] Cloud services and license support revenues represented 71% of total revenues in fiscal 2022, with infrastructure cloud services and license support accounting for 58% of total cloud services and license support revenues. [6][7]",,6.4392858748324215,1.2873976668342948,0.2654243749566376,6.173561249859631,2837,138,26.02684120580636,False,True,False,False,False,0.0,0.0,,,
Q39,Ministral 3 14B,8,What were the three businesses Oracle operated in fiscal year 2023?,"Cloud and license, hardware, and services.","The three businesses Oracle operated in fiscal year 2023 were **cloud and license**, **hardware**, and **services**. [1][2][3][5][7]",,1.827392416074872,1.227774083148688,0.24386416608467698,1.5831807078793645,3199,75,91.31354073901662,False,True,False,True,,,,1.0,,
Q39,Ministral 3 8B,8,What were the three businesses Oracle operated in fiscal year 2023?,"Cloud and license, hardware, and services.","Oracle operated three businesses in fiscal year 2023: cloud and license, hardware, and services. [1][2][3][7]",,2.180124375037849,1.3880928750149906,0.24386416608467698,1.9359126668423414,3199,67,59.19223797133014,False,True,False,True,,,,1.0,,
Q40,Ministral 3 14B,8,What were Oracle's total revenues in fiscal year 2024?,"$52,961 million.",The filings do not answer this question.,,1.33057004166767,1.1145684167277068,0.21446304209530354,1.1158522497862577,2538,13,42.7189634472733,True,True,False,True,False,0.0,0.0,,,
Q40,Ministral 3 8B,8,What were Oracle's total revenues in fiscal year 2024?,"$52,961 million.",The filings do not answer this question.,,0.894694791873917,0.8337533748708665,0.21446304209530354,0.6799769999925047,2538,16,248.01603431540178,True,True,False,True,False,0.0,0.0,,,
Q41,Ministral 3 14B,8,What was Oracle's net income in fiscal year 2025?,"$12,443 million.","Oracle's net income in fiscal year 2025 was **$12,443 million**. [8]",,1.7257683330681175,1.1594634160865098,0.2220083330757916,1.5035078751388937,3247,60,90.87598766266238,False,True,False,False,True,1.0,1.0,,,
Q41,Ministral 3 8B,8,What was Oracle's net income in fiscal year 2025?,"$12,443 million.","Oracle's net income in fiscal year 2025 was $12,443 million. [8]",,1.8047809577547014,1.4860434997826815,0.2220083330757916,1.5825204998254776,3247,58,86.99182282791487,False,True,False,False,True,1.0,1.0,,,
Q42,Ministral 3 14B,8,How much did Oracle earn in net income during fiscal year 2025?,"$12,443 million.","Oracle earned **$12,443 million** in net income during fiscal year 2025. [7]",,1.4539673749823123,1.3707543751224875,0.07727137510664761,1.3764470419846475,3222,60,428.68038425618596,False,True,False,False,True,1.0,1.0,,Q41,
Q42,Ministral 3 8B,8,How much did Oracle earn in net income during fiscal year 2025?,"$12,443 million.","Oracle earned $12,443 million in net income during fiscal year 2025. [7]",,1.414813542040065,1.0188635420054197,0.07727137510664761,1.3372932090424001,3222,58,96.53802974028274,False,True,False,False,True,1.0,1.0,,Q41,
Q43,Ministral 3 14B,8,What service offerings made up Salesforce's Customer 360 platform in fiscal year 2021?,"Sales, Service, Marketing, Commerce, Experience, and Platform and Other.","The Customer 360 platform in fiscal year 2021 included **Sales**, which empowers sales teams to manage and automate their sales processes, including lead tracking, forecasting, analytics, and contract delivery. [1] **Service** enabled companies to deliver personalized customer service and support at scale, including omnichannel engagement, field service solutions, and AI-driven issue resolution like chatbots. [1] **Marketing** allowed companies to plan, personalize, and optimize customer marketing journeys across email, mobile, social, and web channels, integrating with Sales and Service for a unified customer view. [5] **Commerce** unified customer experiences across mobile, web, social, and in-store channels, driving engagement, conversion, loyalty, and revenue through personalized shopping experiences. [5] **Experience** (formerly Community) enabled companies to create and manage branded digital destinations for customers, partners, and employees, fostering engagement and collaboration. [5] The platform also included **Platform and Other** offerings, though specifics were not detailed in the provided sources. [4][5] These offerings were designed to work together as part of the Customer 360 platform, providing a single source of truth for customer data and enabling digital transformation. [1][2][4][5]",,5.174974250141531,1.662617042195052,0.21866654185578227,4.9558538750279695,2810,379,103.11699222686613,False,True,False,True,,,,1.0,,
Q43,Ministral 3 8B,8,What service offerings made up Salesforce's Customer 360 platform in fiscal year 2021?,"Sales, Service, Marketing, Commerce, Experience, and Platform and Other.","The Customer 360 platform included Sales, Service, Digital 360 (Marketing and Commerce), and Experience (formerly Community) service offerings. [1][4][5] Digital 360: Marketing and Commerce specifically included Marketing, Commerce, and Experience (formerly Community) offerings. [1][5]",,2.013530540978536,1.1101194580551237,0.21866654185578227,1.7944101658649743,2810,116,108.73573269517966,False,True,False,True,,,,1.0,,
Q44,Ministral 3 14B,8,"What was Salesforce's subscription and support revenue in fiscal year 2022, and what share of total revenues did it represent?","$24,657 million, 93% of total revenues.","Salesforce's subscription and support revenue for fiscal year 2022 was **$24,657 million**. [7] Subscription and support revenues accounted for approximately **93%** of total revenues for fiscal 2022. [1][2][7]",,2.068476082989946,1.119821332860738,0.2852940000593662,1.782798832980916,3022,107,96.10060564482086,False,True,False,True,True,1.0,1.0,,,
Q44,Ministral 3 8B,8,"What was Salesforce's subscription and support revenue in fiscal year 2022, and what share of total revenues did it represent?","$24,657 million, 93% of total revenues.","Salesforce's subscription and support revenue in fiscal year 2022 was $24,657 million. [7] Subscription and support revenues accounted for approximately 93 percent of total revenues for fiscal 2022. [1][2][5]",,2.0908539998345077,1.1952637499198318,0.2852940000593662,1.8051767498254776,3022,105,98.5711101064044,False,True,False,True,True,1.0,1.0,,,
Q45,Ministral 3 14B,8,What was the total value of Salesforce's Goodwill at the end of fiscal year 2023?,"$48,568 million.",The filings do not answer this question.,,1.1056703340727836,1.0959793762303889,0.27196912514045835,0.8333776670042425,3580,13,15.599170117830647,True,True,False,True,False,0.0,0.0,,,
Q45,Ministral 3 8B,8,What was the total value of Salesforce's Goodwill at the end of fiscal year 2023?,"$48,568 million.",The filings do not answer this question.,,1.1681755420286208,1.0737754590809345,0.27196912514045835,0.8958828749600798,3580,16,106.7337908287214,True,True,False,True,False,0.0,0.0,,,
Q46,Ministral 3 14B,8,What were the known risks of generative AI that Salesforce identified in fiscal year 2024?,"Accuracy, bias, toxicity, privacy and security, and data provenance.","Known risks of generative AI include inaccuracies, bias, toxicity, privacy and security concerns, and issues with data provenance. [1] Generative AI may produce content that appears correct but is factually flawed or contains copyrighted material, potentially exposing Salesforce to reputational, competitive, or legal harm if customers or others are harmed by its use. [1] The development, testing, and deployment of AI systems may increase computing costs, impacting profit margins if these expenses are not mitigated effectively. [1][2] Ethical issues, such as human rights, privacy, and employment concerns, may arise from AI and Customer 360 solutions, leading to regulatory scrutiny, reputational harm, or legal liability. [2] Generative AI content creation introduces additional risks, including the need for costly investments in proprietary datasets, machine learning models, and testing for accuracy, bias, and other variables. [2] AI technologies may be exploited by threat actors to create sophisticated cyberattacks, increasing the risk of material security breaches or disruptions to services. [3][5] Regulatory frameworks governing AI, particularly generative AI, are evolving globally, and non-compliance could adversely impact Salesforce’s business. [4]",,5.713161790976301,2.1124392908532172,0.2584506249986589,5.454310500063002,3066,369,90.00471793813333,False,True,False,True,,,,1.0,,
Q46,Ministral 3 8B,8,What were the known risks of generative AI that Salesforce identified in fiscal year 2024?,"Accuracy, bias, toxicity, privacy and security, and data provenance.","Known risks of generative AI include potential inaccuracies, bias, toxicity, privacy and security issues, and data provenance concerns, which could lead to brand or reputational harm, competitive harm, and/or legal liability if flawed content harms users. [1] The development, testing, and deployment of AI systems may increase costs due to computing expenses, potentially harming the company’s reputation, business, operating results, and financial condition if risks are not mitigated. [1] Ethical issues and controversies related to AI, such as human rights, privacy, employment, or social impacts, could lead to increased regulatory scrutiny, reputational harm, competitive harm, or legal liability. [2] Uncertainty around generative AI content creation requires additional investment in licensing proprietary datasets, developing machine learning models, and testing for accuracy, bias, and other variables, which may impact profit margins. [2] Rapidly evolving AI technologies may enable threat actors to create sophisticated, automated, and coordinated cyberattacks, increasing the risk of material security breaches as the company’s market presence grows. [3] Failure to comply with evolving data and consumer protection laws related to AI, particularly generative AI, could have an adverse impact on the company’s business. [4] The use of AI in offerings raises social and ethical concerns, including potential controversies related to AI capabilities and ESG aspirations, which could affect reputation and performance. [7][8]",,7.198323332937434,1.6572367078624666,0.2584506249986589,6.939472042024136,3066,410,65.34807315138654,False,True,False,True,,,,1.0,,
Q47,Ministral 3 14B,8,What percentage of Salesforce's total revenue came from the Americas in fiscal year 2025?,66%.,"In fiscal year 2025, 66% of Salesforce's total revenue came from the Americas. [4]",,1.2923372911754996,0.9950209162198007,0.22739083296619356,1.0646416251547635,3309,51,139.97981266442326,False,True,False,True,True,1.0,1.0,,,
Q47,Ministral 3 8B,8,What percentage of Salesforce's total revenue came from the Americas in fiscal year 2025?,66%.,"In fiscal year 2025, 66 percent of Salesforce's total revenue came from the Americas. [4]",,1.5979375410825014,1.5342802500817925,0.22739083296619356,1.3702418750617653,3309,59,91.01871544558229,False,True,False,True,True,1.0,1.0,,,
Q48,Ministral 3 14B,8,What was the Americas' contribution as a percentage of Salesforce's total revenue for fiscal year 2025?,66%.,The Americas contributed **66%** of Salesforce's total revenue for fiscal year 2025. [4],,1.2810184587724507,0.9724256668705493,0.11479454208165407,1.1658915418665856,3344,57,148.82268528076193,False,True,False,True,True,1.0,1.0,,Q47,
Q48,Ministral 3 8B,8,What was the Americas' contribution as a percentage of Salesforce's total revenue for fiscal year 2025?,66%.,The Americas contributed 66% of Salesforce's total revenue for fiscal year 2025. [4],,1.455185999860987,1.2177939580287784,0.11479454208165407,1.340059082955122,3344,57,159.97331894858291,False,True,False,True,True,1.0,1.0,,Q47,
