qid,model,question,expected,answer,manual_correct,end_to_end_s,first_words_s,retrieval_s,generation_s,output_tokens,output_tokens_per_s,abstained,valid_json,truncated,section_hit,figure_in_passages,figure_found,figure_found_rounded,terms_mentioned,paraphrase_of,error
Q01,Voxtral Small 24B,What types of services did Apple offer in fiscal year 2021?,"Advertising, AppleCare, Cloud Services, Digital Content, Payment Services.","Apple offered advertising services, including various third-party licensing arrangements and its own advertising platforms. [3] The company provided AppleCare, a portfolio of fee-based service and support products offering priority access to technical support and repair services. [3] Apple's cloud services stored and kept customers' content up-to-date and available across multiple devices. [3] Digital content services included platforms like the App Store for discovering and downloading applications and digital content such as books, music, video, games, and podcasts. [3][5] Subscription-based services offered by Apple included Apple Arcade for games, Apple Music for curated listening experiences, Apple News+ for news and magazines, and Apple TV+ for exclusive original content. [3][5] Apple Fitness+, a personalized fitness service, was also released during 2021. [3][5] Payment services included Apple Card, a co-branded credit card, and Apple Pay, a cashless payment service. [5]",,2.617527299997164,1.0477550999930827,0.3071008000115398,2.2991469999979017,268,162.68822131718633,False,True,False,True,,,,1.0,,
Q01,Codestral 25.08,What types of services did Apple offer in fiscal year 2021?,"Advertising, AppleCare, Cloud Services, Digital Content, Payment Services.","Apple offered advertising services, AppleCare, cloud services, digital content, payment services, and other services in fiscal year 2021. [3][5]",,1.7572293000121135,1.7361495000077412,0.3071008000115398,1.438849000012851,56,141.60452082048042,False,True,False,True,,,,1.0,,
Q02,Voxtral Small 24B,What services did Apple provide during fiscal year 2021?,"Advertising, AppleCare, Cloud Services, Digital Content, Payment Services.","Apple provided advertising, AppleCare, cloud, digital content, and payment services during fiscal year 2021. [2][4]",,1.393543400001363,1.189435099993716,0.2897669000085443,1.1026374000066426,51,178.91698391756077,False,True,False,True,,,,1.0,Q01,
Q02,Codestral 25.08,What services did Apple provide during fiscal year 2021?,"Advertising, AppleCare, Cloud Services, Digital Content, Payment Services.","Apple provided advertising services, AppleCare, cloud services, digital content, payment services, and other services. [2][4] Apple also offered subscription-based services including Apple Arcade, Apple Music, Apple News+, Apple TV+, and Apple Fitness+. [2] Apple's services included advertising, AppleCare, cloud services, digital content, payment services, and other services. [4]",,1.9039528999855972,1.1407099999923958,0.2897669000085443,1.6130468999908771,116,143.49243262908016,False,True,False,True,,,,1.0,Q01,
Q03,Voxtral Small 24B,What was Apple's total value of Accounts Payable at the end of fiscal year 2022?,"$64,115 million.","Apple's total value of Accounts Payable at the end of fiscal year 2022 was $101,700 million. [7]",,2.1937033999856794,1.139494599978207,0.3952227999980096,1.7973197999963304,54,49.70102074807909,False,True,False,True,False,0.0,0.0,,,
Q03,Codestral 25.08,What was Apple's total value of Accounts Payable at the end of fiscal year 2022?,"$64,115 million.","Apple's total value of Accounts Payable at the end of fiscal year 2022 was $1,111 million. [7]",,5.080927499991958,4.845062799984589,0.3952227999980096,4.684543900002609,52,165.7252199380176,False,True,False,True,False,0.0,0.0,,,
Q04,Voxtral Small 24B,What was Apple's iPhone net sales in fiscal year 2023?,"$200,583 million.","Apple's iPhone net sales in fiscal year 2023 were $200,583 million. [5]",,1.3562171999947168,1.1040327999944566,0.321429799994803,1.0338626000011573,49,148.52341956502912,False,True,False,True,True,1.0,1.0,,,
Q04,Codestral 25.08,What was Apple's iPhone net sales in fiscal year 2023?,"$200,583 million.","iPhone net sales were $200,583 million during fiscal year 2023. [5]",,1.2514856999914628,1.0817232999979751,0.321429799994803,0.9291310999979032,47,190.00600742513075,False,True,False,True,True,1.0,1.0,,,
Q05,Voxtral Small 24B,What were the adverse macroeconomic conditions that could negatively impact Apple's demand for its products and services in fiscal year 2024?,"Slow growth or recession, high unemployment, inflation, tighter credit, higher interest rates, and currency fluctuations.","Adverse macroeconomic conditions, including slow growth or recession, high unemployment, inflation, tighter credit, higher interest rates, and currency fluctuations, can adversely impact consumer confidence and spending and materially adversely affect demand for Apple's products and services. [2]",,2.13337149999279,1.765739599999506,0.4666652000014437,1.6653576999960933,72,158.03575603147576,False,True,False,True,,,,1.0,,
Q05,Codestral 25.08,What were the adverse macroeconomic conditions that could negatively impact Apple's demand for its products and services in fiscal year 2024?,"Slow growth or recession, high unemployment, inflation, tighter credit, higher interest rates, and currency fluctuations.","Adverse macroeconomic conditions, including slow growth or recession, high unemployment, inflation, tighter credit, higher interest rates, and currency fluctuations, can adversely impact consumer confidence and spending and materially adversely affect demand for the Company’s products and services. [2] The Company’s financial performance is subject to risks associated with changes in the value of the U.S. dollar relative to local currencies. [3] The weakness in the renminbi relative to the U.S. dollar had an unfavorable year-over-year impact on Greater China net sales during 2024. [7] The weakness in the yen relative to the U.S. dollar had an unfavorable year-over-year impact on Japan net sales during 2024. [7] The weakness in foreign currencies relative to the U.S. dollar had a net unfavorable year-over-year impact on Rest of Asia Pacific net sales during 2024. [7]",,3.247574100008933,1.7541408000106458,0.4666652000014437,2.7795603000122355,240,130.11766323394235,False,True,False,True,,,,1.0,,
Q06,Voxtral Small 24B,What was Apple's Inventories value at the end of fiscal year 2025?,"$5,718 million.",The filings do not answer this question.,,1.5488309999927878,1.1919777000002796,0.3863312999892514,1.161491899998509,13,34.340768197448035,True,True,False,True,False,0.0,0.0,,,
Q06,Codestral 25.08,What was Apple's Inventories value at the end of fiscal year 2025?,"$5,718 million.",The filings do not answer this question.,,1.6701547999982722,1.6653312999987977,0.3863312999892514,1.2828157000039937,13,39.61656045404012,True,True,False,True,False,0.0,0.0,,,
Q07,Voxtral Small 24B,Who were the Executive Vice President of Microsoft in fiscal year 2021?,"Judson Althoff, Christopher C. Capossela, Kathleen T. Hogan, Amy E. Hood, Christopher D. Young.","Satya Nadella was the Chairman of the Board and Chief Executive Officer. [1][2][3] Judson Althoff was the Executive Vice President and Chief Commercial Officer. [1][3] Christopher C. Capossela was the Executive Vice President, Marketing and Consumer Business, and Chief Marketing Officer. [2][3] Kathleen T. Hogan was the Executive Vice President, Human Resources. [2][3] Amy E. Hood was the Executive Vice President, Chief Financial Officer. [1][3] Bradford L. Smith was the President and Chief Legal Officer. [1][3] Christopher D. Young was the Executive Vice President, Business Development, Strategy, and Ventures. [1][3]",,2.2882096999819623,1.0997039999929257,0.3327956000139238,1.9543968999932984,227,189.650354092076,False,True,False,True,,,,1.0,,
Q07,Codestral 25.08,Who were the Executive Vice President of Microsoft in fiscal year 2021?,"Judson Althoff, Christopher C. Capossela, Kathleen T. Hogan, Amy E. Hood, Christopher D. Young.","Satya Nadella was the Chairman of the Board and Chief Executive Officer. [1][3] Judson Althoff was the Executive Vice President and Chief Commercial Officer. [1][3] Christopher C. Capossela was the Executive Vice President, Marketing and Consumer Business, and Chief Marketing Officer. [1][2][3] Kathleen T. Hogan was the Executive Vice President, Human Resources. [1][2][3] Amy E. Hood was the Executive Vice President and Chief Financial Officer. [1][2][3] Christopher D. Young was the Executive Vice President, Business Development, Strategy, and Ventures. [1][3]",,2.9516185999964364,1.1186048999952618,0.3327956000139238,2.6178058000077726,206,109.81077737311584,False,True,False,True,,,,1.0,,
Q08,Voxtral Small 24B,Which executives held the title of Executive Vice President at Microsoft in fiscal year 2021?,"Judson Althoff, Christopher C. Capossela, Kathleen T. Hogan, Amy E. Hood, Christopher D. Young.","Satya Nadella held the title of Executive Vice President, Cloud and Enterprise from July 2013 until February 2014. [1] Judson Althoff held the title of Executive Vice President, Worldwide Commercial Business from July 2017 until July 2021. [1] Christopher C. Capossela held the title of Executive Vice President, Chief Marketing Officer from March 2014 until July 2016. [2] Kathleen T. Hogan held the title of Executive Vice President, Human Resources from November 2014 onwards. [2] Amy E. Hood held the title of Executive Vice President, Chief Financial Officer from July 2013 onwards. [2] Bradford L. Smith held the title of Executive Vice President, General Counsel, and Secretary from 2011 to 2015. [3] Christopher D. Young joined Microsoft in November 2020 as Executive Vice President, Business Development, Strategy, and Ventures. [3]",,3.406057100000908,1.560196000005817,0.3635771999979624,3.0413351000024704,290,127.9496587799609,False,True,False,True,,,,1.0,Q07,
Q08,Codestral 25.08,Which executives held the title of Executive Vice President at Microsoft in fiscal year 2021?,"Judson Althoff, Christopher C. Capossela, Kathleen T. Hogan, Amy E. Hood, Christopher D. Young.","Judson Althoff was appointed Executive Vice President and Chief Commercial Officer in July 2021. [1] Christopher C. Capossela was appointed Executive Vice President, Marketing and Consumer Business, and Chief Marketing Officer in July 2016. [2] Kathleen T. Hogan was appointed Executive Vice President, Human Resources in November 2014. [2] Christopher D. Young joined Microsoft in November 2020 as Executive Vice President, Business Development, Strategy, and Ventures. [3]",,2.5696250000037253,1.1878756000078283,0.3635771999979624,2.204903000005288,157,109.55287077412056,False,True,False,True,,,,0.8,Q07,
Q09,Voxtral Small 24B,What hardware products does Microsoft identify as having quality or supply problems in fiscal year 2022?,"Xbox consoles, Surface devices, and other devices Microsoft designs and markets.","Microsoft identifies Xbox consoles, Surface devices, and other devices they design and market as having quality or supply problems in fiscal year 2022. [1][2]",,1.5384628000174416,1.2607700000226032,0.3964833000063663,1.140778600005433,57,200.5174052683957,False,True,False,True,,,,1.0,,
Q09,Codestral 25.08,What hardware products does Microsoft identify as having quality or supply problems in fiscal year 2022?,"Xbox consoles, Surface devices, and other devices Microsoft designs and markets.","Microsoft identifies Xbox consoles, Surface devices, and other devices as hardware products that may have quality or supply problems. [1][2]",,1.5121661000157474,1.26341310000862,0.3964833000063663,1.1144819000037387,49,130.2107900101556,False,True,False,True,,,,0.75,,
Q10,Voxtral Small 24B,What was Microsoft's total net income in fiscal year 2023?,"$72,361 million.",Microsoft's total net income in fiscal year 2023 was $3.0 billion. [1],,1.4997551999840653,1.4885237999842502,0.332362600005581,1.1666973999963377,44,137.17237235933126,False,True,False,True,False,0.0,0.0,,,
Q10,Codestral 25.08,What was Microsoft's total net income in fiscal year 2023?,"$72,361 million.",Microsoft's total net income in fiscal year 2023 was $3.0 billion. [1],,1.30667789997824,1.1405642999889096,0.332362600005581,0.9736200999905122,44,254.4232052599248,False,True,False,True,False,0.0,0.0,,,
Q11,Voxtral Small 24B,What was Microsoft's Intelligent Cloud operating income for fiscal year 2024?,"$49,584 million.","Microsoft's Intelligent Cloud operating income for fiscal year 2024 was $49,584 million. [6][7]",,1.929599999988568,1.1724131999799283,0.3089726000034716,1.6199197999958417,52,61.66306471296209,False,True,False,True,True,1.0,1.0,,,
Q11,Codestral 25.08,What was Microsoft's Intelligent Cloud operating income for fiscal year 2024?,"$49,584 million.","Microsoft's Intelligent Cloud operating income for fiscal year 2024 was $49,584 million. [6][7]",,2.597721099984483,1.8719721999805188,0.3089726000034716,2.2880408999917563,52,45.3088363557504,False,True,False,True,True,1.0,1.0,,,
Q12,Voxtral Small 24B,What was Microsoft's effective tax rate in fiscal year 2025?,17.6%.,Microsoft's effective tax rate in fiscal year 2025 was 18%. [1][2][4][5][8],,1.4662884999997914,1.2096438000007763,0.2961180999991484,1.1693903999985196,55,211.46965256798248,False,True,False,True,True,0.0,0.0,,,
Q12,Codestral 25.08,What was Microsoft's effective tax rate in fiscal year 2025?,17.6%.,Microsoft's effective tax rate for fiscal year 2025 was 18%. [1][2][4][5][6][8],,1.3439320000034058,1.0351658000145108,0.2961180999991484,1.047033900002134,58,149.5780609244701,False,True,False,True,True,0.0,0.0,,,
Q13,Voxtral Small 24B,What were the risks relating to taxes for Broadcom in fiscal year 2021?,"Changes in tax legislation or policies could materially impact financial position and results of operations. Corporate income taxes could significantly increase if the company is unable to maintain its tax concessions. Income taxes and overall cash tax costs could be materially, adversely affected by a number of factors, including incorrect assumptions and interpretations regarding tax laws and concessions.",Broadcom Inc. faced risks related to their corporate income taxes potentially increasing if they were unable to maintain their tax concessions or if their assumptions and interpretations regarding tax laws and concessions proved to be incorrect. [3],,1.4336621000111336,1.1402369000134058,0.3115286999964155,1.121246800001245,64,186.9954592215105,False,True,False,True,,,,0.5,,
Q13,Codestral 25.08,What were the risks relating to taxes for Broadcom in fiscal year 2021?,"Changes in tax legislation or policies could materially impact financial position and results of operations. Corporate income taxes could significantly increase if the company is unable to maintain its tax concessions. Income taxes and overall cash tax costs could be materially, adversely affected by a number of factors, including incorrect assumptions and interpretations regarding tax laws and concessions.","Our corporate income taxes could significantly increase if we are unable to maintain our tax concessions or if our assumptions and interpretations regarding tax laws and concessions prove to be incorrect. [3] Our income taxes and overall cash tax costs are affected by a number of factors that could materially, adversely affect financial results. [3] Each tax incentive and tax holiday is subject to our compliance with various operating and other conditions. If we cannot, or elect not to, comply with any such operating conditions specified, we could, in some instances, be required to refund previously realized material tax benefits, or if such tax incentive or tax holiday is terminated prior to its expiration absent a new incentive applying, we will lose the related tax benefits earlier than scheduled. We may elect to modify our operational structure and tax strategy, which may not be as beneficial to us as the benefits provided under the present tax concession arrangements. [5] Our operations are currently structured to benefit from the various tax incentives extended to us in various jurisdictions to encourage investment or employment. For example, absent our principal tax incentives from the Singapore Economic Development Board, which is scheduled to expire in 2025, the corporate income tax rate that would apply to our Singapore taxable income would be 17%. We also have a tax holiday on our qualifying income in Malaysia, which is scheduled to expire in fiscal year 2028. Each tax incentive and tax holiday is subject to our compliance with various operating and other conditions and may, in some instances, be amended or terminated prior to their scheduled termination date by the relevant governmental authority. If we cannot, or elect not to, comply with the operating conditions included in any particular tax incentive or tax holiday, we could, in some instances, be required to refund previously realized material tax benefits, or if such tax incentive or tax holiday is terminated prior to its expiration absent a new incentive applying, we will lose the related tax benefits earlier than scheduled. In addition, we may be required, or elect, to modify our operational structure and tax strategy in order to keep an incentive, which could result in a decrease in the benefits of the incentive. [6]",,4.3023296000028495,1.280646400016849,0.3115286999964155,3.989914299992961,477,153.42720183294222,False,True,False,True,,,,0.75,,
Q14,Voxtral Small 24B,What were Broadcom's tax risk exposures in fiscal year 2021?,"Changes in tax legislation or policies could materially impact financial position and results of operations. Corporate income taxes could significantly increase if the company is unable to maintain its tax concessions. Income taxes and overall cash tax costs could be materially, adversely affected by a number of factors, including incorrect assumptions and interpretations regarding tax laws and concessions.","Broadcom's gross unrecognized tax benefits increased by $282 million during fiscal year 2021, resulting in gross unrecognized tax benefits of $5,030 million as of October 31, 2021. [1] Broadcom recognized interest and penalties of $46 million within the provision for income taxes during fiscal year 2021. [1] Broadcom's provision for income taxes in fiscal year 2021 was primarily due to income from continuing operations, offset in part by excess tax benefits from stock-based awards, a benefit from foreign derived intangible income, and the recognition of gross unrecognized tax benefits as a result of lapses of statutes of limitations and audit settlements. [2][8]",,3.358691399989766,1.5521842000016477,0.2914695000072242,3.0663674999959767,199,106.00267020245512,False,True,False,False,,,,0.0,Q13,
Q14,Codestral 25.08,What were Broadcom's tax risk exposures in fiscal year 2021?,"Changes in tax legislation or policies could materially impact financial position and results of operations. Corporate income taxes could significantly increase if the company is unable to maintain its tax concessions. Income taxes and overall cash tax costs could be materially, adversely affected by a number of factors, including incorrect assumptions and interpretations regarding tax laws and concessions.","Gross unrecognized tax benefits increased by $282 million during fiscal year 2021, resulting in gross unrecognized tax benefits of $5,030 million as of October 31, 2021. [1] The increase in the valuation allowance to $1,782 million in fiscal year 2021 from $1,707 million in fiscal year 2020 was primarily due to state and foreign deferred tax assets arising from credits and net operating loss carryforwards not expected to be realized. [3] The provision for income taxes of $29 million in fiscal year 2021 was primarily due to income from continuing operations, offset in part by excess tax benefits from stock-based awards, a benefit from foreign derived intangible income, and the recognition of gross unrecognized tax benefits as a result of lapses of statutes of limitations and audit settlements. [2][8]",,5.489316499995766,3.493714500000351,0.2914695000072242,5.196992600001977,235,113.99843545632606,False,True,False,False,,,,0.0,Q13,
Q15,Voxtral Small 24B,What was Broadcom's total net revenue from subscriptions and services in fiscal year 2022?,"$6,926 million.","Broadcom's total net revenue from subscriptions and services in fiscal year 2022 was $6,926 million. [1][3][4]",,1.5121945999999298,1.287174299999606,0.3764076999941608,1.1349778000003423,58,251.23767039971392,False,True,False,True,True,1.0,1.0,,,
Q15,Codestral 25.08,What was Broadcom's total net revenue from subscriptions and services in fiscal year 2022?,"$6,926 million.","Broadcom's total net revenue from subscriptions and services in fiscal year 2022 was $6,926 million. [1][3][4]",,1.4822490999940785,1.183402800001204,0.3764076999941608,1.105032299994491,58,186.56842445904127,False,True,False,True,True,1.0,1.0,,,
Q16,Voxtral Small 24B,Who was the Chief Legal and Coporate Affairs Officer of Broadcom in fiscal year 2023?,Mark D. Brazeal.,Mark D. Brazeal served as the Chief Legal and Corporate Affairs Officer of Broadcom in fiscal year 2023. [1][2][3],,1.400601600020309,1.1611883000150556,0.3833698000089498,1.0162590000109049,57,184.84683979598796,False,True,False,True,,,,1.0,,
Q16,Codestral 25.08,Who was the Chief Legal and Coporate Affairs Officer of Broadcom in fiscal year 2023?,Mark D. Brazeal.,Mark D. Brazeal served as the Chief Legal and Corporate Affairs Officer of Broadcom in fiscal year 2023. [1][2][3],,2.340015500012669,1.147152800011099,0.3833698000089498,1.9556729000032649,57,44.38637011374158,False,True,False,True,,,,1.0,,
Q17,Voxtral Small 24B,What are the main risks relating to Broadcom's indebtedness in fiscal year 2024?,Broadcom's substantial indebtedness could adversely affect their financial health and their ability to execute our business strategy.,"Broadcom's substantial indebtedness could adversely affect its financial health and ability to execute its business strategy. [1][2][3][4] The company's indebtedness could increase its vulnerability to adverse economic conditions and expose it to interest rate risk. [3][4] High indebtedness could limit Broadcom's flexibility in planning and reacting to economic changes, placing it at a competitive disadvantage. [3][4] The company's debt could make it more difficult to borrow additional funds for growth, acquisitions, and other purposes. [4] A downgrade in Broadcom's credit rating or adverse conditions in the debt capital markets could materially affect its business and financial condition. [4]",,2.772030100008124,1.3067246000136947,0.3618650999997044,2.4092178999999305,198,134.51822603138802,False,True,False,True,,,,1.0,,
Q17,Codestral 25.08,What are the main risks relating to Broadcom's indebtedness in fiscal year 2024?,Broadcom's substantial indebtedness could adversely affect their financial health and their ability to execute our business strategy.,"Broadcom's substantial indebtedness could adversely affect its financial health and ability to execute its business strategy. [1][2][3][4] As of November 3, 2024, the aggregate indebtedness was $69,847 million. [3] Our substantial indebtedness and the instruments governing our indebtedness could have important consequences including increasing our vulnerability to adverse general economic and industry conditions, exposing us to interest rate risk as our 2023 Term Loans bear floating interest rates, limiting our flexibility in planning for, or reacting to, changes in the economy and the industries in which we operate, placing us at a competitive disadvantage compared to our competitors with less indebtedness, making it more difficult to borrow additional funds in the future to fund growth, acquisitions, working capital, capital expenditures and other purposes, and potentially requiring us to dedicate a substantial portion of our cash flow from operations to payments on our indebtedness, thereby reducing the availability of our cash flow to fund our other business needs. [3][4] We receive debt ratings from the major credit rating agencies in the U.S., and any downgrade in our credit rating or the ratings of our indebtedness, or adverse conditions in the debt capital markets, could materially adversely affect our business, financial condition and results of operations. [4]",,3.6169867999997214,1.6337562999979127,0.3618650999997044,3.254174599991529,321,134.14646989177834,False,True,False,True,,,,1.0,,
Q18,Voxtral Small 24B,What was Broadcom's total Cost of Products sold in fiscal year 2025?,"$12,115 million.","Broadcom's total Cost of Products sold in fiscal year 2025 was $12,115 million. [1][5]",,1.3498164999909932,1.1241063999914331,0.3054652999999234,1.0433636999950977,54,153.53650003259943,False,True,False,True,True,1.0,1.0,,,
Q18,Codestral 25.08,What was Broadcom's total Cost of Products sold in fiscal year 2025?,"$12,115 million.","The total cost of products sold in fiscal year 2025 was $12,115 million. [1][5]",,1.441931299996213,1.2235832000005755,0.3054652999999234,1.1354785000003176,51,216.5995066696566,False,True,False,True,True,1.0,1.0,,,
Q19,Voxtral Small 24B,What hardware products generated revenue for Google in fiscal year 2021?,"Fitbit wearable devices, Google Nest home products, Pixel phones, and other devices.","Google generated revenue from the sales of Fitbit wearable devices, Google Nest home products, and Pixel phones in fiscal year 2021. [1][2][3][4][5][6][7][8]",,1.3862448999861954,1.0255894999863813,0.3010103999986313,1.0845632999989905,74,187.27350029611557,False,True,False,True,,,,1.0,,
Q19,Codestral 25.08,What hardware products generated revenue for Google in fiscal year 2021?,"Fitbit wearable devices, Google Nest home products, Pixel phones, and other devices.","Google generated revenue from sales of Fitbit wearable devices, Google Nest home products, Pixel phones, and other devices. [5][6]",,2.354751699996996,1.6896250999852782,0.3010103999986313,2.0530701000097906,50,69.0963619245176,False,True,False,True,,,,1.0,,
Q20,Voxtral Small 24B,Which hardware devices contributed to Google's revenue in fiscal year 2021?,"Fitbit wearable devices, Google Nest home products, Pixel phones, and other devices.","Fitbit wearable devices, Google Nest home products, and Pixel phones contributed to Google's revenue in fiscal year 2021. [1][2][3][4][5][7][8]",,1.5240253999945708,1.18178149999585,0.3530926999956136,1.170246399997268,69,188.5807006462912,False,True,False,True,,,,1.0,Q19,
Q20,Codestral 25.08,Which hardware devices contributed to Google's revenue in fiscal year 2021?,"Fitbit wearable devices, Google Nest home products, Pixel phones, and other devices.","Fitbit wearable devices, Google Nest home products, Pixel phones, and other devices contributed to Google's revenue in fiscal year 2021. [2][4]",,1.6414472999895224,1.6299632999871392,0.3530926999956136,1.2876682999922195,57,44.26605827008742,False,True,False,True,,,,1.0,Q19,
Q21,Voxtral Small 24B,What percentage of Google's total Revenue came from the United States in fiscal year 2022?,48%.,46% of Google's total revenue came from the United States in fiscal year 2022. [1],,1.31797540000116,1.1384220000036294,0.4315711000090232,0.8857465000037337,46,240.36363882395187,False,True,False,True,True,0.0,0.0,,,
Q21,Codestral 25.08,What percentage of Google's total Revenue came from the United States in fiscal year 2022?,48%.,46% of Google's total revenue in fiscal year 2022 came from the United States. [1],,1.5541951999912271,1.2575509999878705,0.4315711000090232,1.121966299993801,46,149.70829663644105,False,True,False,True,True,0.0,0.0,,,
Q22,Voxtral Small 24B,What was the total value of Google's Marketable Securities at the end of fiscal year 2023?,"$86,868 million.","As of December 31, 2023, Alphabet Inc. had $110.9 billion in cash, cash equivalents, and marketable securities. [5]",,1.4744973000051689,1.2179252000059932,0.3811331000033533,1.0926104999962265,60,180.16113612541315,False,True,False,True,False,0.0,0.0,,,
Q22,Codestral 25.08,What was the total value of Google's Marketable Securities at the end of fiscal year 2023?,"$86,868 million.","The total value of Google's marketable securities was $6.0 billion as of December 31, 2023. [4]",,1.5402683000138495,1.2741283000068506,0.3811331000033533,1.1583815000049071,52,163.7912379844062,False,True,False,True,False,0.0,0.0,,,
Q23,Voxtral Small 24B,What were the copyright and intellectual property risks associated with Google's AI products and services in fiscal year 2024?,"Copyright and related laws, including the EU Directive on Copyright in the Digital Single Market and European Economic Area transpositions, which have introduced new licensing regimes, increase liability with respect to content uploaded by users or linked to from our platforms, or create property rights in news publications that could require payments to news agencies and publishers, which may result in other regulatory actions.","Google faced risks of intellectual property infringement claims related to its AI products and services, which could result in costly royalty or licensing agreements, monetary damages, or orders limiting the ability to sell products and services. [1][3][4][6]",,1.5973192999954335,1.174963299985393,0.4227678000024752,1.1733620000013616,74,158.32463439062116,False,True,False,True,,,,0.0,,
Q23,Codestral 25.08,What were the copyright and intellectual property risks associated with Google's AI products and services in fiscal year 2024?,"Copyright and related laws, including the EU Directive on Copyright in the Digital Single Market and European Economic Area transpositions, which have introduced new licensing regimes, increase liability with respect to content uploaded by users or linked to from our platforms, or create property rights in news publications that could require payments to news agencies and publishers, which may result in other regulatory actions.","Alphabet Inc. faced risks related to intellectual property infringement or misappropriation, including copyright, trade secrets, and trademarks, which could result in costly royalty or licensing agreements, or orders limiting the ability to sell products and services. [1] The development and use of AI may result in reputational harm and increased liability exposure, including risks related to intellectual property infringement or misappropriation. [3] Alphabet Inc. could be subject to regulatory action and legal liability, including under specific legislation regulating AI, as well as new applications of existing data protection, privacy, intellectual property, and other laws. [4] Intellectual property claims are often time-consuming and expensive to litigate or settle, and could harm the business, including product and service offerings, financial condition, and operating results. [6] Our products incorporate highly technical and complex technologies, and thus our technologies and software have contained, and are likely in the future to contain, undetected errors, bugs, and/or vulnerabilities. We continue to add new features involving AI to our offerings and internal systems, and features that rely on AI may be susceptible to unanticipated security threats as our and the market’s understanding of AI-centric security risks and protection methods continue to develop. [8]",,3.268771699993522,1.2033957999956328,0.4227678000024752,2.84481439999945,312,146.11211810359782,False,True,False,True,,,,0.4,,
Q24,Voxtral Small 24B,What was Google's total cost of revenues in fiscal year 2025?,"$162,535 million.",Google's total cost of revenues in fiscal year 2025 was $162.5 billion. [5],,1.409823200010578,1.2357046000106493,0.4086457999947015,1.0005134000093676,47,208.97405742132617,False,True,False,True,False,0.0,1.0,,,
Q24,Codestral 25.08,What was Google's total cost of revenues in fiscal year 2025?,"$162,535 million.",The total cost of revenues was $162.5 billion. [1][5],,1.9803558999992676,1.9522282000107225,0.4086457999947015,1.5710460999980569,41,624.474527531355,False,True,False,True,False,0.0,1.0,,,
Q25,Voxtral Small 24B,What products did Meta offer under its Family of Apps segment in fiscal year 2021?,"Facebook, Instagram, Messenger, and WhatsApp.","Meta offered Facebook, Instagram, Messenger, and WhatsApp under its Family of Apps segment in fiscal year 2021. [1][5]",,1.238399499998195,0.9947151000087616,0.3989374999946449,0.8385239999915939,54,215.99360659085227,False,True,False,True,,,,1.0,,
Q25,Codestral 25.08,What products did Meta offer under its Family of Apps segment in fiscal year 2021?,"Facebook, Instagram, Messenger, and WhatsApp.","Meta offered Facebook, Instagram, Messenger, and WhatsApp under its Family of Apps segment in fiscal year 2021. [5]",,1.4156341000198154,1.161888500006171,0.3989374999946449,1.0157586000132142,51,144.7681226249246,False,True,False,True,,,,1.0,,
Q26,Voxtral Small 24B,What was Meta's total liabilities at the end of fiscal year 2022?,"$60,014 million.",The filings do not answer this question.,,1.0741472000081558,1.0694174000091152,0.3606727000005776,0.7127147999999579,13,18.24011512038303,True,True,False,True,False,0.0,0.0,,,
Q26,Codestral 25.08,What was Meta's total liabilities at the end of fiscal year 2022?,"$60,014 million.","The total estimated fair value of Meta's outstanding debt was $8.63 billion as of December 31, 2022. [1]",,1.3759442000155104,1.1462032000126785,0.3606727000005776,1.0145118000073126,54,156.82552608175985,False,True,False,True,False,0.0,0.0,,,
Q27,Voxtral Small 24B,How did Meta's ad impressions and average price per ad change year over year in fiscal year 2023?,"Ad impressions delivered across the Family of Apps increased 28%, and the average price per ad decreased 9%.",Meta's ad impressions delivered across its Family of Apps increased by 28% year-over-year in 2023. [1][3][4][8] The average price per ad decreased by 9% year-over-year in 2023. [1][3][4][8],,1.911166300007608,1.650669299997389,0.3901558999932604,1.5202691000013149,99,173.89712772753848,False,True,False,True,True,1.0,1.0,,,
Q27,Codestral 25.08,How did Meta's ad impressions and average price per ad change year over year in fiscal year 2023?,"Ad impressions delivered across the Family of Apps increased 28%, and the average price per ad decreased 9%.",Ad impressions delivered across our Family of Apps increased by 28% year-over-year in 2023. [1][2][3][4] The average price per ad decreased by 9% year-over-year in 2023. [1][2][3][4],,1.9192106000118656,1.5541677000001073,0.3901558999932604,1.5283134000055725,97,145.5919558782597,False,True,False,True,True,1.0,1.0,,,
Q28,Voxtral Small 24B,What risks did Meta identify as arising from its generative AI efforts in fiscal year 2024?,"Harmful or illegal content, accuracy, misinformation and deepfakes (including related to elections), bias, discrimination, toxicity, consumer protection, intellectual property infringement or misappropriation, defamation, data privacy, cybersecurity, and sanctions and export controls.","Meta identified risks related to harmful or illegal content, accuracy, misinformation, deepfakes, bias, discrimination, toxicity, consumer protection, intellectual property infringement, defamation, data privacy, cybersecurity, and sanctions and export controls arising from its generative AI efforts. [2][5]",,1.7790620000014314,1.3451736999995774,0.409041699997033,1.3689791000069818,83,164.7963930643087,False,True,False,True,,,,0.875,,
Q28,Codestral 25.08,What risks did Meta identify as arising from its generative AI efforts in fiscal year 2024?,"Harmful or illegal content, accuracy, misinformation and deepfakes (including related to elections), bias, discrimination, toxicity, consumer protection, intellectual property infringement or misappropriation, defamation, data privacy, cybersecurity, and sanctions and export controls.","Meta identified significant risks involved in developing and deploying AI, including the potential for harmful or illegal content, accuracy, misinformation and deepfakes, bias, discrimination, toxicity, consumer protection, intellectual property infringement or misappropriation, defamation, data privacy, cybersecurity, and sanctions and export controls. [2] Meta also identified risks related to new or enhanced governmental or regulatory scrutiny, litigation, or other legal liability, ethical concerns, negative consumer perceptions as to automation and AI, activities that threaten people's safety or well-being on- or offline, or other complications that could adversely affect our business, reputation, or financial results. [2] Meta may not be successful in its artificial intelligence initiatives, which could adversely affect its business, reputation, or financial results. [5] If Meta's investments in AI are not successful longer-term, its business and financial performance could be harmed. [5]",,5.154468699998688,3.776926699996693,0.409041699997033,4.744385800004238,229,138.47315029809914,False,True,False,True,,,,0.9375,,
Q29,Voxtral Small 24B,What was Meta's total assets at the end of fiscal year 2025?,"$366,021 million.",Meta's total assets at the end of fiscal year 2025 were $196.804 billion. [8],,1.2991037999890978,1.1011202999798115,0.3432795999979134,0.9550759999983712,50,185.79825059694576,False,True,False,True,False,0.0,0.0,,,
Q29,Codestral 25.08,What was Meta's total assets at the end of fiscal year 2025?,"$366,021 million.","Cash, cash equivalents, and marketable securities were $81.59 billion as of December 31, 2025. [1] Long-term debt was $58.74 billion as of December 31, 2025. [1] Total long-lived assets were $196,804 million as of December 31, 2025. [8]",,2.1308230999857187,1.7781297999899834,0.3432795999979134,1.786795299994992,127,233.4262749778925,False,True,False,True,False,0.0,0.0,,,
Q30,Voxtral Small 24B,"How much did Meta hold in total assets as of December 31, 2025?","$366,021 million.",The filings do not answer this question.,,1.0264004999917231,0.9629463999881408,0.3061268000019481,0.7196156999998493,13,199.3840566270441,True,True,False,True,False,0.0,0.0,,Q29,
Q30,Codestral 25.08,"How much did Meta hold in total assets as of December 31, 2025?","$366,021 million.","Cash, cash equivalents, and marketable securities were $81.59 billion as of December 31, 2025. [1] Long-term debt was $58.74 billion as of December 31, 2025. [1] Total finite-lived assets were $3,295 million as of December 31, 2025. [5] Total indefinite-lived assets were $397 million as of December 31, 2025. [7]",,2.7225596999924164,1.6643428999814205,0.3061268000019481,2.4157749000005424,159,120.52475112188486,False,True,False,True,False,0.0,0.0,,Q29,
Q31,Voxtral Small 24B,What electronic devices did Amazon manufacture and sell in fiscal year 2021?,"Kindle, Fire tablet, Fire TV, Echo, and Ring.","Amazon manufactured and sold electronic devices including Kindle, Fire tablet, Fire TV, Echo, and Ring in fiscal year 2021. [1][3]",,1.3420501999935368,1.0741991999966558,0.3188052000041352,1.0223458999971626,56,184.1145323884816,False,True,False,True,,,,1.0,,
Q31,Codestral 25.08,What electronic devices did Amazon manufacture and sell in fiscal year 2021?,"Kindle, Fire tablet, Fire TV, Echo, and Ring.","Amazon manufactured and sold electronic devices, including Kindle, Fire tablet, Fire TV, Echo, and Ring. [1]",,1.427415399986785,1.248537999985274,0.3188052000041352,1.1077110999904107,46,179.28858290675055,False,True,False,True,,,,1.0,,
Q32,Voxtral Small 24B,What factors did Amazon identify as creating significant inventory risk in fiscal year 2022?,"Seasonality, new product launches, rapid changes in product cycles and pricing, defective merchandise, changes in customer demand and consumer spending patterns, changes in consumer tastes, and spoilage.","Amazon identified seasonality, new product launches, rapid changes in product cycles and pricing, defective merchandise, changes in customer demand and consumer spending patterns, changes in consumer tastes, spoilage, and other factors as creating significant inventory risk in fiscal year 2022. [1]",,1.940262400006759,1.5358422999997856,0.3671253999928012,1.5721501000080025,78,117.13913786716252,False,True,False,True,,,,1.0,,
Q32,Codestral 25.08,What factors did Amazon identify as creating significant inventory risk in fiscal year 2022?,"Seasonality, new product launches, rapid changes in product cycles and pricing, defective merchandise, changes in customer demand and consumer spending patterns, changes in consumer tastes, and spoilage.","Amazon identified seasonality, new product launches, rapid changes in product cycles and pricing, defective merchandise, changes in customer demand and consumer spending patterns, changes in consumer tastes with respect to their products, spoilage, and other factors as creating significant inventory risk. [1] Amazon also identified the difficulty of establishing vendor relationships, determining appropriate product or component selection, and accurately forecasting demand as creating significant inventory risk. [1] Amazon also identified the difficulty of implementing at companies they acquire the controls, procedures, and policies appropriate for a larger public company, the risks associated with businesses they acquire or invest in, potential unknown liabilities associated with a company they acquire or in which they invest, and additional risks related to the integration of operations across different cultures and languages, and the economic, political, and regulatory risks associated with specific countries as creating significant inventory risk. [8]",,2.777023200003896,1.7939748000062536,0.3671253999928012,2.4089109000051394,210,162.82553476532215,False,True,False,True,,,,1.0,,
Q33,Voxtral Small 24B,What was Amazon's total stockholders' equity at the end of fiscal year 2023?,"$201,875 million.",Amazon's total stockholders' equity at the end of fiscal year 2023 was $201.875 billion. [4],,1.3575775000063004,1.1164245000109076,0.3591286000009859,0.9974816000030842,53,163.81844094897622,False,True,False,True,True,0.0,1.0,,,
Q33,Codestral 25.08,What was Amazon's total stockholders' equity at the end of fiscal year 2023?,"$201,875 million.","Amazon's total stockholders' equity at the end of fiscal year 2023 was $201,875 million. [4]",,2.272995400009677,1.9596235000062732,0.3591286000009859,1.9128995000064608,53,82.04701417678987,False,True,False,True,True,1.0,1.0,,,
Q34,Voxtral Small 24B,What was Amazon's AWS segment operating income in fiscal year 2024?,"$39,834 million.",Amazon's AWS segment operating income in fiscal year 2024 was $68.6 billion. [2],,1.272732499986887,1.0957862999930512,0.2857529999891994,0.9862921999883838,46,251.9065492441445,False,True,False,True,False,0.0,0.0,,,
Q34,Codestral 25.08,What was Amazon's AWS segment operating income in fiscal year 2024?,"$39,834 million.",Amazon's AWS segment operating income in fiscal year 2024 was $68.6 billion. [2],,1.3084625999908894,1.089969399996335,0.2857529999891994,1.0220222999923865,46,153.64384754964078,False,True,False,True,False,0.0,0.0,,,
Q35,Voxtral Small 24B,What was Amazon's total net sales in fiscal year 2025?,"$716,924 million.",Amazon's total net sales in fiscal year 2025 were $11% higher than the prior year. [2][7],,1.1591727000195533,0.9827941000112332,0.2750164000026416,0.8832498000119813,51,161.3112389605788,False,True,False,True,False,0.0,0.0,,,
Q35,Codestral 25.08,What was Amazon's total net sales in fiscal year 2025?,"$716,924 million.",Amazon's total net sales in fiscal year 2025 were $4.4 billion. [2],,1.3721093000058318,1.2301234000042314,0.2750164000026416,1.0961863999982595,44,151.50440430459486,False,True,False,True,False,0.0,0.0,,,
Q36,Voxtral Small 24B,How much did Amazon generate in net sales during fiscal year 2025?,"$716,924 million.",Amazon generated $514 billion in net sales during fiscal year 2025. [1][6],,1.324382600010722,1.1544261000090046,0.2937574000097811,1.029991000003065,46,261.35160823466936,False,True,False,True,False,0.0,0.0,,Q35,
Q36,Codestral 25.08,How much did Amazon generate in net sales during fiscal year 2025?,"$716,924 million.",Amazon generated net sales of $11 billion in 2025. [1][6],,1.5834897000167985,1.388699600007385,0.2937574000097811,1.2890981000091415,45,219.5393965757283,False,True,False,True,False,0.0,0.0,,Q35,
Q37,Voxtral Small 24B,"What was the aggregate amount of Oracle's outstanding indebtedness in fiscal year 2021, and over what period was it scheduled to mature?","$84.2 billion as of May 31, 2021, maturing between calendar year 2021 and calendar year 2061.","As of May 31, 2021, Oracle had an aggregate of $84.2 billion of outstanding indebtedness. [4]",,1.5149127999902705,1.2950353999913204,0.5165233000006992,0.9971233999967808,53,178.87016827508546,False,True,False,True,True,1.0,1.0,,,
Q37,Codestral 25.08,"What was the aggregate amount of Oracle's outstanding indebtedness in fiscal year 2021, and over what period was it scheduled to mature?","$84.2 billion as of May 31, 2021, maturing between calendar year 2021 and calendar year 2061.","As of May 31, 2021, Oracle had an aggregate of $84.2 billion of outstanding indebtedness. [8] The outstanding indebtedness was scheduled to mature between calendar year 2021 and calendar year 2061. [8]",,1.7989662999898428,1.3759280999947805,0.5165233000006992,1.281176899996353,89,193.48322413325496,False,True,False,True,True,1.0,1.0,,,
Q38,Voxtral Small 24B,What was Oracle's revenue from cloud services and license support in fiscal year 2022?,"$30,174 million.",Oracle's revenue from cloud services and license support in fiscal year 2022 was $10.8 billion. [4],,1.1159164999990026,0.902165999999852,0.3730144000001019,0.7421599000081187,50,172.04780588842144,False,True,False,False,False,0.0,0.0,,,
Q38,Codestral 25.08,What was Oracle's revenue from cloud services and license support in fiscal year 2022?,"$30,174 million.",Oracle's cloud services and license support revenues represented 71% of its total revenues during fiscal 2022. [3][6] Oracle's total cloud services revenues increased to $10.8 billion in fiscal 2022 from $8.9 billion in fiscal 2021. [4],,1.8892281999869736,1.2008027999836486,0.3730144000001019,1.51547159999609,100,136.1155348650159,False,True,False,False,False,0.0,0.0,,,
Q39,Voxtral Small 24B,What were the three businesses Oracle operated in fiscal year 2023?,"Cloud and license, hardware, and services.","Oracle operated in three businesses in fiscal year 2023: cloud and license, hardware, and services. [1][7]",,1.2318691000109538,0.9951999000040814,0.2868276999943191,0.9441901000100188,51,210.41965103781436,False,True,False,True,,,,1.0,,
Q39,Codestral 25.08,What were the three businesses Oracle operated in fiscal year 2023?,"Cloud and license, hardware, and services.","Oracle operated three businesses in fiscal year 2023: cloud and license, hardware, and services. [1][3][7]",,1.533643699993263,1.5219345999939833,0.2868276999943191,1.245964699992328,53,137.85802444417732,False,True,False,True,,,,1.0,,
Q40,Voxtral Small 24B,What were Oracle's total revenues in fiscal year 2024?,"$52,961 million.","Oracle's total revenues in fiscal year 2024 were $6,000 million. [1][2][3][4][5][6][7][8]",,1.3182786999968812,1.30361799999082,0.2674927000043681,1.050175700002001,67,152.2511698873492,False,True,False,True,False,0.0,0.0,,,
Q40,Codestral 25.08,What were Oracle's total revenues in fiscal year 2024?,"$52,961 million.",The filings do not answer this question.,,1.0834490999841364,1.0315359999949578,0.2674927000043681,0.8153460999892559,13,189.9601668230912,True,True,False,True,False,0.0,0.0,,,
Q41,Voxtral Small 24B,What was Oracle's net income in fiscal year 2025?,"$12,443 million.",The filings do not answer this question.,,0.9691969999985304,0.93110779998824,0.2637752000009641,0.7048171000060393,13,18.44450141730189,True,True,False,False,False,0.0,0.0,,,
Q41,Codestral 25.08,What was Oracle's net income in fiscal year 2025?,"$12,443 million.",The filings do not answer this question.,,1.3047389999846928,1.2642143999837572,0.2637752000009641,1.0403590999922017,13,12.49568538411155,True,True,False,False,False,0.0,0.0,,,
Q42,Voxtral Small 24B,How much did Oracle earn in net income during fiscal year 2025?,"$12,443 million.",Oracle Corporation earned $573 million in net income during fiscal year 2025. [2],,1.2968137999851024,1.2856591999880038,0.3224465000093914,0.973747199997888,45,140.48504177523682,False,True,False,False,False,0.0,0.0,,Q41,
Q42,Codestral 25.08,How much did Oracle earn in net income during fiscal year 2025?,"$12,443 million.",The filings do not answer this question.,,1.3628893999994034,1.3199775999964911,0.3224465000093914,1.039822800012189,13,185.1079250220202,True,True,False,False,False,0.0,0.0,,Q41,
Q43,Voxtral Small 24B,What service offerings made up Salesforce's Customer 360 platform in fiscal year 2021?,"Sales, Service, Marketing, Commerce, Experience, and Platform and Other.","Salesforce's Customer 360 platform in fiscal year 2021 included Sales, Service, and Digital 360: Marketing and Commerce. [2][3]",,2.1882922999939183,1.927293999993708,0.3559995000105118,1.8313215999951356,60,197.24650454936983,False,True,False,True,,,,0.8333333333333334,,
Q43,Codestral 25.08,What service offerings made up Salesforce's Customer 360 platform in fiscal year 2021?,"Sales, Service, Marketing, Commerce, Experience, and Platform and Other.","Salesforce's Customer 360 platform in fiscal year 2021 included Sales, Service, and Digital 360: Marketing and Commerce. [2][3]",,1.7094737000006717,1.6954506999900332,0.3559995000105118,1.3525030000018887,60,107.31613437070985,False,True,False,True,,,,0.8333333333333334,,
Q44,Voxtral Small 24B,"What was Salesforce's subscription and support revenue in fiscal year 2022, and what share of total revenues did it represent?","$24,657 million, 93% of total revenues.","Salesforce's subscription and support revenue in fiscal year 2022 was $24,657 million. [8] This represented approximately 93% of Salesforce's total revenues for fiscal 2022. [1][2][8]",,1.6911304999957792,1.2566828999988502,0.4215854999929433,1.2686382999963826,87,181.89181283784447,False,True,False,True,True,1.0,1.0,,,
Q44,Codestral 25.08,"What was Salesforce's subscription and support revenue in fiscal year 2022, and what share of total revenues did it represent?","$24,657 million, 93% of total revenues.","Salesforce's subscription and support revenue in fiscal year 2022 was $5,059 million. [1][3][4][5][6][7][8] Subscription and support revenues accounted for approximately 93 percent of total revenues for fiscal 2022. [1][2][3][4][5][6][7][8]",,2.0251454999961425,1.3104737999965437,0.4215854999929433,1.6026532999967458,120,149.80355136739976,False,True,False,True,True,0.5,0.5,,,
Q45,Voxtral Small 24B,What was the total value of Salesforce's Goodwill at the end of fiscal year 2023?,"$48,568 million.",The total value of Salesforce's Goodwill at the end of fiscal year 2023 was $337 million. [1],,2.732517200012808,1.8740605000057255,0.3886010999995051,2.3432021000044188,51,43.83768127187907,False,True,False,True,False,0.0,0.0,,,
Q45,Codestral 25.08,What was the total value of Salesforce's Goodwill at the end of fiscal year 2023?,"$48,568 million.",The total value of Salesforce's Goodwill at the end of fiscal year 2023 was $337 million. [4],,1.4835048000095412,1.263591200011433,0.3886010999995051,1.0941897000011522,51,147.42376962744473,False,True,False,True,False,0.0,0.0,,,
Q46,Voxtral Small 24B,What were the known risks of generative AI that Salesforce identified in fiscal year 2024?,"Accuracy, bias, toxicity, privacy and security, and data provenance.","The known risks of generative AI include risks related to accuracy, bias, toxicity, privacy and security, and data provenance. [1][2] Generative AI may create content that appears correct but is factually inaccurate or flawed, or contains copyrighted or other protected material, which could expose Salesforce to brand or reputational harm, competitive harm, and/or legal liability. [1][2] Developing, testing, and deploying AI systems may increase the cost profile of Salesforce's offerings due to the nature of the computing costs involved. [1][2] If Salesforce is unable to mitigate these risks or incurs excessive expenses in efforts to do so, its reputation, business, operating results, and financial condition may be harmed. [1][2] The rapid evolution of AI will require additional investment in the licensing or development of proprietary datasets, machine learning models, and systems to test for accuracy, bias, and other variables, which are often complex and may be costly, impacting Salesforce's profit margin. [2] The move from AI content classification to AI content generation through the development of Einstein GPT and other generative AI products brings additional risks and responsibility. [2]",,3.035347999990336,1.0681259999983013,0.3223825999884866,2.7119898999953875,307,149.81979655336954,False,True,False,True,,,,1.0,,
Q46,Codestral 25.08,What were the known risks of generative AI that Salesforce identified in fiscal year 2024?,"Accuracy, bias, toxicity, privacy and security, and data provenance.","Known risks of generative AI currently include risks related to accuracy, bias, toxicity, privacy and security and data provenance. [1] AI technologies, including generative AI, may create content that appears correct but is factually inaccurate or flawed, or contains copyrighted or other protected material, and if our customers or others use this flawed content to their detriment, we may be exposed to brand or reputational harm, competitive harm and/or legal liability. [1] Developing, testing and deploying AI systems may also increase the cost profile of our offerings due to the nature of the computing costs involved in such systems. [1] The rapid evolution of AI will require the application of resources to develop, test and maintain our products and services to help ensure that AI is implemented ethically in order to minimize unintended, harmful impact. [2] Uncertainty around new and emerging AI applications such as generative AI content creation will require additional investment in the licensing or development of proprietary datasets, machine learning models and systems to test for accuracy, bias and other variables, which are often complex, may be costly and could impact our profit margin. [2] The move from AI content classification to AI content generation through our development of Einstein GPT and other generative AI products brings additional risks and responsibility. [2]",,4.902371099989978,1.6372064999886788,0.3223825999884866,4.5790129999950295,326,88.56325863030239,False,True,False,True,,,,1.0,,
Q47,Voxtral Small 24B,What percentage of Salesforce's total revenue came from the Americas in fiscal year 2025?,66%.,66% of Salesforce's total revenue came from the Americas in fiscal year 2025. [5],,1.356285999994725,1.169760500008124,0.388381600001594,0.9671572999941418,46,180.67890491760787,False,True,False,True,True,1.0,1.0,,,
Q47,Codestral 25.08,What percentage of Salesforce's total revenue came from the Americas in fiscal year 2025?,66%.,The Americas accounted for 66% of total revenues for fiscal 2025. [5],,1.517809600001783,1.3394821000110824,0.388381600001594,1.1286809000012,43,235.31317447787984,False,True,False,True,True,1.0,1.0,,,
Q48,Voxtral Small 24B,What was the Americas' contribution as a percentage of Salesforce's total revenue for fiscal year 2025?,66%.,The Americas contributed 66% to Salesforce's total revenue for fiscal year 2025. [7],,1.4131641999993008,1.227664799997001,0.4209078999992925,0.9911777999950572,46,185.56318426417644,False,True,False,True,True,1.0,1.0,,Q47,
Q48,Codestral 25.08,What was the Americas' contribution as a percentage of Salesforce's total revenue for fiscal year 2025?,66%.,The Americas contributed 66% of Salesforce's total revenue for fiscal year 2025. [7],,1.4295821000123397,1.244237000006251,0.4209078999992925,1.0075957000080962,46,184.86531757120807,False,True,False,True,True,1.0,1.0,,Q47,
