config,name,questions,recall,ndcg,mrr,hard_negative_accuracy,retriever,chunk_budget,chunk_overlap,table_budget,n_passages,n_filings,median_chars,supporting_per_question,hit_rate,top_chars,context_k,context_hit_rate,context_chars,max_tokens,n_indexed,n_truncated,truncation_rate,build_ms,median_latency_ms,corpus_fingerprint,dense_fingerprint
S1200-bm25,"1,200 characters, bm25",1413,0.5010615711252654,0.363857517622886,0.3671879037059504,,bm25,1200,200,480,8926,15,699.0,1.8542108987968862,0.6326963906581741,7404.039631988677,24,0.7452229299363057,18378.440905874028,,,,,1672851.8657000023,29.617899999720976,782e4df8bb6c7d338776e9914a23dea96933f5c757caa3559bf40431f9559313,e1ce0b140879ee73222aa4b11c725c7853db728c6ce393362e37c26a8622f08c
S1200-dense,"1,200 characters, dense",1413,0.4644963434772352,0.32688363842478774,0.33811293094732586,,dense,1200,200,480,8926,15,699.0,1.8542108987968862,0.6100495399858458,4098.652512384996,24,0.7261146496815286,9908.990799716914,512,8926,0,0.0,1672851.8657000023,267.6294000011694,782e4df8bb6c7d338776e9914a23dea96933f5c757caa3559bf40431f9559313,e1ce0b140879ee73222aa4b11c725c7853db728c6ce393362e37c26a8622f08c
S1200-hybrid,"1,200 characters, hybrid",1413,0.557442793111583,0.4219667179227677,0.4410325323807277,,hybrid,1200,200,480,8926,15,699.0,1.8542108987968862,0.7013446567586695,4761.174097664543,24,0.7954706298655343,13654.013446567587,512,8926,0,0.0,1672851.8657000023,316.197000000102,782e4df8bb6c7d338776e9914a23dea96933f5c757caa3559bf40431f9559313,e1ce0b140879ee73222aa4b11c725c7853db728c6ce393362e37c26a8622f08c
S1800-bm25,"1,800 characters, bm25",1413,0.5535503656522764,0.40523129921049617,0.4106842359496287,,bm25,1800,300,720,5631,15,1173.0,1.8421797593772116,0.6900212314225053,11346.57041755131,16,0.7430997876857749,18519.506723283794,,,,,41128.54590000279,15.246899998601293,25d17268584025268eee31ed85740edc46025bfa47f803e6b3811b200e3aacf4,08598b98129db929235532f52283c80581c01c847cccd5d7880151be1af85edc
S1800-dense,"1,800 characters, dense",1413,0.5103798065581505,0.36745924314717576,0.37967400217931,,dense,1800,300,720,5631,15,1173.0,1.8421797593772116,0.6602972399150743,5328.16135881104,16,0.7197452229299363,8576.095541401273,512,5631,0,0.0,41128.54590000279,216.26159999868833,25d17268584025268eee31ed85740edc46025bfa47f803e6b3811b200e3aacf4,08598b98129db929235532f52283c80581c01c847cccd5d7880151be1af85edc
S1800-hybrid,"1,800 characters, hybrid",1413,0.6133522057088936,0.46991254801457305,0.48724261112796147,,hybrid,1800,300,720,5631,15,1173.0,1.8421797593772116,0.7607926397735315,6593.302901627742,16,0.8018400566171267,11785.626326963906,512,5631,0,0.0,41128.54590000279,268.1257000003825,25d17268584025268eee31ed85740edc46025bfa47f803e6b3811b200e3aacf4,08598b98129db929235532f52283c80581c01c847cccd5d7880151be1af85edc
S2400-bm25,"2,400 characters, bm25",1413,0.5727765982543053,0.42019873799269414,0.42480313191565844,,bm25,2400,400,960,4170,15,1670.0,1.8407643312101911,0.7133757961783439,15591.169143665958,12,0.7338995046001415,18927.94338287332,,,,,3312130.4500000007,10.479500000656117,cce6b0ff4d867dea45f885d7cb0daee51d22afe7e7927241692a99e4374de5c2,100c6b7816d74abb6de48ac3feb81d1a2b32824c3acbccaac1eaeabd11ebe1d6
S2400-dense,"2,400 characters, dense",1413,0.522410945977825,0.3772577287268379,0.38957666340893515,,dense,2400,400,960,4170,15,1670.0,1.8407643312101911,0.667374380750177,6237.374380750177,12,0.6935598018400566,7501.661712668082,512,4170,106,0.02541966426858513,3312130.4500000007,195.54900000002817,cce6b0ff4d867dea45f885d7cb0daee51d22afe7e7927241692a99e4374de5c2,100c6b7816d74abb6de48ac3feb81d1a2b32824c3acbccaac1eaeabd11ebe1d6
S2400-hybrid,"2,400 characters, hybrid",1413,0.6403632932295352,0.4946050569081967,0.5108257787663307,,hybrid,2400,400,960,4170,15,1670.0,1.8407643312101911,0.7834394904458599,8228.005661712668,12,0.802547770700637,10267.860580325549,512,4170,106,0.02541966426858513,3312130.4500000007,241.40479999914533,cce6b0ff4d867dea45f885d7cb0daee51d22afe7e7927241692a99e4374de5c2,100c6b7816d74abb6de48ac3feb81d1a2b32824c3acbccaac1eaeabd11ebe1d6
S4000-bm25,"4,000 characters, bm25",1413,0.5829205001179524,0.4312487342560731,0.4363175277188016,,bm25,4000,667,1600,2783,15,2338.0,1.8336871903750884,0.719037508846426,26641.347487615003,7,0.6624203821656051,18342.792639773532,,,,,1931431.7238000003,6.866400002763839,021c66f42e377435beedf7977e9a97d0ada804a61193996d349b67dd743b0138,1404022af27f455edc749e098525c9ae9f2a30b2f5f2c1da596f098d621d36ba
S4000-dense,"4,000 characters, dense",1413,0.5139183769757019,0.37188521922863094,0.38501949022118875,,dense,4000,667,1600,2783,15,2338.0,1.8336871903750884,0.6631280962491154,7370.495399858457,7,0.6058032554847842,5106.018400566171,512,2783,1470,0.5282069708947179,1931431.7238000003,171.83689999728813,021c66f42e377435beedf7977e9a97d0ada804a61193996d349b67dd743b0138,1404022af27f455edc749e098525c9ae9f2a30b2f5f2c1da596f098d621d36ba
S4000-hybrid,"4,000 characters, hybrid",1413,0.6556970983722576,0.508847636442605,0.522722958020198,,hybrid,4000,667,1600,2783,15,2338.0,1.8336871903750884,0.7983014861995754,11219.537154989384,7,0.7537154989384289,7231.771408351026,512,2783,1470,0.5282069708947179,1931431.7238000003,215.6920999987051,021c66f42e377435beedf7977e9a97d0ada804a61193996d349b67dd743b0138,1404022af27f455edc749e098525c9ae9f2a30b2f5f2c1da596f098d621d36ba
