qid,retriever,wants_figures,supported_by,recall,ndcg,mrr,tables,rerank_seconds
xbrl-aapl-2021-oci-debt-securities-available-for-sale-gain-loss-after-adjustment-and-tax-usd-0000320193-21-000105,hybrid,True,tables,0.6666666666666666,0.6508,1.0,16,7.91
xbrl-aapl-2021-oci-debt-securities-available-for-sale-gain-loss-after-adjustment-and-tax-usd-0000320193-21-000105,hybrid + rerank,True,tables,0.6666666666666666,0.3827,0.3333,10,7.91
xbrl-aapl-2021-oci-debt-securities-available-for-sale-gain-loss-after-adjustment-and-tax-usd-0000320193-21-000105,"hybrid + rerank, scores as they are",True,tables,0.6666666666666666,0.3759,0.3333,8,7.91
xbrl-aapl-2021-deferred-tax-assets-tax-credit-carryforwards-usd-0000320193-21-000105,hybrid,True,tables,1.0,1.0,1.0,13,7.36
xbrl-aapl-2021-deferred-tax-assets-tax-credit-carryforwards-usd-0000320193-21-000105,hybrid + rerank,True,tables,1.0,0.6309,0.5,10,7.36
xbrl-aapl-2021-deferred-tax-assets-tax-credit-carryforwards-usd-0000320193-21-000105,"hybrid + rerank, scores as they are",True,tables,1.0,0.6309,0.5,6,7.36
xbrl-aapl-2021-deferred-tax-assets-goodwill-and-intangible-assets-usd-0000320193-21-000105,hybrid,True,tables,1.0,1.0,1.0,15,6.72
xbrl-aapl-2021-deferred-tax-assets-goodwill-and-intangible-assets-usd-0000320193-21-000105,hybrid + rerank,True,tables,1.0,0.6309,0.5,10,6.72
xbrl-aapl-2021-deferred-tax-assets-goodwill-and-intangible-assets-usd-0000320193-21-000105,"hybrid + rerank, scores as they are",True,tables,1.0,0.5,0.3333,6,6.72
xbrl-aapl-2022-other-assets-current-usd-0000320193-22-000108,hybrid,True,tables,1.0,0.5,0.3333,14,8.85
xbrl-aapl-2022-other-assets-current-usd-0000320193-22-000108,hybrid + rerank,True,tables,1.0,1.0,1.0,9,8.85
xbrl-aapl-2022-other-assets-current-usd-0000320193-22-000108,"hybrid + rerank, scores as they are",True,tables,1.0,1.0,1.0,8,8.85
xbrl-aapl-2022-cash-cash-equivalents-restricted-cash-and-restricted-cash-equivalents-usd-0000320193-22-000108,hybrid,True,tables,1.0,1.0,1.0,16,14.97
xbrl-aapl-2022-cash-cash-equivalents-restricted-cash-and-restricted-cash-equivalents-usd-0000320193-22-000108,hybrid + rerank,True,tables,1.0,1.0,1.0,16,14.97
xbrl-aapl-2022-cash-cash-equivalents-restricted-cash-and-restricted-cash-equivalents-usd-0000320193-22-000108,"hybrid + rerank, scores as they are",True,tables,1.0,1.0,1.0,16,14.97
xbrl-aapl-2022-marketable-securities-noncurrent-usd-0000320193-22-000108,hybrid,True,tables,0.6666666666666666,0.2321,0.0667,16,11.34
xbrl-aapl-2022-marketable-securities-noncurrent-usd-0000320193-22-000108,hybrid + rerank,True,tables,0.0,0.0,0.0,10,11.34
xbrl-aapl-2022-marketable-securities-noncurrent-usd-0000320193-22-000108,"hybrid + rerank, scores as they are",True,tables,0.0,0.0,0.0,10,11.34
xbrl-aapl-2023-interest-expense-usd-0000320193-23-000106,hybrid,True,tables,1.0,1.0,1.0,12,9.31
xbrl-aapl-2023-interest-expense-usd-0000320193-23-000106,hybrid + rerank,True,tables,1.0,1.0,1.0,12,9.31
xbrl-aapl-2023-interest-expense-usd-0000320193-23-000106,"hybrid + rerank, scores as they are",True,tables,1.0,1.0,1.0,8,9.31
xbrl-aapl-2023-liabilities-noncurrent-usd-0000320193-23-000106,hybrid,True,tables,1.0,0.3869,0.2,11,9.13
xbrl-aapl-2023-liabilities-noncurrent-usd-0000320193-23-000106,hybrid + rerank,True,tables,1.0,0.5,0.3333,9,9.13
xbrl-aapl-2023-liabilities-noncurrent-usd-0000320193-23-000106,"hybrid + rerank, scores as they are",True,tables,1.0,0.4307,0.25,6,9.13
xbrl-aapl-2023-unrecognized-tax-benefits-increase-resulting-from-prior-period-tax-positions-usd-0000320193-23-000106,hybrid,True,both,0.3333333333333333,0.4693,1.0,13,9.77
xbrl-aapl-2023-unrecognized-tax-benefits-increase-resulting-from-prior-period-tax-positions-usd-0000320193-23-000106,hybrid + rerank,True,both,0.3333333333333333,0.2021,0.25,8,9.77
xbrl-aapl-2023-unrecognized-tax-benefits-increase-resulting-from-prior-period-tax-positions-usd-0000320193-23-000106,"hybrid + rerank, scores as they are",True,both,0.3333333333333333,0.2021,0.25,5,9.77
xbrl-aapl-2024-other-comprehensive-income-loss-foreign-currency-transaction-and-translation-adjustment-net-of-tax-usd-0000320193-24-000123,hybrid,True,tables,0.5,0.6131,1.0,16,13.82
xbrl-aapl-2024-other-comprehensive-income-loss-foreign-currency-transaction-and-translation-adjustment-net-of-tax-usd-0000320193-24-000123,hybrid + rerank,True,tables,0.5,0.6131,1.0,12,13.82
xbrl-aapl-2024-other-comprehensive-income-loss-foreign-currency-transaction-and-translation-adjustment-net-of-tax-usd-0000320193-24-000123,"hybrid + rerank, scores as they are",True,tables,0.5,0.6131,1.0,8,13.82
xbrl-aapl-2024-repayments-of-long-term-debt-usd-0000320193-24-000123,hybrid,True,tables,1.0,1.0,1.0,14,10.91
xbrl-aapl-2024-repayments-of-long-term-debt-usd-0000320193-24-000123,hybrid + rerank,True,tables,1.0,1.0,1.0,12,10.91
xbrl-aapl-2024-repayments-of-long-term-debt-usd-0000320193-24-000123,"hybrid + rerank, scores as they are",True,tables,1.0,1.0,1.0,7,10.91
xbrl-aapl-2024-long-term-debt-maturity-year-five-usd-0000320193-24-000123,hybrid,True,tables,1.0,0.3869,0.2,14,10.32
xbrl-aapl-2024-long-term-debt-maturity-year-five-usd-0000320193-24-000123,hybrid + rerank,True,tables,1.0,0.4307,0.25,13,10.32
xbrl-aapl-2024-long-term-debt-maturity-year-five-usd-0000320193-24-000123,"hybrid + rerank, scores as they are",True,tables,1.0,0.3562,0.1667,8,10.32
xbrl-aapl-2025-other-comprehensive-income-loss-reclassification-adjustment-from-aoci-for-sale-of-securities-net-of-tax-usd-0000320193-25-000079,hybrid,True,tables,1.0,0.6309,0.5,16,12.54
xbrl-aapl-2025-other-comprehensive-income-loss-reclassification-adjustment-from-aoci-for-sale-of-securities-net-of-tax-usd-0000320193-25-000079,hybrid + rerank,True,tables,1.0,0.6309,0.5,11,12.54
xbrl-aapl-2025-other-comprehensive-income-loss-reclassification-adjustment-from-aoci-for-sale-of-securities-net-of-tax-usd-0000320193-25-000079,"hybrid + rerank, scores as they are",True,tables,1.0,0.6309,0.5,8,12.54
xbrl-aapl-2025-deferred-tax-assets-deferred-income-usd-0000320193-25-000079,hybrid,True,tables,1.0,1.0,1.0,16,10.39
xbrl-aapl-2025-deferred-tax-assets-deferred-income-usd-0000320193-25-000079,hybrid + rerank,True,tables,1.0,0.4307,0.25,11,10.39
xbrl-aapl-2025-deferred-tax-assets-deferred-income-usd-0000320193-25-000079,"hybrid + rerank, scores as they are",True,tables,1.0,0.4307,0.25,7,10.39
xbrl-aapl-2025-property-plant-and-equipment-gross-usd-0000320193-25-000079,hybrid,True,tables,1.0,1.0,1.0,11,9.47
xbrl-aapl-2025-property-plant-and-equipment-gross-usd-0000320193-25-000079,hybrid + rerank,True,tables,1.0,1.0,1.0,11,9.47
xbrl-aapl-2025-property-plant-and-equipment-gross-usd-0000320193-25-000079,"hybrid + rerank, scores as they are",True,tables,1.0,1.0,1.0,7,9.47
xbrl-adbe-2021-cost-amortization-usd-0000796343-22-000032,hybrid,True,prose,1.0,0.25,0.0667,14,8.99
xbrl-adbe-2021-cost-amortization-usd-0000796343-22-000032,hybrid + rerank,True,prose,1.0,1.0,1.0,12,8.99
xbrl-adbe-2021-cost-amortization-usd-0000796343-22-000032,"hybrid + rerank, scores as they are",True,prose,1.0,1.0,1.0,10,8.99
xbrl-adbe-2021-property-plant-and-equipment-gross-usd-0000796343-22-000032,hybrid,True,tables,1.0,1.0,1.0,13,7.83
xbrl-adbe-2021-property-plant-and-equipment-gross-usd-0000796343-22-000032,hybrid + rerank,True,tables,1.0,0.6309,0.5,14,7.83
xbrl-adbe-2021-property-plant-and-equipment-gross-usd-0000796343-22-000032,"hybrid + rerank, scores as they are",True,tables,1.0,0.5,0.3333,8,7.83
xbrl-adbe-2021-deferred-income-tax-expense-benefit-usd-0000796343-22-000032,hybrid,True,both,0.5,0.6131,1.0,16,13.79
xbrl-adbe-2021-deferred-income-tax-expense-benefit-usd-0000796343-22-000032,hybrid + rerank,True,both,0.0,0.0,0.0,5,13.79
xbrl-adbe-2021-deferred-income-tax-expense-benefit-usd-0000796343-22-000032,"hybrid + rerank, scores as they are",True,both,0.0,0.0,0.0,4,13.79
xbrl-adbe-2022-current-income-tax-expense-benefit-usd-0000796343-23-000007,hybrid,True,tables,1.0,0.6309,0.5,12,12.88
xbrl-adbe-2022-current-income-tax-expense-benefit-usd-0000796343-23-000007,hybrid + rerank,True,tables,1.0,0.256,0.0714,8,12.88
xbrl-adbe-2022-current-income-tax-expense-benefit-usd-0000796343-23-000007,"hybrid + rerank, scores as they are",True,tables,1.0,0.25,0.0667,6,12.88
xbrl-adbe-2022-finite-lived-intangible-asset-expected-amortization-year-five-usd-0000796343-23-000007,hybrid,True,tables,0.3333333333333333,0.4693,1.0,12,13.39
xbrl-adbe-2022-finite-lived-intangible-asset-expected-amortization-year-five-usd-0000796343-23-000007,hybrid + rerank,True,tables,0.3333333333333333,0.2346,0.3333,9,13.39
xbrl-adbe-2022-finite-lived-intangible-asset-expected-amortization-year-five-usd-0000796343-23-000007,"hybrid + rerank, scores as they are",True,tables,0.3333333333333333,0.2021,0.25,8,13.39
xbrl-adbe-2022-deferred-income-taxes-and-tax-credits-usd-0000796343-23-000007,hybrid,True,tables,1.0,0.3333,0.1429,16,8.66
xbrl-adbe-2022-deferred-income-taxes-and-tax-credits-usd-0000796343-23-000007,hybrid + rerank,True,tables,0.0,0.0,0.0,5,8.66
xbrl-adbe-2022-deferred-income-taxes-and-tax-credits-usd-0000796343-23-000007,"hybrid + rerank, scores as they are",True,tables,0.0,0.0,0.0,4,8.66
xbrl-adbe-2023-unrecognized-tax-benefits-usd-0000796343-24-000006,hybrid,True,both,1.0,1.0,1.0,10,13.4
xbrl-adbe-2023-unrecognized-tax-benefits-usd-0000796343-24-000006,hybrid + rerank,True,both,1.0,0.8503,1.0,8,13.4
xbrl-adbe-2023-unrecognized-tax-benefits-usd-0000796343-24-000006,"hybrid + rerank, scores as they are",True,both,1.0,0.8503,1.0,4,13.4
xbrl-adbe-2023-income-taxes-paid-net-usd-0000796343-24-000006,hybrid,True,tables,1.0,1.0,1.0,16,18.27
xbrl-adbe-2023-income-taxes-paid-net-usd-0000796343-24-000006,hybrid + rerank,True,tables,1.0,0.6309,0.5,12,18.27
xbrl-adbe-2023-income-taxes-paid-net-usd-0000796343-24-000006,"hybrid + rerank, scores as they are",True,tables,1.0,0.6309,0.5,9,18.27
xbrl-adbe-2023-revenues-usd-0000796343-24-000006,hybrid,True,tables,0.3333333333333333,0.1357,0.1,8,17.06
xbrl-adbe-2023-revenues-usd-0000796343-24-000006,hybrid + rerank,True,tables,1.0,0.4796,0.2,12,17.06
xbrl-adbe-2023-revenues-usd-0000796343-24-000006,"hybrid + rerank, scores as they are",True,tables,0.6666666666666666,0.2893,0.125,9,17.06
xbrl-adbe-2024-deferred-tax-liabilities-gross-usd-0000796343-25-000004,hybrid,True,tables,0.5,0.6131,1.0,16,14.95
xbrl-adbe-2024-deferred-tax-liabilities-gross-usd-0000796343-25-000004,hybrid + rerank,True,tables,0.5,0.3869,0.5,6,14.95
xbrl-adbe-2024-deferred-tax-liabilities-gross-usd-0000796343-25-000004,"hybrid + rerank, scores as they are",True,tables,0.5,0.3066,0.3333,3,14.95
xbrl-adbe-2024-current-income-tax-expense-benefit-usd-0000796343-25-000004,hybrid,True,tables,1.0,0.3869,0.2,14,17.14
xbrl-adbe-2024-current-income-tax-expense-benefit-usd-0000796343-25-000004,hybrid + rerank,True,tables,0.0,0.0,0.0,7,17.14
xbrl-adbe-2024-current-income-tax-expense-benefit-usd-0000796343-25-000004,"hybrid + rerank, scores as they are",True,tables,0.0,0.0,0.0,5,17.14
xbrl-adbe-2024-increase-decrease-in-accrued-liabilities-usd-0000796343-25-000004,hybrid,True,tables,1.0,0.3869,0.2,15,12.3
xbrl-adbe-2024-increase-decrease-in-accrued-liabilities-usd-0000796343-25-000004,hybrid + rerank,True,tables,1.0,0.256,0.0714,10,12.3
xbrl-adbe-2024-increase-decrease-in-accrued-liabilities-usd-0000796343-25-000004,"hybrid + rerank, scores as they are",True,tables,0.0,0.0,0.0,7,12.3
xbrl-adbe-2025-cost-of-revenue-usd-0000796343-26-000003,hybrid,True,tables,1.0,0.906,1.0,15,17.37
xbrl-adbe-2025-cost-of-revenue-usd-0000796343-26-000003,hybrid + rerank,True,tables,1.0,0.6575,0.5,13,17.37
xbrl-adbe-2025-cost-of-revenue-usd-0000796343-26-000003,"hybrid + rerank, scores as they are",True,tables,0.6666666666666666,0.3836,0.25,9,17.37
xbrl-adbe-2025-payments-for-repurchase-of-common-stock-usd-0000796343-26-000003,hybrid,True,tables,1.0,0.8316,1.0,14,18.19
xbrl-adbe-2025-payments-for-repurchase-of-common-stock-usd-0000796343-26-000003,hybrid + rerank,True,tables,1.0,0.4144,0.2,9,18.19
xbrl-adbe-2025-payments-for-repurchase-of-common-stock-usd-0000796343-26-000003,"hybrid + rerank, scores as they are",True,tables,1.0,0.4082,0.2,7,18.19
xbrl-adbe-2025-current-federal-tax-expense-benefit-usd-0000796343-26-000003,hybrid,True,tables,1.0,0.6309,0.5,13,18.72
xbrl-adbe-2025-current-federal-tax-expense-benefit-usd-0000796343-26-000003,hybrid + rerank,True,tables,1.0,0.301,0.1111,9,18.72
xbrl-adbe-2025-current-federal-tax-expense-benefit-usd-0000796343-26-000003,"hybrid + rerank, scores as they are",True,tables,1.0,0.2702,0.0833,6,18.72
xbrl-amzn-2021-goodwill-usd-0001018724-22-000005,hybrid,True,tables,1.0,1.0,1.0,9,21.83
xbrl-amzn-2021-goodwill-usd-0001018724-22-000005,hybrid + rerank,True,tables,1.0,0.6509,0.5,14,21.83
xbrl-amzn-2021-goodwill-usd-0001018724-22-000005,"hybrid + rerank, scores as they are",True,tables,1.0,0.6053,0.5,2,21.83
xbrl-amzn-2021-effective-income-tax-rate-reconciliation-other-adjustments-amount-usd-0001018724-22-000005,hybrid,True,both,0.5,0.3869,0.5,11,16.6
xbrl-amzn-2021-effective-income-tax-rate-reconciliation-other-adjustments-amount-usd-0001018724-22-000005,hybrid + rerank,True,both,0.5,0.171,0.0909,8,16.6
xbrl-amzn-2021-effective-income-tax-rate-reconciliation-other-adjustments-amount-usd-0001018724-22-000005,"hybrid + rerank, scores as they are",True,both,0.5,0.1533,0.0667,4,16.6
xbrl-amzn-2021-finance-lease-liability-to-be-paid-year-one-usd-0001018724-22-000005,hybrid,True,tables,1.0,0.3869,0.2,15,10.29
xbrl-amzn-2021-finance-lease-liability-to-be-paid-year-one-usd-0001018724-22-000005,hybrid + rerank,True,tables,1.0,1.0,1.0,11,10.29
xbrl-amzn-2021-finance-lease-liability-to-be-paid-year-one-usd-0001018724-22-000005,"hybrid + rerank, scores as they are",True,tables,1.0,0.6309,0.5,8,10.29
xbrl-amzn-2022-weighted-average-number-of-shares-outstanding-basic-shares-0001018724-23-000004,hybrid,True,tables,1.0,0.6934,0.5,16,12.68
xbrl-amzn-2022-weighted-average-number-of-shares-outstanding-basic-shares-0001018724-23-000004,hybrid + rerank,True,tables,1.0,0.6934,0.5,9,12.68
xbrl-amzn-2022-weighted-average-number-of-shares-outstanding-basic-shares-0001018724-23-000004,"hybrid + rerank, scores as they are",True,tables,1.0,0.6934,0.5,6,12.68
xbrl-amzn-2022-other-assets-noncurrent-usd-0001018724-23-000004,hybrid,True,tables,1.0,0.4307,0.25,14,11.08
xbrl-amzn-2022-other-assets-noncurrent-usd-0001018724-23-000004,hybrid + rerank,True,tables,1.0,0.3869,0.2,8,11.08
xbrl-amzn-2022-other-assets-noncurrent-usd-0001018724-23-000004,"hybrid + rerank, scores as they are",True,tables,1.0,0.2789,0.0909,4,11.08
xbrl-amzn-2022-deferred-tax-liabilities-property-plant-and-equipment-usd-0001018724-23-000004,hybrid,True,tables,1.0,1.0,1.0,13,9.47
xbrl-amzn-2022-deferred-tax-liabilities-property-plant-and-equipment-usd-0001018724-23-000004,hybrid + rerank,True,tables,1.0,0.6309,0.5,6,9.47
xbrl-amzn-2022-deferred-tax-liabilities-property-plant-and-equipment-usd-0001018724-23-000004,"hybrid + rerank, scores as they are",True,tables,1.0,0.6309,0.5,3,9.47
xbrl-amzn-2023-lessee-operating-lease-liability-to-be-paid-year-one-usd-0001018724-24-000008,hybrid,True,tables,1.0,0.3562,0.1667,16,12.73
xbrl-amzn-2023-lessee-operating-lease-liability-to-be-paid-year-one-usd-0001018724-24-000008,hybrid + rerank,True,tables,1.0,0.5,0.3333,12,12.73
xbrl-amzn-2023-lessee-operating-lease-liability-to-be-paid-year-one-usd-0001018724-24-000008,"hybrid + rerank, scores as they are",True,tables,1.0,0.3869,0.2,9,12.73
xbrl-amzn-2023-unrecorded-unconditional-purchase-obligation-to-be-paid-year-four-usd-0001018724-24-000008,hybrid,True,tables,1.0,1.0,1.0,13,14.37
xbrl-amzn-2023-unrecorded-unconditional-purchase-obligation-to-be-paid-year-four-usd-0001018724-24-000008,hybrid + rerank,True,tables,1.0,1.0,1.0,14,14.37
xbrl-amzn-2023-unrecorded-unconditional-purchase-obligation-to-be-paid-year-four-usd-0001018724-24-000008,"hybrid + rerank, scores as they are",True,tables,1.0,1.0,1.0,8,14.37
xbrl-amzn-2023-contractual-obligation-to-be-paid-year-one-usd-0001018724-24-000008,hybrid,True,tables,1.0,0.256,0.0714,12,15.64
xbrl-amzn-2023-contractual-obligation-to-be-paid-year-one-usd-0001018724-24-000008,hybrid + rerank,True,tables,1.0,1.0,1.0,14,15.64
xbrl-amzn-2023-contractual-obligation-to-be-paid-year-one-usd-0001018724-24-000008,"hybrid + rerank, scores as they are",True,tables,1.0,0.6309,0.5,7,15.64
xbrl-amzn-2024-general-and-administrative-expense-usd-0001018724-25-000004,hybrid,True,tables,1.0,0.6934,0.5,12,12.44
xbrl-amzn-2024-general-and-administrative-expense-usd-0001018724-25-000004,hybrid + rerank,True,tables,1.0,0.5,0.3333,11,12.44
xbrl-amzn-2024-general-and-administrative-expense-usd-0001018724-25-000004,"hybrid + rerank, scores as they are",True,tables,1.0,0.4838,0.3333,6,12.44
xbrl-amzn-2024-goodwill-acquired-during-period-usd-0001018724-25-000004,hybrid,True,tables,0.5,0.6131,1.0,12,9.07
xbrl-amzn-2024-goodwill-acquired-during-period-usd-0001018724-25-000004,hybrid + rerank,True,tables,0.5,0.3066,0.3333,11,9.07
xbrl-amzn-2024-goodwill-acquired-during-period-usd-0001018724-25-000004,"hybrid + rerank, scores as they are",True,tables,0.5,0.2641,0.25,3,9.07
xbrl-amzn-2024-repayments-of-long-term-debt-usd-0001018724-25-000004,hybrid,True,tables,1.0,0.6309,0.5,16,9.72
xbrl-amzn-2024-repayments-of-long-term-debt-usd-0001018724-25-000004,hybrid + rerank,True,tables,1.0,0.6309,0.5,9,9.72
xbrl-amzn-2024-repayments-of-long-term-debt-usd-0001018724-25-000004,"hybrid + rerank, scores as they are",True,tables,1.0,0.5,0.3333,7,9.72
xbrl-amzn-2025-deferred-tax-assets-tax-deferred-expense-reserves-and-accruals-usd-0001018724-26-000004,hybrid,True,tables,0.5,0.6131,1.0,13,15.01
xbrl-amzn-2025-deferred-tax-assets-tax-deferred-expense-reserves-and-accruals-usd-0001018724-26-000004,hybrid + rerank,True,tables,0.5,0.3869,0.5,5,15.01
xbrl-amzn-2025-deferred-tax-assets-tax-deferred-expense-reserves-and-accruals-usd-0001018724-26-000004,"hybrid + rerank, scores as they are",True,tables,0.5,0.3869,0.5,4,15.01
xbrl-amzn-2025-additional-paid-in-capital-usd-0001018724-26-000004,hybrid,True,both,0.3333333333333333,0.4693,1.0,10,14.43
xbrl-amzn-2025-additional-paid-in-capital-usd-0001018724-26-000004,hybrid + rerank,True,both,0.3333333333333333,0.2961,0.5,15,14.43
xbrl-amzn-2025-additional-paid-in-capital-usd-0001018724-26-000004,"hybrid + rerank, scores as they are",True,both,0.3333333333333333,0.2961,0.5,4,14.43
xbrl-amzn-2025-other-assets-noncurrent-usd-0001018724-26-000004,hybrid,True,tables,1.0,0.4307,0.25,12,9.1
xbrl-amzn-2025-other-assets-noncurrent-usd-0001018724-26-000004,hybrid + rerank,True,tables,1.0,0.3869,0.2,9,9.1
xbrl-amzn-2025-other-assets-noncurrent-usd-0001018724-26-000004,"hybrid + rerank, scores as they are",True,tables,1.0,0.301,0.1111,5,9.1
xbrl-avgo-2021-intangible-assets-net-excluding-goodwill-usd-0001730168-21-000153,hybrid,True,tables,1.0,0.4566,0.3333,16,7.77
xbrl-avgo-2021-intangible-assets-net-excluding-goodwill-usd-0001730168-21-000153,hybrid + rerank,True,tables,0.5,0.2372,0.2,6,7.77
xbrl-avgo-2021-intangible-assets-net-excluding-goodwill-usd-0001730168-21-000153,"hybrid + rerank, scores as they are",True,tables,0.5,0.2372,0.2,5,7.77
xbrl-avgo-2021-increase-decrease-in-accounts-receivable-usd-0001730168-21-000153,hybrid,True,tables,0.0,0.0,0.0,11,9.09
xbrl-avgo-2021-increase-decrease-in-accounts-receivable-usd-0001730168-21-000153,hybrid + rerank,True,tables,0.0,0.0,0.0,4,9.09
xbrl-avgo-2021-increase-decrease-in-accounts-receivable-usd-0001730168-21-000153,"hybrid + rerank, scores as they are",True,tables,0.0,0.0,0.0,4,9.09
xbrl-avgo-2021-proceeds-from-sale-of-property-plant-and-equipment-usd-0001730168-21-000153,hybrid,True,prose,0.0,0.0,0.0,12,9.7
xbrl-avgo-2021-proceeds-from-sale-of-property-plant-and-equipment-usd-0001730168-21-000153,hybrid + rerank,True,prose,1.0,0.25,0.0667,6,9.7
xbrl-avgo-2021-proceeds-from-sale-of-property-plant-and-equipment-usd-0001730168-21-000153,"hybrid + rerank, scores as they are",True,prose,1.0,0.256,0.0714,5,9.7
xbrl-avgo-2022-gain-loss-on-extinguishment-of-debt-usd-0001730168-22-000118,hybrid,True,prose,0.0,0.0,0.0,12,9.48
xbrl-avgo-2022-gain-loss-on-extinguishment-of-debt-usd-0001730168-22-000118,hybrid + rerank,True,prose,0.0,0.0,0.0,11,9.48
xbrl-avgo-2022-gain-loss-on-extinguishment-of-debt-usd-0001730168-22-000118,"hybrid + rerank, scores as they are",True,prose,0.0,0.0,0.0,5,9.48
xbrl-avgo-2022-deferred-tax-liabilities-deferred-expense-debt-issuance-costs-usd-0001730168-22-000118,hybrid,True,both,0.6666666666666666,0.5841,1.0,14,9.82
xbrl-avgo-2022-deferred-tax-liabilities-deferred-expense-debt-issuance-costs-usd-0001730168-22-000118,hybrid + rerank,True,both,1.0,0.9066,1.0,6,9.82
xbrl-avgo-2022-deferred-tax-liabilities-deferred-expense-debt-issuance-costs-usd-0001730168-22-000118,"hybrid + rerank, scores as they are",True,both,1.0,0.9134,1.0,4,9.82
xbrl-avgo-2022-finite-lived-intangible-asset-expected-amortization-year-four-usd-0001730168-22-000118,hybrid,True,tables,1.0,0.6309,0.5,12,11.47
xbrl-avgo-2022-finite-lived-intangible-asset-expected-amortization-year-four-usd-0001730168-22-000118,hybrid + rerank,True,tables,1.0,0.2702,0.0833,8,11.47
xbrl-avgo-2022-finite-lived-intangible-asset-expected-amortization-year-four-usd-0001730168-22-000118,"hybrid + rerank, scores as they are",True,tables,1.0,0.2626,0.0769,7,11.47
xbrl-avgo-2023-increase-decrease-in-other-noncurrent-assets-and-liabilities-net-usd-0001730168-23-000096,hybrid,True,tables,1.0,0.5912,0.5,13,8.51
xbrl-avgo-2023-increase-decrease-in-other-noncurrent-assets-and-liabilities-net-usd-0001730168-23-000096,hybrid + rerank,True,tables,1.0,0.3941,0.2,6,8.51
xbrl-avgo-2023-increase-decrease-in-other-noncurrent-assets-and-liabilities-net-usd-0001730168-23-000096,"hybrid + rerank, scores as they are",True,tables,0.5,0.1934,0.125,5,8.51
xbrl-avgo-2023-land-usd-0001730168-23-000096,hybrid,True,both,0.6666666666666666,0.6364,1.0,10,10.68
xbrl-avgo-2023-land-usd-0001730168-23-000096,hybrid + rerank,True,both,0.6666666666666666,0.338,0.2,16,10.68
xbrl-avgo-2023-land-usd-0001730168-23-000096,"hybrid + rerank, scores as they are",True,both,0.6666666666666666,0.2713,0.125,7,10.68
xbrl-avgo-2023-weighted-average-number-of-shares-outstanding-basic-shares-0001730168-23-000096,hybrid,True,tables,1.0,0.8772,1.0,16,10.46
xbrl-avgo-2023-weighted-average-number-of-shares-outstanding-basic-shares-0001730168-23-000096,hybrid + rerank,True,tables,1.0,0.6934,0.5,9,10.46
xbrl-avgo-2023-weighted-average-number-of-shares-outstanding-basic-shares-0001730168-23-000096,"hybrid + rerank, scores as they are",True,tables,1.0,0.6934,0.5,5,10.46
xbrl-avgo-2024-payments-of-dividends-usd-0001730168-24-000139,hybrid,True,both,0.6666666666666666,0.7654,1.0,11,8.59
xbrl-avgo-2024-payments-of-dividends-usd-0001730168-24-000139,hybrid + rerank,True,both,0.6666666666666666,0.7654,1.0,12,8.59
xbrl-avgo-2024-payments-of-dividends-usd-0001730168-24-000139,"hybrid + rerank, scores as they are",True,both,0.6666666666666666,0.4018,0.3333,6,8.59
xbrl-avgo-2024-share-based-payment-arrangement-decrease-for-tax-withholding-obligation-usd-0001730168-24-000139,hybrid,True,both,0.0,0.0,0.0,10,11.45
xbrl-avgo-2024-share-based-payment-arrangement-decrease-for-tax-withholding-obligation-usd-0001730168-24-000139,hybrid + rerank,True,both,0.0,0.0,0.0,10,11.45
xbrl-avgo-2024-share-based-payment-arrangement-decrease-for-tax-withholding-obligation-usd-0001730168-24-000139,"hybrid + rerank, scores as they are",True,both,0.0,0.0,0.0,4,11.45
xbrl-avgo-2024-lessee-operating-lease-liability-to-be-paid-year-one-usd-0001730168-24-000139,hybrid,True,tables,1.0,0.6309,0.5,11,11.46
xbrl-avgo-2024-lessee-operating-lease-liability-to-be-paid-year-one-usd-0001730168-24-000139,hybrid + rerank,True,tables,1.0,0.6309,0.5,12,11.46
xbrl-avgo-2024-lessee-operating-lease-liability-to-be-paid-year-one-usd-0001730168-24-000139,"hybrid + rerank, scores as they are",True,tables,1.0,0.4307,0.25,6,11.46
xbrl-avgo-2025-operating-lease-cost-usd-0001730168-25-000121,hybrid,True,both,0.0,0.0,0.0,16,8.99
xbrl-avgo-2025-operating-lease-cost-usd-0001730168-25-000121,hybrid + rerank,True,both,0.3333333333333333,0.1357,0.1,11,8.99
xbrl-avgo-2025-operating-lease-cost-usd-0001730168-25-000121,"hybrid + rerank, scores as they are",True,both,0.3333333333333333,0.1672,0.1667,9,8.99
xbrl-avgo-2025-current-federal-tax-expense-benefit-usd-0001730168-25-000121,hybrid,True,tables,1.0,1.0,1.0,14,8.43
xbrl-avgo-2025-current-federal-tax-expense-benefit-usd-0001730168-25-000121,hybrid + rerank,True,tables,1.0,0.6309,0.5,13,8.43
xbrl-avgo-2025-current-federal-tax-expense-benefit-usd-0001730168-25-000121,"hybrid + rerank, scores as they are",True,tables,1.0,0.6309,0.5,9,8.43
xbrl-avgo-2025-unrecognized-tax-benefits-usd-0001730168-25-000121,hybrid,True,tables,0.0,0.0,0.0,12,8.35
xbrl-avgo-2025-unrecognized-tax-benefits-usd-0001730168-25-000121,hybrid + rerank,True,tables,0.0,0.0,0.0,9,8.35
xbrl-avgo-2025-unrecognized-tax-benefits-usd-0001730168-25-000121,"hybrid + rerank, scores as they are",True,tables,0.0,0.0,0.0,3,8.35
xbrl-crm-2021-share-based-compensation-arrangement-by-share-based-payment-award-options-forfeitures-and-expirations-in-period-shares-0001108524-22-000008,hybrid,True,both,0.0,0.0,0.0,12,9.03
xbrl-crm-2021-share-based-compensation-arrangement-by-share-based-payment-award-options-forfeitures-and-expirations-in-period-shares-0001108524-22-000008,hybrid + rerank,True,both,0.0,0.0,0.0,6,9.03
xbrl-crm-2021-share-based-compensation-arrangement-by-share-based-payment-award-options-forfeitures-and-expirations-in-period-shares-0001108524-22-000008,"hybrid + rerank, scores as they are",True,both,0.0,0.0,0.0,4,9.03
xbrl-crm-2021-intangible-assets-net-excluding-goodwill-usd-0001108524-22-000008,hybrid,True,both,0.6666666666666666,0.3911,0.3333,16,8.47
xbrl-crm-2021-intangible-assets-net-excluding-goodwill-usd-0001108524-22-000008,hybrid + rerank,True,both,1.0,0.6291,0.5,8,8.47
xbrl-crm-2021-intangible-assets-net-excluding-goodwill-usd-0001108524-22-000008,"hybrid + rerank, scores as they are",True,both,1.0,0.5924,0.5,7,8.47
xbrl-crm-2021-finite-lived-intangible-asset-expected-amortization-year-three-usd-0001108524-22-000008,hybrid,True,prose,1.0,0.2789,0.0909,13,12.78
xbrl-crm-2021-finite-lived-intangible-asset-expected-amortization-year-three-usd-0001108524-22-000008,hybrid + rerank,True,prose,1.0,0.6309,0.5,9,12.78
xbrl-crm-2021-finite-lived-intangible-asset-expected-amortization-year-three-usd-0001108524-22-000008,"hybrid + rerank, scores as they are",True,prose,1.0,0.6309,0.5,7,12.78
xbrl-crm-2022-debt-securities-available-for-sale-usd-0001108524-22-000013,hybrid,True,tables,0.0,0.0,0.0,13,11.64
xbrl-crm-2022-debt-securities-available-for-sale-usd-0001108524-22-000013,hybrid + rerank,True,tables,0.3333333333333333,0.1268,0.0833,11,11.64
xbrl-crm-2022-debt-securities-available-for-sale-usd-0001108524-22-000013,"hybrid + rerank, scores as they are",True,tables,0.0,0.0,0.0,4,11.64
xbrl-crm-2022-finance-lease-right-of-use-asset-accumulated-amortization-usd-0001108524-22-000013,hybrid,True,both,0.3333333333333333,0.2961,0.5,16,11.01
xbrl-crm-2022-finance-lease-right-of-use-asset-accumulated-amortization-usd-0001108524-22-000013,hybrid + rerank,True,both,1.0,0.7123,0.5,9,11.01
xbrl-crm-2022-finance-lease-right-of-use-asset-accumulated-amortization-usd-0001108524-22-000013,"hybrid + rerank, scores as they are",True,both,1.0,0.7123,0.5,9,11.01
xbrl-crm-2022-goodwill-usd-0001108524-22-000013,hybrid,True,tables,0.5,0.3066,0.3333,8,10.65
xbrl-crm-2022-goodwill-usd-0001108524-22-000013,hybrid + rerank,True,tables,0.5,0.1772,0.1,6,10.65
xbrl-crm-2022-goodwill-usd-0001108524-22-000013,"hybrid + rerank, scores as they are",True,tables,0.5,0.1533,0.0667,3,10.65
xbrl-crm-2023-deferred-tax-assets-tax-deferred-expense-compensation-and-benefits-share-based-compensation-cost-usd-0001108524-23-000011,hybrid,True,both,0.3333333333333333,0.1268,0.0833,10,9.29
xbrl-crm-2023-deferred-tax-assets-tax-deferred-expense-compensation-and-benefits-share-based-compensation-cost-usd-0001108524-23-000011,hybrid + rerank,True,both,0.3333333333333333,0.1564,0.1429,6,9.29
xbrl-crm-2023-deferred-tax-assets-tax-deferred-expense-compensation-and-benefits-share-based-compensation-cost-usd-0001108524-23-000011,"hybrid + rerank, scores as they are",True,both,0.3333333333333333,0.1564,0.1429,5,9.29
xbrl-crm-2023-finance-lease-liability-current-usd-0001108524-23-000011,hybrid,True,tables,1.0,0.6309,0.5,15,8.09
xbrl-crm-2023-finance-lease-liability-current-usd-0001108524-23-000011,hybrid + rerank,True,tables,1.0,1.0,1.0,10,8.09
xbrl-crm-2023-finance-lease-liability-current-usd-0001108524-23-000011,"hybrid + rerank, scores as they are",True,tables,1.0,1.0,1.0,9,8.09
xbrl-crm-2023-share-based-compensation-arrangement-by-share-based-payment-award-options-vested-and-expected-to-vest-outstanding-aggregate-intrinsic-value-usd-0001108524-23-000011,hybrid,True,prose,1.0,0.256,0.0714,12,13.33
xbrl-crm-2023-share-based-compensation-arrangement-by-share-based-payment-award-options-vested-and-expected-to-vest-outstanding-aggregate-intrinsic-value-usd-0001108524-23-000011,hybrid + rerank,True,prose,1.0,1.0,1.0,6,13.33
xbrl-crm-2023-share-based-compensation-arrangement-by-share-based-payment-award-options-vested-and-expected-to-vest-outstanding-aggregate-intrinsic-value-usd-0001108524-23-000011,"hybrid + rerank, scores as they are",True,prose,1.0,1.0,1.0,3,13.33
xbrl-crm-2024-research-and-development-expense-usd-0001108524-24-000005,hybrid,True,tables,1.0,0.6448,0.5,11,9.46
xbrl-crm-2024-research-and-development-expense-usd-0001108524-24-000005,hybrid + rerank,True,tables,1.0,0.5267,0.3333,9,9.46
xbrl-crm-2024-research-and-development-expense-usd-0001108524-24-000005,"hybrid + rerank, scores as they are",True,tables,1.0,0.4702,0.25,6,9.46
xbrl-crm-2024-lessee-operating-lease-liability-to-be-paid-year-two-usd-0001108524-24-000005,hybrid,True,tables,1.0,0.3869,0.2,12,11.54
xbrl-crm-2024-lessee-operating-lease-liability-to-be-paid-year-two-usd-0001108524-24-000005,hybrid + rerank,True,tables,1.0,0.301,0.1111,10,11.54
xbrl-crm-2024-lessee-operating-lease-liability-to-be-paid-year-two-usd-0001108524-24-000005,"hybrid + rerank, scores as they are",True,tables,1.0,0.2891,0.1,8,11.54
xbrl-crm-2024-deferred-tax-liabilities-leasing-arrangements-usd-0001108524-24-000005,hybrid,True,both,1.0,0.7127,1.0,11,10.88
xbrl-crm-2024-deferred-tax-liabilities-leasing-arrangements-usd-0001108524-24-000005,hybrid + rerank,True,both,1.0,0.906,1.0,7,10.88
xbrl-crm-2024-deferred-tax-liabilities-leasing-arrangements-usd-0001108524-24-000005,"hybrid + rerank, scores as they are",True,both,1.0,0.906,1.0,6,10.88
xbrl-crm-2025-finite-lived-intangible-asset-expected-amortization-year-four-usd-0001108524-25-000006,hybrid,True,prose,1.0,0.3155,0.125,13,12.58
xbrl-crm-2025-finite-lived-intangible-asset-expected-amortization-year-four-usd-0001108524-25-000006,hybrid + rerank,True,prose,1.0,1.0,1.0,9,12.58
xbrl-crm-2025-finite-lived-intangible-asset-expected-amortization-year-four-usd-0001108524-25-000006,"hybrid + rerank, scores as they are",True,prose,1.0,1.0,1.0,7,12.58
xbrl-crm-2025-effective-income-tax-rate-reconciliation-at-federal-statutory-income-tax-rate-amount-usd-0001108524-25-000006,hybrid,True,tables,1.0,1.0,1.0,10,9.69
xbrl-crm-2025-effective-income-tax-rate-reconciliation-at-federal-statutory-income-tax-rate-amount-usd-0001108524-25-000006,hybrid + rerank,True,tables,1.0,1.0,1.0,10,9.69
xbrl-crm-2025-effective-income-tax-rate-reconciliation-at-federal-statutory-income-tax-rate-amount-usd-0001108524-25-000006,"hybrid + rerank, scores as they are",True,tables,1.0,1.0,1.0,9,9.69
xbrl-crm-2025-payments-to-acquire-businesses-net-of-cash-acquired-usd-0001108524-25-000006,hybrid,True,tables,1.0,1.0,1.0,11,11.09
xbrl-crm-2025-payments-to-acquire-businesses-net-of-cash-acquired-usd-0001108524-25-000006,hybrid + rerank,True,tables,1.0,1.0,1.0,8,11.09
xbrl-crm-2025-payments-to-acquire-businesses-net-of-cash-acquired-usd-0001108524-25-000006,"hybrid + rerank, scores as they are",True,tables,1.0,0.6309,0.5,6,11.09
xbrl-csco-2021-deferred-tax-liabilities-goodwill-and-intangible-assets-usd-0000858877-21-000013,hybrid,True,tables,1.0,1.0,1.0,14,11.07
xbrl-csco-2021-deferred-tax-liabilities-goodwill-and-intangible-assets-usd-0000858877-21-000013,hybrid + rerank,True,tables,1.0,0.6309,0.5,7,11.07
xbrl-csco-2021-deferred-tax-liabilities-goodwill-and-intangible-assets-usd-0000858877-21-000013,"hybrid + rerank, scores as they are",True,tables,1.0,0.6309,0.5,7,11.07
xbrl-csco-2021-contract-with-customer-asset-before-allowance-for-credit-loss-usd-0000858877-21-000013,hybrid,True,tables,0.0,0.0,0.0,12,14.16
xbrl-csco-2021-contract-with-customer-asset-before-allowance-for-credit-loss-usd-0000858877-21-000013,hybrid + rerank,True,tables,0.0,0.0,0.0,7,14.16
xbrl-csco-2021-contract-with-customer-asset-before-allowance-for-credit-loss-usd-0000858877-21-000013,"hybrid + rerank, scores as they are",True,tables,0.0,0.0,0.0,6,14.16
xbrl-csco-2021-capitalized-contract-cost-net-usd-0000858877-21-000013,hybrid,True,prose,1.0,0.3562,0.1667,9,13.2
xbrl-csco-2021-capitalized-contract-cost-net-usd-0000858877-21-000013,hybrid + rerank,True,prose,1.0,1.0,1.0,13,13.2
xbrl-csco-2021-capitalized-contract-cost-net-usd-0000858877-21-000013,"hybrid + rerank, scores as they are",True,prose,1.0,1.0,1.0,10,13.2
xbrl-csco-2022-income-loss-from-continuing-operations-before-income-taxes-domestic-usd-0000858877-22-000013,hybrid,True,tables,0.0,0.0,0.0,15,10.88
xbrl-csco-2022-income-loss-from-continuing-operations-before-income-taxes-domestic-usd-0000858877-22-000013,hybrid + rerank,True,tables,0.0,0.0,0.0,14,10.88
xbrl-csco-2022-income-loss-from-continuing-operations-before-income-taxes-domestic-usd-0000858877-22-000013,"hybrid + rerank, scores as they are",True,tables,0.0,0.0,0.0,9,10.88
xbrl-csco-2022-equity-securities-fv-ni-usd-0000858877-22-000013,hybrid,True,both,0.6666666666666666,0.5894,1.0,15,11.74
xbrl-csco-2022-equity-securities-fv-ni-usd-0000858877-22-000013,hybrid + rerank,True,both,0.3333333333333333,0.2021,0.25,12,11.74
xbrl-csco-2022-equity-securities-fv-ni-usd-0000858877-22-000013,"hybrid + rerank, scores as they are",True,both,0.6666666666666666,0.3045,0.1429,7,11.74
xbrl-csco-2022-other-comprehensive-income-loss-cash-flow-hedge-gain-loss-before-reclassification-tax-usd-0000858877-22-000013,hybrid,True,tables,0.0,0.0,0.0,16,11.51
xbrl-csco-2022-other-comprehensive-income-loss-cash-flow-hedge-gain-loss-before-reclassification-tax-usd-0000858877-22-000013,hybrid + rerank,True,tables,0.0,0.0,0.0,14,11.51
xbrl-csco-2022-other-comprehensive-income-loss-cash-flow-hedge-gain-loss-before-reclassification-tax-usd-0000858877-22-000013,"hybrid + rerank, scores as they are",True,tables,0.0,0.0,0.0,13,11.51
xbrl-csco-2023-retained-earnings-accumulated-deficit-usd-0000858877-23-000023,hybrid,True,both,0.3333333333333333,0.148,0.125,16,10.91
xbrl-csco-2023-retained-earnings-accumulated-deficit-usd-0000858877-23-000023,hybrid + rerank,True,both,1.0,0.4078,0.1111,12,10.91
xbrl-csco-2023-retained-earnings-accumulated-deficit-usd-0000858877-23-000023,"hybrid + rerank, scores as they are",True,both,1.0,0.4037,0.1111,10,10.91
xbrl-csco-2023-indefinite-lived-intangible-assets-excluding-goodwill-usd-0000858877-23-000023,hybrid,True,both,0.3333333333333333,0.2021,0.25,11,13.6
xbrl-csco-2023-indefinite-lived-intangible-assets-excluding-goodwill-usd-0000858877-23-000023,hybrid + rerank,True,both,0.3333333333333333,0.2961,0.5,8,13.6
xbrl-csco-2023-indefinite-lived-intangible-assets-excluding-goodwill-usd-0000858877-23-000023,"hybrid + rerank, scores as they are",True,both,0.3333333333333333,0.2961,0.5,7,13.6
xbrl-csco-2023-deferred-tax-assets-valuation-allowance-usd-0000858877-23-000023,hybrid,True,tables,0.6666666666666666,0.6002,1.0,13,12.58
xbrl-csco-2023-deferred-tax-assets-valuation-allowance-usd-0000858877-23-000023,hybrid + rerank,True,tables,0.3333333333333333,0.2961,0.5,7,12.58
xbrl-csco-2023-deferred-tax-assets-valuation-allowance-usd-0000858877-23-000023,"hybrid + rerank, scores as they are",True,tables,0.3333333333333333,0.2961,0.5,6,12.58
xbrl-csco-2024-proceeds-from-issuance-of-long-term-debt-usd-0000858877-24-000017,hybrid,True,tables,1.0,0.4307,0.25,14,14.61
xbrl-csco-2024-proceeds-from-issuance-of-long-term-debt-usd-0000858877-24-000017,hybrid + rerank,True,tables,1.0,0.4307,0.25,10,14.61
xbrl-csco-2024-proceeds-from-issuance-of-long-term-debt-usd-0000858877-24-000017,"hybrid + rerank, scores as they are",True,tables,1.0,0.3869,0.2,8,14.61
xbrl-csco-2024-deferred-tax-assets-valuation-allowance-usd-0000858877-24-000017,hybrid,True,tables,0.5,0.6131,1.0,13,12.46
xbrl-csco-2024-deferred-tax-assets-valuation-allowance-usd-0000858877-24-000017,hybrid + rerank,True,tables,0.5,0.2641,0.25,6,12.46
xbrl-csco-2024-deferred-tax-assets-valuation-allowance-usd-0000858877-24-000017,"hybrid + rerank, scores as they are",True,tables,0.5,0.2641,0.25,6,12.46
xbrl-csco-2024-lessee-operating-lease-liability-to-be-paid-year-one-usd-0000858877-24-000017,hybrid,True,tables,0.5,0.2044,0.1429,12,11.11
xbrl-csco-2024-lessee-operating-lease-liability-to-be-paid-year-one-usd-0000858877-24-000017,hybrid + rerank,True,tables,1.0,0.4351,0.25,12,11.11
xbrl-csco-2024-lessee-operating-lease-liability-to-be-paid-year-one-usd-0000858877-24-000017,"hybrid + rerank, scores as they are",True,tables,1.0,0.4351,0.25,9,11.11
xbrl-csco-2025-deferred-tax-liabilities-goodwill-and-intangible-assets-usd-0000858877-25-000111,hybrid,True,both,1.0,0.7977,1.0,15,13.41
xbrl-csco-2025-deferred-tax-liabilities-goodwill-and-intangible-assets-usd-0000858877-25-000111,hybrid + rerank,True,both,1.0,0.9197,1.0,8,13.41
xbrl-csco-2025-deferred-tax-liabilities-goodwill-and-intangible-assets-usd-0000858877-25-000111,"hybrid + rerank, scores as they are",True,both,1.0,0.9197,1.0,7,13.41
xbrl-csco-2025-debt-securities-available-for-sale-fair-value-maturity-allocated-and-single-maturity-date-year-one-usd-0000858877-25-000111,hybrid,True,tables,1.0,1.0,1.0,16,15.99
xbrl-csco-2025-debt-securities-available-for-sale-fair-value-maturity-allocated-and-single-maturity-date-year-one-usd-0000858877-25-000111,hybrid + rerank,True,tables,1.0,0.3333,0.1429,6,15.99
xbrl-csco-2025-debt-securities-available-for-sale-fair-value-maturity-allocated-and-single-maturity-date-year-one-usd-0000858877-25-000111,"hybrid + rerank, scores as they are",True,tables,1.0,0.3155,0.125,5,15.99
xbrl-csco-2025-current-foreign-tax-expense-benefit-usd-0000858877-25-000111,hybrid,True,tables,1.0,0.3562,0.1667,15,9.77
xbrl-csco-2025-current-foreign-tax-expense-benefit-usd-0000858877-25-000111,hybrid + rerank,True,tables,1.0,0.2626,0.0769,11,9.77
xbrl-csco-2025-current-foreign-tax-expense-benefit-usd-0000858877-25-000111,"hybrid + rerank, scores as they are",True,tables,0.0,0.0,0.0,7,9.77
xbrl-googl-2021-comprehensive-income-loss-net-of-tax-attributable-to-parent-usd-0001652044-22-000019,hybrid,True,tables,0.0,0.0,0.0,16,11.76
xbrl-googl-2021-comprehensive-income-loss-net-of-tax-attributable-to-parent-usd-0001652044-22-000019,hybrid + rerank,True,tables,0.0,0.0,0.0,16,11.76
xbrl-googl-2021-comprehensive-income-loss-net-of-tax-attributable-to-parent-usd-0001652044-22-000019,"hybrid + rerank, scores as they are",True,tables,0.0,0.0,0.0,15,11.76
xbrl-googl-2021-apic-share-based-payment-arrangement-increase-for-cost-recognition-usd-0001652044-22-000019,hybrid,True,tables,0.0,0.0,0.0,12,13.65
xbrl-googl-2021-apic-share-based-payment-arrangement-increase-for-cost-recognition-usd-0001652044-22-000019,hybrid + rerank,True,tables,0.0,0.0,0.0,8,13.65
xbrl-googl-2021-apic-share-based-payment-arrangement-increase-for-cost-recognition-usd-0001652044-22-000019,"hybrid + rerank, scores as they are",True,tables,0.0,0.0,0.0,0,13.65
xbrl-googl-2021-goodwill-usd-0001652044-22-000019,hybrid,True,tables,0.5,0.6131,1.0,9,14.29
xbrl-googl-2021-goodwill-usd-0001652044-22-000019,hybrid + rerank,True,tables,0.5,0.2641,0.25,13,14.29
xbrl-googl-2021-goodwill-usd-0001652044-22-000019,"hybrid + rerank, scores as they are",True,tables,0.5,0.2372,0.2,1,14.29
xbrl-googl-2022-deferred-income-taxes-and-tax-credits-usd-0001652044-23-000016,hybrid,True,tables,1.0,0.3333,0.1429,15,12.04
xbrl-googl-2022-deferred-income-taxes-and-tax-credits-usd-0001652044-23-000016,hybrid + rerank,True,tables,1.0,0.2789,0.0909,9,12.04
xbrl-googl-2022-deferred-income-taxes-and-tax-credits-usd-0001652044-23-000016,"hybrid + rerank, scores as they are",True,tables,1.0,0.2702,0.0833,7,12.04
xbrl-googl-2022-common-stock-shares-outstanding-shares-0001652044-23-000016,hybrid,True,both,0.6666666666666666,0.6714,1.0,16,12.11
xbrl-googl-2022-common-stock-shares-outstanding-shares-0001652044-23-000016,hybrid + rerank,True,both,0.6666666666666666,0.3655,0.3333,14,12.11
xbrl-googl-2022-common-stock-shares-outstanding-shares-0001652044-23-000016,"hybrid + rerank, scores as they are",True,both,0.6666666666666666,0.3655,0.3333,14,12.11
xbrl-googl-2022-equity-securities-fv-ni-and-without-readily-determinable-fair-value-usd-0001652044-23-000016,hybrid,True,tables,0.0,0.0,0.0,16,12.74
xbrl-googl-2022-equity-securities-fv-ni-and-without-readily-determinable-fair-value-usd-0001652044-23-000016,hybrid + rerank,True,tables,1.0,0.256,0.0714,7,12.74
xbrl-googl-2022-equity-securities-fv-ni-and-without-readily-determinable-fair-value-usd-0001652044-23-000016,"hybrid + rerank, scores as they are",True,tables,1.0,0.256,0.0714,7,12.74
xbrl-googl-2023-long-term-debt-current-maturities-usd-0001652044-24-000022,hybrid,True,tables,1.0,0.5,0.3333,11,10.04
xbrl-googl-2023-long-term-debt-current-maturities-usd-0001652044-24-000022,hybrid + rerank,True,tables,1.0,0.301,0.1111,8,10.04
xbrl-googl-2023-long-term-debt-current-maturities-usd-0001652044-24-000022,"hybrid + rerank, scores as they are",True,tables,1.0,0.2891,0.1,5,10.04
xbrl-googl-2023-increase-decrease-in-accounts-receivable-usd-0001652044-24-000022,hybrid,True,tables,1.0,1.0,1.0,11,15.05
xbrl-googl-2023-increase-decrease-in-accounts-receivable-usd-0001652044-24-000022,hybrid + rerank,True,tables,1.0,0.4307,0.25,5,15.05
xbrl-googl-2023-increase-decrease-in-accounts-receivable-usd-0001652044-24-000022,"hybrid + rerank, scores as they are",True,tables,1.0,0.3155,0.125,5,15.05
xbrl-googl-2023-other-assets-current-usd-0001652044-24-000022,hybrid,True,tables,1.0,1.0,1.0,15,12.35
xbrl-googl-2023-other-assets-current-usd-0001652044-24-000022,hybrid + rerank,True,tables,1.0,1.0,1.0,11,12.35
xbrl-googl-2023-other-assets-current-usd-0001652044-24-000022,"hybrid + rerank, scores as they are",True,tables,1.0,1.0,1.0,6,12.35
xbrl-googl-2024-proceeds-from-sale-and-maturity-of-other-investments-usd-0001652044-25-000014,hybrid,True,tables,0.0,0.0,0.0,13,10.9
xbrl-googl-2024-proceeds-from-sale-and-maturity-of-other-investments-usd-0001652044-25-000014,hybrid + rerank,True,tables,0.0,0.0,0.0,10,10.9
xbrl-googl-2024-proceeds-from-sale-and-maturity-of-other-investments-usd-0001652044-25-000014,"hybrid + rerank, scores as they are",True,tables,0.0,0.0,0.0,7,10.9
xbrl-googl-2024-stockholders-equity-attributable-to-parent-usd-0001652044-25-000014,hybrid,True,both,0.3333333333333333,0.2961,0.5,16,12.67
xbrl-googl-2024-stockholders-equity-attributable-to-parent-usd-0001652044-25-000014,hybrid + rerank,True,both,0.3333333333333333,0.1148,0.0625,15,12.67
xbrl-googl-2024-stockholders-equity-attributable-to-parent-usd-0001652044-25-000014,"hybrid + rerank, scores as they are",True,both,0.3333333333333333,0.1148,0.0625,15,12.67
xbrl-googl-2024-other-comprehensive-income-loss-cash-flow-hedge-gain-loss-before-reclassification-after-tax-usd-0001652044-25-000014,hybrid,True,tables,0.5,0.3869,0.5,15,10.61
xbrl-googl-2024-other-comprehensive-income-loss-cash-flow-hedge-gain-loss-before-reclassification-after-tax-usd-0001652044-25-000014,hybrid + rerank,True,tables,0.5,0.2184,0.1667,13,10.61
xbrl-googl-2024-other-comprehensive-income-loss-cash-flow-hedge-gain-loss-before-reclassification-after-tax-usd-0001652044-25-000014,"hybrid + rerank, scores as they are",True,tables,0.5,0.2184,0.1667,13,10.61
xbrl-googl-2025-cash-cash-equivalents-restricted-cash-and-restricted-cash-equivalents-usd-0001652044-26-000018,hybrid,True,tables,1.0,0.906,1.0,16,11.44
xbrl-googl-2025-cash-cash-equivalents-restricted-cash-and-restricted-cash-equivalents-usd-0001652044-26-000018,hybrid + rerank,True,tables,1.0,0.7123,0.5,9,11.44
xbrl-googl-2025-cash-cash-equivalents-restricted-cash-and-restricted-cash-equivalents-usd-0001652044-26-000018,"hybrid + rerank, scores as they are",True,tables,1.0,0.5726,0.3333,5,11.44
xbrl-googl-2025-general-and-administrative-expense-usd-0001652044-26-000018,hybrid,True,tables,1.0,1.0,1.0,13,11.59
xbrl-googl-2025-general-and-administrative-expense-usd-0001652044-26-000018,hybrid + rerank,True,tables,1.0,0.9197,1.0,11,11.59
xbrl-googl-2025-general-and-administrative-expense-usd-0001652044-26-000018,"hybrid + rerank, scores as they are",True,tables,1.0,0.8772,1.0,7,11.59
xbrl-googl-2025-goodwill-usd-0001652044-26-000018,hybrid,True,tables,0.5,0.6131,1.0,9,12.34
xbrl-googl-2025-goodwill-usd-0001652044-26-000018,hybrid + rerank,True,tables,0.5,0.2641,0.25,14,12.34
xbrl-googl-2025-goodwill-usd-0001652044-26-000018,"hybrid + rerank, scores as they are",True,tables,0.0,0.0,0.0,0,12.34
xbrl-intu-2021-deferred-foreign-income-tax-expense-benefit-usd-0000896878-21-000233,hybrid,True,both,0.0,0.0,0.0,14,10.41
xbrl-intu-2021-deferred-foreign-income-tax-expense-benefit-usd-0000896878-21-000233,hybrid + rerank,True,both,0.0,0.0,0.0,5,10.41
xbrl-intu-2021-deferred-foreign-income-tax-expense-benefit-usd-0000896878-21-000233,"hybrid + rerank, scores as they are",True,both,0.0,0.0,0.0,3,10.41
xbrl-intu-2021-dividends-common-stock-cash-usd-0000896878-21-000233,hybrid,True,prose,0.6666666666666666,0.2589,0.1,12,10.95
xbrl-intu-2021-dividends-common-stock-cash-usd-0000896878-21-000233,hybrid + rerank,True,prose,1.0,0.8711,1.0,4,10.95
xbrl-intu-2021-dividends-common-stock-cash-usd-0000896878-21-000233,"hybrid + rerank, scores as they are",True,prose,1.0,0.8711,1.0,3,10.95
xbrl-intu-2021-debt-securities-available-for-sale-usd-0000896878-21-000233,hybrid,True,tables,1.0,0.5146,0.25,13,11.7
xbrl-intu-2021-debt-securities-available-for-sale-usd-0000896878-21-000233,hybrid + rerank,True,tables,0.6666666666666666,0.2577,0.0909,7,11.7
xbrl-intu-2021-debt-securities-available-for-sale-usd-0000896878-21-000233,"hybrid + rerank, scores as they are",True,tables,0.6666666666666666,0.2542,0.0909,7,11.7
xbrl-intu-2022-general-and-administrative-expense-usd-0000896878-22-000028,hybrid,True,tables,1.0,0.9197,1.0,12,11.5
xbrl-intu-2022-general-and-administrative-expense-usd-0000896878-22-000028,hybrid + rerank,True,tables,1.0,0.6934,0.5,6,11.5
xbrl-intu-2022-general-and-administrative-expense-usd-0000896878-22-000028,"hybrid + rerank, scores as they are",True,tables,1.0,0.6934,0.5,4,11.5
xbrl-intu-2022-revenue-from-contract-with-customer-excluding-assessed-tax-usd-0000896878-22-000028,hybrid,True,tables,0.0,0.0,0.0,9,10.24
xbrl-intu-2022-revenue-from-contract-with-customer-excluding-assessed-tax-usd-0000896878-22-000028,hybrid + rerank,True,tables,0.0,0.0,0.0,1,10.24
xbrl-intu-2022-revenue-from-contract-with-customer-excluding-assessed-tax-usd-0000896878-22-000028,"hybrid + rerank, scores as they are",True,tables,0.0,0.0,0.0,0,10.24
xbrl-intu-2022-other-assets-noncurrent-usd-0000896878-22-000028,hybrid,True,tables,0.5,0.2184,0.1667,12,10.89
xbrl-intu-2022-other-assets-noncurrent-usd-0000896878-22-000028,hybrid + rerank,True,tables,0.5,0.2372,0.2,7,10.89
xbrl-intu-2022-other-assets-noncurrent-usd-0000896878-22-000028,"hybrid + rerank, scores as they are",True,tables,0.5,0.2184,0.1667,6,10.89
xbrl-intu-2023-deferred-tax-liabilities-property-plant-and-equipment-usd-0000896878-23-000034,hybrid,True,tables,0.0,0.0,0.0,14,70.2
xbrl-intu-2023-deferred-tax-liabilities-property-plant-and-equipment-usd-0000896878-23-000034,hybrid + rerank,True,tables,0.0,0.0,0.0,9,70.2
xbrl-intu-2023-deferred-tax-liabilities-property-plant-and-equipment-usd-0000896878-23-000034,"hybrid + rerank, scores as they are",True,tables,0.0,0.0,0.0,8,70.2
xbrl-intu-2023-deferred-tax-liabilities-leasing-arrangements-usd-0000896878-23-000034,hybrid,True,tables,0.6666666666666666,0.6364,1.0,16,9.89
xbrl-intu-2023-deferred-tax-liabilities-leasing-arrangements-usd-0000896878-23-000034,hybrid + rerank,True,tables,0.6666666666666666,0.6364,1.0,8,9.89
xbrl-intu-2023-deferred-tax-liabilities-leasing-arrangements-usd-0000896878-23-000034,"hybrid + rerank, scores as they are",True,tables,0.6666666666666666,0.6364,1.0,7,9.89
xbrl-intu-2023-effective-income-tax-rate-reconciliation-other-adjustments-amount-usd-0000896878-23-000034,hybrid,True,both,0.0,0.0,0.0,13,11.16
xbrl-intu-2023-effective-income-tax-rate-reconciliation-other-adjustments-amount-usd-0000896878-23-000034,hybrid + rerank,True,both,0.0,0.0,0.0,8,11.16
xbrl-intu-2023-effective-income-tax-rate-reconciliation-other-adjustments-amount-usd-0000896878-23-000034,"hybrid + rerank, scores as they are",True,both,0.0,0.0,0.0,7,11.16
xbrl-intu-2024-share-based-payment-arrangement-expense-after-tax-usd-0000896878-24-000039,hybrid,True,tables,1.0,0.4307,0.25,13,11.21
xbrl-intu-2024-share-based-payment-arrangement-expense-after-tax-usd-0000896878-24-000039,hybrid + rerank,True,tables,1.0,0.2626,0.0769,9,11.21
xbrl-intu-2024-share-based-payment-arrangement-expense-after-tax-usd-0000896878-24-000039,"hybrid + rerank, scores as they are",True,tables,1.0,0.256,0.0714,8,11.21
xbrl-intu-2024-capitalized-computer-software-gross-usd-0000896878-24-000039,hybrid,True,tables,1.0,1.0,1.0,10,40.66
xbrl-intu-2024-capitalized-computer-software-gross-usd-0000896878-24-000039,hybrid + rerank,True,tables,1.0,0.4307,0.25,10,40.66
xbrl-intu-2024-capitalized-computer-software-gross-usd-0000896878-24-000039,"hybrid + rerank, scores as they are",True,tables,1.0,0.3562,0.1667,6,40.66
xbrl-intu-2024-share-based-compensation-arrangement-by-share-based-payment-award-options-exercises-in-period-intrinsic-value-usd-0000896878-24-000039,hybrid,True,tables,0.3333333333333333,0.4693,1.0,14,15.22
xbrl-intu-2024-share-based-compensation-arrangement-by-share-based-payment-award-options-exercises-in-period-intrinsic-value-usd-0000896878-24-000039,hybrid + rerank,True,tables,0.3333333333333333,0.1815,0.2,5,15.22
xbrl-intu-2024-share-based-compensation-arrangement-by-share-based-payment-award-options-exercises-in-period-intrinsic-value-usd-0000896878-24-000039,"hybrid + rerank, scores as they are",True,tables,0.3333333333333333,0.1815,0.2,5,15.22
xbrl-intu-2025-finite-lived-intangible-asset-expected-amortization-year-four-usd-0000896878-25-000035,hybrid,True,tables,1.0,1.0,1.0,11,11.81
xbrl-intu-2025-finite-lived-intangible-asset-expected-amortization-year-four-usd-0000896878-25-000035,hybrid + rerank,True,tables,1.0,0.256,0.0714,6,11.81
xbrl-intu-2025-finite-lived-intangible-asset-expected-amortization-year-four-usd-0000896878-25-000035,"hybrid + rerank, scores as they are",True,tables,0.0,0.0,0.0,5,11.81
xbrl-intu-2025-effective-income-tax-rate-reconciliation-state-and-local-income-taxes-amount-usd-0000896878-25-000035,hybrid,True,both,0.0,0.0,0.0,11,9.78
xbrl-intu-2025-effective-income-tax-rate-reconciliation-state-and-local-income-taxes-amount-usd-0000896878-25-000035,hybrid + rerank,True,both,0.3333333333333333,0.1148,0.0625,8,9.78
xbrl-intu-2025-effective-income-tax-rate-reconciliation-state-and-local-income-taxes-amount-usd-0000896878-25-000035,"hybrid + rerank, scores as they are",True,both,0.0,0.0,0.0,7,9.78
xbrl-intu-2025-share-based-compensation-arrangement-by-share-based-payment-award-options-exercises-in-period-intrinsic-value-usd-0000896878-25-000035,hybrid,True,both,0.0,0.0,0.0,14,10.25
xbrl-intu-2025-share-based-compensation-arrangement-by-share-based-payment-award-options-exercises-in-period-intrinsic-value-usd-0000896878-25-000035,hybrid + rerank,True,both,0.0,0.0,0.0,5,10.25
xbrl-intu-2025-share-based-compensation-arrangement-by-share-based-payment-award-options-exercises-in-period-intrinsic-value-usd-0000896878-25-000035,"hybrid + rerank, scores as they are",True,both,0.0,0.0,0.0,4,10.25
xbrl-meta-2021-accounts-payable-trade-current-usd-0001326801-22-000018,hybrid,True,tables,1.0,1.0,1.0,14,10.48
xbrl-meta-2021-accounts-payable-trade-current-usd-0001326801-22-000018,hybrid + rerank,True,tables,1.0,0.6309,0.5,11,10.48
xbrl-meta-2021-accounts-payable-trade-current-usd-0001326801-22-000018,"hybrid + rerank, scores as they are",True,tables,1.0,0.6309,0.5,7,10.48
xbrl-meta-2021-other-noncash-income-expense-usd-0001326801-22-000018,hybrid,True,both,0.0,0.0,0.0,12,9.63
xbrl-meta-2021-other-noncash-income-expense-usd-0001326801-22-000018,hybrid + rerank,True,both,0.0,0.0,0.0,12,9.63
xbrl-meta-2021-other-noncash-income-expense-usd-0001326801-22-000018,"hybrid + rerank, scores as they are",True,both,0.0,0.0,0.0,9,9.63
xbrl-meta-2021-cost-of-revenue-usd-0001326801-22-000018,hybrid,True,tables,1.0,0.8855,1.0,12,9.03
xbrl-meta-2021-cost-of-revenue-usd-0001326801-22-000018,hybrid + rerank,True,tables,1.0,0.5848,0.3333,8,9.03
xbrl-meta-2021-cost-of-revenue-usd-0001326801-22-000018,"hybrid + rerank, scores as they are",True,tables,1.0,0.543,0.3333,6,9.03
xbrl-meta-2022-stockholders-equity-attributable-to-parent-usd-0001326801-23-000013,hybrid,True,both,0.6666666666666666,0.3378,0.25,16,9.0
xbrl-meta-2022-stockholders-equity-attributable-to-parent-usd-0001326801-23-000013,hybrid + rerank,True,both,0.3333333333333333,0.1233,0.0769,13,9.0
xbrl-meta-2022-stockholders-equity-attributable-to-parent-usd-0001326801-23-000013,"hybrid + rerank, scores as they are",True,both,0.3333333333333333,0.1233,0.0769,13,9.0
xbrl-meta-2022-unrecognized-tax-benefits-increase-resulting-from-prior-period-tax-positions-usd-0001326801-23-000013,hybrid,True,both,0.0,0.0,0.0,10,9.67
xbrl-meta-2022-unrecognized-tax-benefits-increase-resulting-from-prior-period-tax-positions-usd-0001326801-23-000013,hybrid + rerank,True,both,0.0,0.0,0.0,1,9.67
xbrl-meta-2022-unrecognized-tax-benefits-increase-resulting-from-prior-period-tax-positions-usd-0001326801-23-000013,"hybrid + rerank, scores as they are",True,both,0.0,0.0,0.0,1,9.67
xbrl-meta-2022-finance-lease-liability-current-usd-0001326801-23-000013,hybrid,True,both,0.0,0.0,0.0,15,9.22
xbrl-meta-2022-finance-lease-liability-current-usd-0001326801-23-000013,hybrid + rerank,True,both,0.0,0.0,0.0,8,9.22
xbrl-meta-2022-finance-lease-liability-current-usd-0001326801-23-000013,"hybrid + rerank, scores as they are",True,both,0.0,0.0,0.0,4,9.22
xbrl-meta-2023-net-income-loss-attributable-to-parent-usd-0001326801-24-000012,hybrid,True,tables,1.0,0.9469,1.0,15,8.7
xbrl-meta-2023-net-income-loss-attributable-to-parent-usd-0001326801-24-000012,hybrid + rerank,True,tables,0.6666666666666666,0.5307,0.5,13,8.7
xbrl-meta-2023-net-income-loss-attributable-to-parent-usd-0001326801-24-000012,"hybrid + rerank, scores as they are",True,tables,0.6666666666666666,0.5307,0.5,11,8.7
xbrl-meta-2023-prepaid-expense-and-other-assets-current-usd-0001326801-24-000012,hybrid,True,tables,1.0,1.0,1.0,13,8.38
xbrl-meta-2023-prepaid-expense-and-other-assets-current-usd-0001326801-24-000012,hybrid + rerank,True,tables,1.0,0.6309,0.5,11,8.38
xbrl-meta-2023-prepaid-expense-and-other-assets-current-usd-0001326801-24-000012,"hybrid + rerank, scores as they are",True,tables,1.0,0.6309,0.5,9,8.38
xbrl-meta-2023-unrecognized-tax-benefits-decrease-resulting-from-prior-period-tax-positions-usd-0001326801-24-000012,hybrid,True,both,0.0,0.0,0.0,10,9.89
xbrl-meta-2023-unrecognized-tax-benefits-decrease-resulting-from-prior-period-tax-positions-usd-0001326801-24-000012,hybrid + rerank,True,both,0.0,0.0,0.0,2,9.89
xbrl-meta-2023-unrecognized-tax-benefits-decrease-resulting-from-prior-period-tax-positions-usd-0001326801-24-000012,"hybrid + rerank, scores as they are",True,both,0.0,0.0,0.0,1,9.89
xbrl-meta-2024-deferred-tax-assets-other-usd-0001326801-25-000017,hybrid,True,tables,0.5,0.3869,0.5,12,7.77
xbrl-meta-2024-deferred-tax-assets-other-usd-0001326801-25-000017,hybrid + rerank,True,tables,0.5,0.6131,1.0,8,7.77
xbrl-meta-2024-deferred-tax-assets-other-usd-0001326801-25-000017,"hybrid + rerank, scores as they are",True,tables,0.5,0.6131,1.0,5,7.77
xbrl-meta-2024-debt-securities-available-for-sale-unrealized-loss-position-usd-0001326801-25-000017,hybrid,True,tables,1.0,1.0,1.0,13,8.23
xbrl-meta-2024-debt-securities-available-for-sale-unrealized-loss-position-usd-0001326801-25-000017,hybrid + rerank,True,tables,1.0,0.3869,0.2,6,8.23
xbrl-meta-2024-debt-securities-available-for-sale-unrealized-loss-position-usd-0001326801-25-000017,"hybrid + rerank, scores as they are",True,tables,1.0,0.3333,0.1429,4,8.23
xbrl-meta-2024-property-plant-and-equipment-and-finance-lease-right-of-use-asset-after-accumulated-depreciation-and-amortization-usd-0001326801-25-000017,hybrid,True,tables,1.0,0.6241,0.5,15,7.32
xbrl-meta-2024-property-plant-and-equipment-and-finance-lease-right-of-use-asset-after-accumulated-depreciation-and-amortization-usd-0001326801-25-000017,hybrid + rerank,True,tables,1.0,0.4635,0.3333,6,7.32
xbrl-meta-2024-property-plant-and-equipment-and-finance-lease-right-of-use-asset-after-accumulated-depreciation-and-amortization-usd-0001326801-25-000017,"hybrid + rerank, scores as they are",True,tables,1.0,0.4635,0.3333,6,7.32
xbrl-meta-2025-deferred-tax-assets-gross-usd-0001628280-26-003942,hybrid,True,tables,1.0,0.6309,0.5,15,7.74
xbrl-meta-2025-deferred-tax-assets-gross-usd-0001628280-26-003942,hybrid + rerank,True,tables,1.0,0.4307,0.25,6,7.74
xbrl-meta-2025-deferred-tax-assets-gross-usd-0001628280-26-003942,"hybrid + rerank, scores as they are",True,tables,1.0,0.3869,0.2,5,7.74
xbrl-meta-2025-operating-lease-right-of-use-asset-usd-0001628280-26-003942,hybrid,True,tables,1.0,0.3869,0.2,12,6.86
xbrl-meta-2025-operating-lease-right-of-use-asset-usd-0001628280-26-003942,hybrid + rerank,True,tables,1.0,0.4307,0.25,8,6.86
xbrl-meta-2025-operating-lease-right-of-use-asset-usd-0001628280-26-003942,"hybrid + rerank, scores as they are",True,tables,1.0,0.4307,0.25,7,6.86
xbrl-meta-2025-capital-expenditures-incurred-but-not-yet-paid-usd-0001628280-26-003942,hybrid,True,tables,1.0,0.5,0.3333,14,8.28
xbrl-meta-2025-capital-expenditures-incurred-but-not-yet-paid-usd-0001628280-26-003942,hybrid + rerank,True,tables,1.0,1.0,1.0,13,8.28
xbrl-meta-2025-capital-expenditures-incurred-but-not-yet-paid-usd-0001628280-26-003942,"hybrid + rerank, scores as they are",True,tables,1.0,0.4307,0.25,9,8.28
xbrl-msft-2021-operating-income-loss-usd-0001564590-21-039151,hybrid,True,tables,0.6666666666666666,0.3296,0.2,11,7.44
xbrl-msft-2021-operating-income-loss-usd-0001564590-21-039151,hybrid + rerank,True,tables,0.6666666666666666,0.3236,0.1667,13,7.44
xbrl-msft-2021-operating-income-loss-usd-0001564590-21-039151,"hybrid + rerank, scores as they are",True,tables,0.6666666666666666,0.3045,0.1429,9,7.44
xbrl-msft-2021-finance-lease-liability-to-be-paid-year-four-usd-0001564590-21-039151,hybrid,True,tables,1.0,0.4307,0.25,11,9.19
xbrl-msft-2021-finance-lease-liability-to-be-paid-year-four-usd-0001564590-21-039151,hybrid + rerank,True,tables,1.0,0.4307,0.25,11,9.19
xbrl-msft-2021-finance-lease-liability-to-be-paid-year-four-usd-0001564590-21-039151,"hybrid + rerank, scores as they are",True,tables,1.0,0.4307,0.25,9,9.19
xbrl-msft-2021-lessee-operating-lease-liability-to-be-paid-year-one-usd-0001564590-21-039151,hybrid,True,tables,1.0,0.3869,0.2,11,13.2
xbrl-msft-2021-lessee-operating-lease-liability-to-be-paid-year-one-usd-0001564590-21-039151,hybrid + rerank,True,tables,1.0,0.5,0.3333,8,13.2
xbrl-msft-2021-lessee-operating-lease-liability-to-be-paid-year-one-usd-0001564590-21-039151,"hybrid + rerank, scores as they are",True,tables,1.0,0.4307,0.25,6,13.2
xbrl-msft-2022-finance-lease-liability-to-be-paid-year-two-usd-0001564590-22-026876,hybrid,True,tables,1.0,0.4307,0.25,10,12.35
xbrl-msft-2022-finance-lease-liability-to-be-paid-year-two-usd-0001564590-22-026876,hybrid + rerank,True,tables,1.0,0.3562,0.1667,12,12.35
xbrl-msft-2022-finance-lease-liability-to-be-paid-year-two-usd-0001564590-22-026876,"hybrid + rerank, scores as they are",True,tables,1.0,0.3562,0.1667,8,12.35
xbrl-msft-2022-buildings-and-improvements-gross-usd-0001564590-22-026876,hybrid,True,tables,1.0,1.0,1.0,10,7.2
xbrl-msft-2022-buildings-and-improvements-gross-usd-0001564590-22-026876,hybrid + rerank,True,tables,1.0,1.0,1.0,12,7.2
xbrl-msft-2022-buildings-and-improvements-gross-usd-0001564590-22-026876,"hybrid + rerank, scores as they are",True,tables,1.0,1.0,1.0,4,7.2
xbrl-msft-2022-debt-securities-available-for-sale-continuous-unrealized-loss-position-less-than-12-months-accumulated-loss-usd-0001564590-22-026876,hybrid,True,tables,0.5,0.3869,0.5,16,7.89
xbrl-msft-2022-debt-securities-available-for-sale-continuous-unrealized-loss-position-less-than-12-months-accumulated-loss-usd-0001564590-22-026876,hybrid + rerank,True,tables,0.5,0.2641,0.25,10,7.89
xbrl-msft-2022-debt-securities-available-for-sale-continuous-unrealized-loss-position-less-than-12-months-accumulated-loss-usd-0001564590-22-026876,"hybrid + rerank, scores as they are",True,tables,0.5,0.2641,0.25,10,7.89
xbrl-msft-2023-debt-securities-available-for-sale-maturity-allocated-and-single-maturity-date-rolling-after-one-through-five-years-fair-value-usd-0000950170-23-035122,hybrid,True,tables,1.0,0.6309,0.5,14,8.1
xbrl-msft-2023-debt-securities-available-for-sale-maturity-allocated-and-single-maturity-date-rolling-after-one-through-five-years-fair-value-usd-0000950170-23-035122,hybrid + rerank,True,tables,1.0,0.3869,0.2,9,8.1
xbrl-msft-2023-debt-securities-available-for-sale-maturity-allocated-and-single-maturity-date-rolling-after-one-through-five-years-fair-value-usd-0000950170-23-035122,"hybrid + rerank, scores as they are",True,tables,1.0,0.3562,0.1667,7,8.1
xbrl-msft-2023-nonoperating-income-expense-usd-0000950170-23-035122,hybrid,True,tables,1.0,0.4755,0.2,13,7.84
xbrl-msft-2023-nonoperating-income-expense-usd-0000950170-23-035122,hybrid + rerank,True,tables,1.0,0.3829,0.1111,14,7.84
xbrl-msft-2023-nonoperating-income-expense-usd-0000950170-23-035122,"hybrid + rerank, scores as they are",True,tables,0.3333333333333333,0.1357,0.1,8,7.84
xbrl-msft-2023-revenue-from-contract-with-customer-excluding-assessed-tax-usd-0000950170-23-035122,hybrid,True,tables,0.0,0.0,0.0,11,7.28
xbrl-msft-2023-revenue-from-contract-with-customer-excluding-assessed-tax-usd-0000950170-23-035122,hybrid + rerank,True,tables,0.3333333333333333,0.1309,0.0909,6,7.28
xbrl-msft-2023-revenue-from-contract-with-customer-excluding-assessed-tax-usd-0000950170-23-035122,"hybrid + rerank, scores as they are",True,tables,0.0,0.0,0.0,2,7.28
xbrl-msft-2024-deferred-tax-liabilities-gross-usd-0000950170-24-087843,hybrid,True,tables,1.0,1.0,1.0,16,7.12
xbrl-msft-2024-deferred-tax-liabilities-gross-usd-0000950170-24-087843,hybrid + rerank,True,tables,1.0,0.6309,0.5,7,7.12
xbrl-msft-2024-deferred-tax-liabilities-gross-usd-0000950170-24-087843,"hybrid + rerank, scores as they are",True,tables,1.0,0.6309,0.5,6,7.12
xbrl-msft-2024-nonoperating-income-expense-usd-0000950170-24-087843,hybrid,True,tables,1.0,0.49,0.2,14,7.38
xbrl-msft-2024-nonoperating-income-expense-usd-0000950170-24-087843,hybrid + rerank,True,tables,1.0,0.4755,0.2,13,7.38
xbrl-msft-2024-nonoperating-income-expense-usd-0000950170-24-087843,"hybrid + rerank, scores as they are",True,tables,0.6666666666666666,0.2797,0.1429,8,7.38
xbrl-msft-2024-payments-to-acquire-property-plant-and-equipment-usd-0000950170-24-087843,hybrid,True,tables,1.0,0.3562,0.1667,11,8.08
xbrl-msft-2024-payments-to-acquire-property-plant-and-equipment-usd-0000950170-24-087843,hybrid + rerank,True,tables,1.0,0.2626,0.0769,11,8.08
xbrl-msft-2024-payments-to-acquire-property-plant-and-equipment-usd-0000950170-24-087843,"hybrid + rerank, scores as they are",True,tables,0.0,0.0,0.0,6,8.08
xbrl-msft-2025-derivative-asset-usd-0000950170-25-100235,hybrid,True,both,0.3333333333333333,0.1233,0.0769,11,7.34
xbrl-msft-2025-derivative-asset-usd-0000950170-25-100235,hybrid + rerank,True,both,0.3333333333333333,0.1815,0.2,8,7.34
xbrl-msft-2025-derivative-asset-usd-0000950170-25-100235,"hybrid + rerank, scores as they are",True,both,0.3333333333333333,0.2021,0.25,6,7.34
xbrl-msft-2025-lessee-operating-lease-liability-to-be-paid-year-five-usd-0000950170-25-100235,hybrid,True,prose,0.0,0.0,0.0,14,8.21
xbrl-msft-2025-lessee-operating-lease-liability-to-be-paid-year-five-usd-0000950170-25-100235,hybrid + rerank,True,prose,0.0,0.0,0.0,9,8.21
xbrl-msft-2025-lessee-operating-lease-liability-to-be-paid-year-five-usd-0000950170-25-100235,"hybrid + rerank, scores as they are",True,prose,0.0,0.0,0.0,8,8.21
xbrl-msft-2025-dividends-common-stock-cash-usd-0000950170-25-100235,hybrid,True,tables,1.0,0.25,0.0667,14,8.24
xbrl-msft-2025-dividends-common-stock-cash-usd-0000950170-25-100235,hybrid + rerank,True,tables,0.0,0.0,0.0,7,8.24
xbrl-msft-2025-dividends-common-stock-cash-usd-0000950170-25-100235,"hybrid + rerank, scores as they are",True,tables,0.0,0.0,0.0,5,8.24
xbrl-mu-2021-payments-for-repurchase-of-common-stock-usd-0000723125-21-000065,hybrid,True,tables,1.0,0.8503,1.0,10,9.54
xbrl-mu-2021-payments-for-repurchase-of-common-stock-usd-0000723125-21-000065,hybrid + rerank,True,tables,0.5,0.15,0.0625,4,9.54
xbrl-mu-2021-payments-for-repurchase-of-common-stock-usd-0000723125-21-000065,"hybrid + rerank, scores as they are",True,tables,0.0,0.0,0.0,2,9.54
xbrl-mu-2021-operating-lease-right-of-use-asset-usd-0000723125-21-000065,hybrid,True,tables,1.0,0.3869,0.2,13,8.86
xbrl-mu-2021-operating-lease-right-of-use-asset-usd-0000723125-21-000065,hybrid + rerank,True,tables,1.0,0.2891,0.1,10,8.86
xbrl-mu-2021-operating-lease-right-of-use-asset-usd-0000723125-21-000065,"hybrid + rerank, scores as they are",True,tables,1.0,0.25,0.0667,6,8.86
xbrl-mu-2021-deferred-tax-assets-net-usd-0000723125-21-000065,hybrid,True,tables,0.5,0.6131,1.0,14,8.85
xbrl-mu-2021-deferred-tax-assets-net-usd-0000723125-21-000065,hybrid + rerank,True,tables,0.5,0.3869,0.5,11,8.85
xbrl-mu-2021-deferred-tax-assets-net-usd-0000723125-21-000065,"hybrid + rerank, scores as they are",True,tables,0.5,0.3869,0.5,7,8.85
xbrl-mu-2022-proceeds-from-payments-for-other-financing-activities-usd-0000723125-22-000048,hybrid,True,both,0.3333333333333333,0.1672,0.1667,12,9.46
xbrl-mu-2022-proceeds-from-payments-for-other-financing-activities-usd-0000723125-22-000048,hybrid + rerank,True,both,0.6666666666666666,0.294,0.1667,8,9.46
xbrl-mu-2022-proceeds-from-payments-for-other-financing-activities-usd-0000723125-22-000048,"hybrid + rerank, scores as they are",True,both,0.6666666666666666,0.3028,0.1667,5,9.46
xbrl-mu-2022-deferred-federal-income-tax-expense-benefit-usd-0000723125-22-000048,hybrid,True,both,0.3333333333333333,0.2346,0.3333,16,9.33
xbrl-mu-2022-deferred-federal-income-tax-expense-benefit-usd-0000723125-22-000048,hybrid + rerank,True,both,1.0,0.7525,1.0,9,9.33
xbrl-mu-2022-deferred-federal-income-tax-expense-benefit-usd-0000723125-22-000048,"hybrid + rerank, scores as they are",True,both,1.0,0.7633,1.0,8,9.33
xbrl-mu-2022-research-and-development-expense-usd-0000723125-22-000048,hybrid,True,tables,1.0,0.8066,1.0,13,9.48
xbrl-mu-2022-research-and-development-expense-usd-0000723125-22-000048,hybrid + rerank,True,tables,1.0,0.4685,0.25,14,9.48
xbrl-mu-2022-research-and-development-expense-usd-0000723125-22-000048,"hybrid + rerank, scores as they are",True,tables,0.5,0.2641,0.25,3,9.48
xbrl-mu-2023-grants-receivable-noncurrent-usd-0000723125-23-000054,hybrid,True,both,0.6666666666666666,0.6714,1.0,11,8.67
xbrl-mu-2023-grants-receivable-noncurrent-usd-0000723125-23-000054,hybrid + rerank,True,both,0.6666666666666666,0.7654,1.0,11,8.67
xbrl-mu-2023-grants-receivable-noncurrent-usd-0000723125-23-000054,"hybrid + rerank, scores as they are",True,both,0.6666666666666666,0.7654,1.0,7,8.67
xbrl-mu-2023-accounts-payable-and-accrued-liabilities-current-usd-0000723125-23-000054,hybrid,True,tables,1.0,1.0,1.0,15,8.42
xbrl-mu-2023-accounts-payable-and-accrued-liabilities-current-usd-0000723125-23-000054,hybrid + rerank,True,tables,1.0,0.5641,0.5,9,8.42
xbrl-mu-2023-accounts-payable-and-accrued-liabilities-current-usd-0000723125-23-000054,"hybrid + rerank, scores as they are",True,tables,1.0,0.5525,0.5,8,8.42
xbrl-mu-2023-debt-instrument-increase-decrease-net-usd-0000723125-23-000054,hybrid,True,tables,1.0,0.6309,0.5,12,12.06
xbrl-mu-2023-debt-instrument-increase-decrease-net-usd-0000723125-23-000054,hybrid + rerank,True,tables,1.0,0.5,0.3333,8,12.06
xbrl-mu-2023-debt-instrument-increase-decrease-net-usd-0000723125-23-000054,"hybrid + rerank, scores as they are",True,tables,1.0,0.4307,0.25,6,12.06
xbrl-mu-2024-revenue-from-contract-with-customer-excluding-assessed-tax-usd-0000723125-24-000027,hybrid,True,tables,0.0,0.0,0.0,10,11.23
xbrl-mu-2024-revenue-from-contract-with-customer-excluding-assessed-tax-usd-0000723125-24-000027,hybrid + rerank,True,tables,0.3333333333333333,0.1413,0.1111,10,11.23
xbrl-mu-2024-revenue-from-contract-with-customer-excluding-assessed-tax-usd-0000723125-24-000027,"hybrid + rerank, scores as they are",True,tables,0.3333333333333333,0.1148,0.0625,3,11.23
xbrl-mu-2024-finance-lease-liability-to-be-paid-year-two-usd-0000723125-24-000027,hybrid,True,both,0.6666666666666666,0.3434,0.25,10,9.68
xbrl-mu-2024-finance-lease-liability-to-be-paid-year-two-usd-0000723125-24-000027,hybrid + rerank,True,both,0.6666666666666666,0.6508,1.0,13,9.68
xbrl-mu-2024-finance-lease-liability-to-be-paid-year-two-usd-0000723125-24-000027,"hybrid + rerank, scores as they are",True,both,0.6666666666666666,0.6364,1.0,7,9.68
xbrl-mu-2024-finance-lease-liability-to-be-paid-year-one-usd-0000723125-24-000027,hybrid,True,prose,0.0,0.0,0.0,11,8.16
xbrl-mu-2024-finance-lease-liability-to-be-paid-year-one-usd-0000723125-24-000027,hybrid + rerank,True,prose,0.0,0.0,0.0,13,8.16
xbrl-mu-2024-finance-lease-liability-to-be-paid-year-one-usd-0000723125-24-000027,"hybrid + rerank, scores as they are",True,prose,0.0,0.0,0.0,7,8.16
xbrl-mu-2025-effective-income-tax-rate-reconciliation-foreign-income-tax-rate-differential-amount-usd-0000723125-25-000028,hybrid,True,tables,1.0,0.6309,0.5,16,9.36
xbrl-mu-2025-effective-income-tax-rate-reconciliation-foreign-income-tax-rate-differential-amount-usd-0000723125-25-000028,hybrid + rerank,True,tables,1.0,0.6309,0.5,8,9.36
xbrl-mu-2025-effective-income-tax-rate-reconciliation-foreign-income-tax-rate-differential-amount-usd-0000723125-25-000028,"hybrid + rerank, scores as they are",True,tables,1.0,0.6309,0.5,6,9.36
xbrl-mu-2025-treasury-stock-common-shares-shares-0000723125-25-000028,hybrid,True,tables,1.0,1.0,1.0,16,8.19
xbrl-mu-2025-treasury-stock-common-shares-shares-0000723125-25-000028,hybrid + rerank,True,tables,1.0,0.3869,0.2,10,8.19
xbrl-mu-2025-treasury-stock-common-shares-shares-0000723125-25-000028,"hybrid + rerank, scores as they are",True,tables,1.0,0.3869,0.2,9,8.19
xbrl-mu-2025-accounts-receivable-after-allowance-for-credit-loss-current-usd-0000723125-25-000028,hybrid,True,tables,0.0,0.0,0.0,15,9.21
xbrl-mu-2025-accounts-receivable-after-allowance-for-credit-loss-current-usd-0000723125-25-000028,hybrid + rerank,True,tables,1.0,0.2789,0.0909,11,9.21
xbrl-mu-2025-accounts-receivable-after-allowance-for-credit-loss-current-usd-0000723125-25-000028,"hybrid + rerank, scores as they are",True,tables,1.0,0.2789,0.0909,9,9.21
xbrl-now-2021-antidilutive-securities-excluded-from-computation-of-earnings-per-share-amount-shares-0001373715-22-000024,hybrid,True,tables,1.0,0.301,0.1111,12,8.46
xbrl-now-2021-antidilutive-securities-excluded-from-computation-of-earnings-per-share-amount-shares-0001373715-22-000024,hybrid + rerank,True,tables,0.0,0.0,0.0,11,8.46
xbrl-now-2021-antidilutive-securities-excluded-from-computation-of-earnings-per-share-amount-shares-0001373715-22-000024,"hybrid + rerank, scores as they are",True,tables,0.0,0.0,0.0,7,8.46
xbrl-now-2021-lessee-operating-lease-liability-undiscounted-excess-amount-usd-0001373715-22-000024,hybrid,True,both,0.6666666666666666,0.7039,1.0,12,8.19
xbrl-now-2021-lessee-operating-lease-liability-undiscounted-excess-amount-usd-0001373715-22-000024,hybrid + rerank,True,both,0.6666666666666666,0.3693,0.25,8,8.19
xbrl-now-2021-lessee-operating-lease-liability-undiscounted-excess-amount-usd-0001373715-22-000024,"hybrid + rerank, scores as they are",True,both,0.6666666666666666,0.3487,0.2,6,8.19
xbrl-now-2021-assets-current-usd-0001373715-22-000024,hybrid,True,tables,1.0,1.0,1.0,13,7.54
xbrl-now-2021-assets-current-usd-0001373715-22-000024,hybrid + rerank,True,tables,1.0,1.0,1.0,10,7.54
xbrl-now-2021-assets-current-usd-0001373715-22-000024,"hybrid + rerank, scores as they are",True,tables,1.0,1.0,1.0,5,7.54
xbrl-now-2022-lessee-operating-lease-liability-to-be-paid-year-one-usd-0001373715-23-000035,hybrid,True,tables,1.0,1.0,1.0,12,7.92
xbrl-now-2022-lessee-operating-lease-liability-to-be-paid-year-one-usd-0001373715-23-000035,hybrid + rerank,True,tables,1.0,0.5,0.3333,12,7.92
xbrl-now-2022-lessee-operating-lease-liability-to-be-paid-year-one-usd-0001373715-23-000035,"hybrid + rerank, scores as they are",True,tables,1.0,0.4307,0.25,6,7.92
xbrl-now-2022-other-long-term-investments-usd-0001373715-23-000035,hybrid,True,both,0.0,0.0,0.0,13,8.28
xbrl-now-2022-other-long-term-investments-usd-0001373715-23-000035,hybrid + rerank,True,both,0.3333333333333333,0.148,0.125,8,8.28
xbrl-now-2022-other-long-term-investments-usd-0001373715-23-000035,"hybrid + rerank, scores as they are",True,both,0.6666666666666666,0.2712,0.1429,3,8.28
xbrl-now-2022-unrecorded-unconditional-purchase-obligation-usd-0001373715-23-000035,hybrid,True,both,0.5,0.6131,1.0,10,7.21
xbrl-now-2022-unrecorded-unconditional-purchase-obligation-usd-0001373715-23-000035,hybrid + rerank,True,both,1.0,0.6241,0.5,11,7.21
xbrl-now-2022-unrecorded-unconditional-purchase-obligation-usd-0001373715-23-000035,"hybrid + rerank, scores as they are",True,both,1.0,0.5013,0.25,1,7.21
xbrl-now-2023-cash-and-cash-equivalents-at-carrying-value-usd-0001373715-24-000030,hybrid,True,both,0.6666666666666666,0.6257,1.0,14,8.13
xbrl-now-2023-cash-and-cash-equivalents-at-carrying-value-usd-0001373715-24-000030,hybrid + rerank,True,both,0.6666666666666666,0.7039,1.0,8,8.13
xbrl-now-2023-cash-and-cash-equivalents-at-carrying-value-usd-0001373715-24-000030,"hybrid + rerank, scores as they are",True,both,0.6666666666666666,0.6508,1.0,7,8.13
xbrl-now-2023-treasury-stock-value-acquired-cost-method-usd-0001373715-24-000030,hybrid,True,prose,0.0,0.0,0.0,16,7.33
xbrl-now-2023-treasury-stock-value-acquired-cost-method-usd-0001373715-24-000030,hybrid + rerank,True,prose,0.0,0.0,0.0,16,7.33
xbrl-now-2023-treasury-stock-value-acquired-cost-method-usd-0001373715-24-000030,"hybrid + rerank, scores as they are",True,prose,0.0,0.0,0.0,15,7.33
xbrl-now-2023-other-employee-related-liabilities-current-usd-0001373715-24-000030,hybrid,True,tables,0.0,0.0,0.0,12,7.74
xbrl-now-2023-other-employee-related-liabilities-current-usd-0001373715-24-000030,hybrid + rerank,True,tables,0.0,0.0,0.0,10,7.74
xbrl-now-2023-other-employee-related-liabilities-current-usd-0001373715-24-000030,"hybrid + rerank, scores as they are",True,tables,0.0,0.0,0.0,6,7.74
xbrl-now-2024-operating-lease-cost-usd-0001373715-25-000010,hybrid,True,both,0.6666666666666666,0.6714,1.0,13,7.09
xbrl-now-2024-operating-lease-cost-usd-0001373715-25-000010,hybrid + rerank,True,both,0.6666666666666666,0.4982,0.5,8,7.09
xbrl-now-2024-operating-lease-cost-usd-0001373715-25-000010,"hybrid + rerank, scores as they are",True,both,0.6666666666666666,0.4632,0.5,6,7.09
xbrl-now-2024-share-based-compensation-arrangement-by-share-based-payment-award-options-exercisable-number-shares-0001373715-25-000010,hybrid,True,tables,1.0,1.0,1.0,14,7.35
xbrl-now-2024-share-based-compensation-arrangement-by-share-based-payment-award-options-exercisable-number-shares-0001373715-25-000010,hybrid + rerank,True,tables,1.0,0.2447,0.0625,6,7.35
xbrl-now-2024-share-based-compensation-arrangement-by-share-based-payment-award-options-exercisable-number-shares-0001373715-25-000010,"hybrid + rerank, scores as they are",True,tables,0.0,0.0,0.0,4,7.35
xbrl-now-2024-current-foreign-tax-expense-benefit-usd-0001373715-25-000010,hybrid,True,both,0.3333333333333333,0.4693,1.0,10,7.54
xbrl-now-2024-current-foreign-tax-expense-benefit-usd-0001373715-25-000010,hybrid + rerank,True,both,0.3333333333333333,0.4693,1.0,6,7.54
xbrl-now-2024-current-foreign-tax-expense-benefit-usd-0001373715-25-000010,"hybrid + rerank, scores as they are",True,both,0.3333333333333333,0.2961,0.5,3,7.54
xbrl-now-2025-operating-expenses-usd-0001373715-26-000007,hybrid,True,tables,1.0,0.4307,0.25,15,6.69
xbrl-now-2025-operating-expenses-usd-0001373715-26-000007,hybrid + rerank,True,tables,1.0,1.0,1.0,10,6.69
xbrl-now-2025-operating-expenses-usd-0001373715-26-000007,"hybrid + rerank, scores as they are",True,tables,1.0,1.0,1.0,7,6.69
xbrl-now-2025-share-based-compensation-arrangement-by-share-based-payment-award-options-vested-and-expected-to-vest-outstanding-aggregate-intrinsic-value-usd-0001373715-26-000007,hybrid,True,tables,0.5,0.6131,1.0,13,7.77
xbrl-now-2025-share-based-compensation-arrangement-by-share-based-payment-award-options-vested-and-expected-to-vest-outstanding-aggregate-intrinsic-value-usd-0001373715-26-000007,hybrid + rerank,True,tables,0.5,0.2044,0.1429,5,7.77
xbrl-now-2025-share-based-compensation-arrangement-by-share-based-payment-award-options-vested-and-expected-to-vest-outstanding-aggregate-intrinsic-value-usd-0001373715-26-000007,"hybrid + rerank, scores as they are",True,tables,0.5,0.2044,0.1429,4,7.77
xbrl-now-2025-operating-income-loss-usd-0001373715-26-000007,hybrid,True,tables,0.5,0.1934,0.125,15,7.07
xbrl-now-2025-operating-income-loss-usd-0001373715-26-000007,hybrid + rerank,True,tables,0.5,0.1772,0.1,12,7.07
xbrl-now-2025-operating-income-loss-usd-0001373715-26-000007,"hybrid + rerank, scores as they are",True,tables,0.5,0.171,0.0909,11,7.07
xbrl-orcl-2021-accumulated-other-comprehensive-income-loss-foreign-currency-translation-adjustment-net-of-tax-usd-0001564590-21-033616,hybrid,True,both,0.0,0.0,0.0,16,7.65
xbrl-orcl-2021-accumulated-other-comprehensive-income-loss-foreign-currency-translation-adjustment-net-of-tax-usd-0001564590-21-033616,hybrid + rerank,True,both,0.3333333333333333,0.1672,0.1667,11,7.65
xbrl-orcl-2021-accumulated-other-comprehensive-income-loss-foreign-currency-translation-adjustment-net-of-tax-usd-0001564590-21-033616,"hybrid + rerank, scores as they are",True,both,0.3333333333333333,0.1672,0.1667,11,7.65
xbrl-orcl-2021-proceeds-from-issuance-of-common-stock-usd-0001564590-21-033616,hybrid,True,tables,1.0,1.0,1.0,10,7.14
xbrl-orcl-2021-proceeds-from-issuance-of-common-stock-usd-0001564590-21-033616,hybrid + rerank,True,tables,1.0,0.6309,0.5,11,7.14
xbrl-orcl-2021-proceeds-from-issuance-of-common-stock-usd-0001564590-21-033616,"hybrid + rerank, scores as they are",True,tables,1.0,0.6309,0.5,11,7.14
xbrl-orcl-2021-equity-securities-without-readily-determinable-fair-value-amount-usd-0001564590-21-033616,hybrid,True,both,0.5,0.15,0.0625,14,7.68
xbrl-orcl-2021-equity-securities-without-readily-determinable-fair-value-amount-usd-0001564590-21-033616,hybrid + rerank,True,both,0.5,0.6131,1.0,7,7.68
xbrl-orcl-2021-equity-securities-without-readily-determinable-fair-value-amount-usd-0001564590-21-033616,"hybrid + rerank, scores as they are",True,both,0.5,0.6131,1.0,4,7.68
xbrl-orcl-2022-increase-decrease-in-income-taxes-payable-usd-0001564590-22-023675,hybrid,True,both,1.0,0.7788,1.0,12,8.97
xbrl-orcl-2022-increase-decrease-in-income-taxes-payable-usd-0001564590-22-023675,hybrid + rerank,True,both,1.0,0.7904,1.0,6,8.97
xbrl-orcl-2022-increase-decrease-in-income-taxes-payable-usd-0001564590-22-023675,"hybrid + rerank, scores as they are",True,both,1.0,0.7904,1.0,4,8.97
xbrl-orcl-2022-accounts-receivable-after-allowance-for-credit-loss-current-usd-0001564590-22-023675,hybrid,True,tables,1.0,1.0,1.0,11,9.05
xbrl-orcl-2022-accounts-receivable-after-allowance-for-credit-loss-current-usd-0001564590-22-023675,hybrid + rerank,True,tables,1.0,0.6309,0.5,6,9.05
xbrl-orcl-2022-accounts-receivable-after-allowance-for-credit-loss-current-usd-0001564590-22-023675,"hybrid + rerank, scores as they are",True,tables,1.0,0.5,0.3333,4,9.05
xbrl-orcl-2022-long-term-debt-maturity-year-one-usd-0001564590-22-023675,hybrid,True,tables,0.0,0.0,0.0,11,7.85
xbrl-orcl-2022-long-term-debt-maturity-year-one-usd-0001564590-22-023675,hybrid + rerank,True,tables,0.0,0.0,0.0,14,7.85
xbrl-orcl-2022-long-term-debt-maturity-year-one-usd-0001564590-22-023675,"hybrid + rerank, scores as they are",True,tables,0.0,0.0,0.0,4,7.85
xbrl-orcl-2023-operating-lease-payments-usd-0000950170-23-028914,hybrid,True,both,0.5,0.1846,0.1111,11,9.65
xbrl-orcl-2023-operating-lease-payments-usd-0000950170-23-028914,hybrid + rerank,True,both,0.5,0.3066,0.3333,7,9.65
xbrl-orcl-2023-operating-lease-payments-usd-0000950170-23-028914,"hybrid + rerank, scores as they are",True,both,0.5,0.3066,0.3333,3,9.65
xbrl-orcl-2023-income-tax-expense-benefit-usd-0000950170-23-028914,hybrid,True,tables,0.3333333333333333,0.1564,0.1429,13,7.11
xbrl-orcl-2023-income-tax-expense-benefit-usd-0000950170-23-028914,hybrid + rerank,True,tables,0.0,0.0,0.0,7,7.11
xbrl-orcl-2023-income-tax-expense-benefit-usd-0000950170-23-028914,"hybrid + rerank, scores as they are",True,tables,0.0,0.0,0.0,6,7.11
xbrl-orcl-2023-deferred-foreign-income-tax-expense-benefit-usd-0000950170-23-028914,hybrid,True,both,0.6666666666666666,0.3124,0.2,15,7.21
xbrl-orcl-2023-deferred-foreign-income-tax-expense-benefit-usd-0000950170-23-028914,hybrid + rerank,True,both,0.3333333333333333,0.2346,0.3333,6,7.21
xbrl-orcl-2023-deferred-foreign-income-tax-expense-benefit-usd-0000950170-23-028914,"hybrid + rerank, scores as they are",True,both,0.3333333333333333,0.2346,0.3333,4,7.21
xbrl-orcl-2024-research-and-development-expense-usd-0000950170-24-075605,hybrid,True,tables,1.0,0.6113,0.5,12,6.7
xbrl-orcl-2024-research-and-development-expense-usd-0000950170-24-075605,hybrid + rerank,True,tables,1.0,0.4353,0.1667,7,6.7
xbrl-orcl-2024-research-and-development-expense-usd-0000950170-24-075605,"hybrid + rerank, scores as they are",True,tables,0.6666666666666666,0.2765,0.1429,4,6.7
xbrl-orcl-2024-operating-lease-payments-usd-0000950170-24-075605,hybrid,True,tables,0.0,0.0,0.0,12,7.19
xbrl-orcl-2024-operating-lease-payments-usd-0000950170-24-075605,hybrid + rerank,True,tables,0.0,0.0,0.0,8,7.19
xbrl-orcl-2024-operating-lease-payments-usd-0000950170-24-075605,"hybrid + rerank, scores as they are",True,tables,0.0,0.0,0.0,3,7.19
xbrl-orcl-2024-operating-income-loss-usd-0000950170-24-075605,hybrid,True,tables,0.5,0.6131,1.0,11,7.51
xbrl-orcl-2024-operating-income-loss-usd-0000950170-24-075605,hybrid + rerank,True,tables,0.5,0.2184,0.1667,8,7.51
xbrl-orcl-2024-operating-income-loss-usd-0000950170-24-075605,"hybrid + rerank, scores as they are",True,tables,0.5,0.1934,0.125,7,7.51
xbrl-orcl-2025-notes-payable-current-usd-0000950170-25-087926,hybrid,True,tables,1.0,0.6934,0.5,16,6.82
xbrl-orcl-2025-notes-payable-current-usd-0000950170-25-087926,hybrid + rerank,True,tables,1.0,0.511,0.3333,7,6.82
xbrl-orcl-2025-notes-payable-current-usd-0000950170-25-087926,"hybrid + rerank, scores as they are",True,tables,1.0,0.5,0.3333,5,6.82
xbrl-orcl-2025-increase-decrease-in-accounts-receivable-usd-0000950170-25-087926,hybrid,True,tables,0.6666666666666666,0.5961,1.0,10,7.43
xbrl-orcl-2025-increase-decrease-in-accounts-receivable-usd-0000950170-25-087926,hybrid + rerank,True,tables,0.3333333333333333,0.4693,1.0,4,7.43
xbrl-orcl-2025-increase-decrease-in-accounts-receivable-usd-0000950170-25-087926,"hybrid + rerank, scores as they are",True,tables,0.3333333333333333,0.4693,1.0,4,7.43
xbrl-orcl-2025-share-based-compensation-arrangement-by-share-based-payment-award-equity-instruments-other-than-options-nonvested-number-shares-0000950170-25-087926,hybrid,True,tables,0.0,0.0,0.0,16,7.08
xbrl-orcl-2025-share-based-compensation-arrangement-by-share-based-payment-award-equity-instruments-other-than-options-nonvested-number-shares-0000950170-25-087926,hybrid + rerank,True,tables,0.0,0.0,0.0,7,7.08
xbrl-orcl-2025-share-based-compensation-arrangement-by-share-based-payment-award-equity-instruments-other-than-options-nonvested-number-shares-0000950170-25-087926,"hybrid + rerank, scores as they are",True,tables,0.0,0.0,0.0,7,7.08
xbrl-panw-2021-finite-lived-intangible-assets-gross-usd-0001327567-21-000029,hybrid,True,tables,1.0,0.256,0.0714,16,5.46
xbrl-panw-2021-finite-lived-intangible-assets-gross-usd-0001327567-21-000029,hybrid + rerank,True,tables,1.0,0.4307,0.25,11,5.46
xbrl-panw-2021-finite-lived-intangible-assets-gross-usd-0001327567-21-000029,"hybrid + rerank, scores as they are",True,tables,1.0,0.3869,0.2,6,5.46
xbrl-panw-2021-deferred-tax-assets-tax-deferred-expense-reserves-and-accruals-usd-0001327567-21-000029,hybrid,True,both,0.3333333333333333,0.4693,1.0,11,7.54
xbrl-panw-2021-deferred-tax-assets-tax-deferred-expense-reserves-and-accruals-usd-0001327567-21-000029,hybrid + rerank,True,both,0.3333333333333333,0.4693,1.0,7,7.54
xbrl-panw-2021-deferred-tax-assets-tax-deferred-expense-reserves-and-accruals-usd-0001327567-21-000029,"hybrid + rerank, scores as they are",True,both,0.3333333333333333,0.4693,1.0,6,7.54
xbrl-panw-2021-deferred-state-and-local-income-tax-expense-benefit-usd-0001327567-21-000029,hybrid,True,prose,0.0,0.0,0.0,10,8.35
xbrl-panw-2021-deferred-state-and-local-income-tax-expense-benefit-usd-0001327567-21-000029,hybrid + rerank,True,prose,0.0,0.0,0.0,10,8.35
xbrl-panw-2021-deferred-state-and-local-income-tax-expense-benefit-usd-0001327567-21-000029,"hybrid + rerank, scores as they are",True,prose,0.0,0.0,0.0,6,8.35
xbrl-panw-2022-general-and-administrative-expense-usd-0001327567-22-000028,hybrid,True,tables,0.6666666666666666,0.5894,1.0,14,6.66
xbrl-panw-2022-general-and-administrative-expense-usd-0001327567-22-000028,hybrid + rerank,True,tables,0.6666666666666666,0.3028,0.1667,13,6.66
xbrl-panw-2022-general-and-administrative-expense-usd-0001327567-22-000028,"hybrid + rerank, scores as they are",True,tables,0.3333333333333333,0.148,0.125,6,6.66
xbrl-panw-2022-debt-securities-available-for-sale-maturity-allocated-and-single-maturity-date-rolling-within-one-year-fair-value-usd-0001327567-22-000028,hybrid,True,tables,1.0,1.0,1.0,13,8.76
xbrl-panw-2022-debt-securities-available-for-sale-maturity-allocated-and-single-maturity-date-rolling-within-one-year-fair-value-usd-0001327567-22-000028,hybrid + rerank,True,tables,1.0,0.301,0.1111,6,8.76
xbrl-panw-2022-debt-securities-available-for-sale-maturity-allocated-and-single-maturity-date-rolling-within-one-year-fair-value-usd-0001327567-22-000028,"hybrid + rerank, scores as they are",True,tables,1.0,0.301,0.1111,5,8.76
xbrl-panw-2022-increase-decrease-in-accounts-receivable-usd-0001327567-22-000028,hybrid,True,both,1.0,0.4676,0.3333,11,7.21
xbrl-panw-2022-increase-decrease-in-accounts-receivable-usd-0001327567-22-000028,hybrid + rerank,True,both,1.0,0.3684,0.1667,6,7.21
xbrl-panw-2022-increase-decrease-in-accounts-receivable-usd-0001327567-22-000028,"hybrid + rerank, scores as they are",True,both,0.5,0.2184,0.1667,4,7.21
xbrl-panw-2023-share-based-payment-arrangement-shares-withheld-for-tax-withholding-obligation-shares-0001327567-23-000024,hybrid,True,prose,0.0,0.0,0.0,10,8.05
xbrl-panw-2023-share-based-payment-arrangement-shares-withheld-for-tax-withholding-obligation-shares-0001327567-23-000024,hybrid + rerank,True,prose,0.0,0.0,0.0,7,8.05
xbrl-panw-2023-share-based-payment-arrangement-shares-withheld-for-tax-withholding-obligation-shares-0001327567-23-000024,"hybrid + rerank, scores as they are",True,prose,0.0,0.0,0.0,5,8.05
xbrl-panw-2023-common-stock-shares-authorized-shares-0001327567-23-000024,hybrid,True,prose,0.0,0.0,0.0,10,7.48
xbrl-panw-2023-common-stock-shares-authorized-shares-0001327567-23-000024,hybrid + rerank,True,prose,0.0,0.0,0.0,5,7.48
xbrl-panw-2023-common-stock-shares-authorized-shares-0001327567-23-000024,"hybrid + rerank, scores as they are",True,prose,0.0,0.0,0.0,4,7.48
xbrl-panw-2023-preferred-stock-shares-authorized-shares-0001327567-23-000024,hybrid,True,prose,0.0,0.0,0.0,10,7.1
xbrl-panw-2023-preferred-stock-shares-authorized-shares-0001327567-23-000024,hybrid + rerank,True,prose,0.0,0.0,0.0,7,7.1
xbrl-panw-2023-preferred-stock-shares-authorized-shares-0001327567-23-000024,"hybrid + rerank, scores as they are",True,prose,0.0,0.0,0.0,2,7.1
xbrl-panw-2024-debt-securities-available-for-sale-continuous-unrealized-loss-position-12-months-or-longer-accumulated-loss-usd-0001327567-24-000029,hybrid,True,prose,0.0,0.0,0.0,13,8.02
xbrl-panw-2024-debt-securities-available-for-sale-continuous-unrealized-loss-position-12-months-or-longer-accumulated-loss-usd-0001327567-24-000029,hybrid + rerank,True,prose,0.0,0.0,0.0,9,8.02
xbrl-panw-2024-debt-securities-available-for-sale-continuous-unrealized-loss-position-12-months-or-longer-accumulated-loss-usd-0001327567-24-000029,"hybrid + rerank, scores as they are",True,prose,0.0,0.0,0.0,8,8.02
xbrl-panw-2024-capitalized-contract-cost-net-current-usd-0001327567-24-000029,hybrid,True,tables,1.0,1.0,1.0,13,8.32
xbrl-panw-2024-capitalized-contract-cost-net-current-usd-0001327567-24-000029,hybrid + rerank,True,tables,1.0,0.3333,0.1429,12,8.32
xbrl-panw-2024-capitalized-contract-cost-net-current-usd-0001327567-24-000029,"hybrid + rerank, scores as they are",True,tables,1.0,0.3155,0.125,10,8.32
xbrl-panw-2024-debt-securities-available-for-sale-maturity-allocated-and-single-maturity-date-rolling-within-one-year-fair-value-usd-0001327567-24-000029,hybrid,True,tables,1.0,1.0,1.0,11,9.16
xbrl-panw-2024-debt-securities-available-for-sale-maturity-allocated-and-single-maturity-date-rolling-within-one-year-fair-value-usd-0001327567-24-000029,hybrid + rerank,True,tables,1.0,0.301,0.1111,8,9.16
xbrl-panw-2024-debt-securities-available-for-sale-maturity-allocated-and-single-maturity-date-rolling-within-one-year-fair-value-usd-0001327567-24-000029,"hybrid + rerank, scores as they are",True,tables,1.0,0.2891,0.1,5,9.16
xbrl-panw-2025-deferred-foreign-income-tax-expense-benefit-usd-0001327567-25-000027,hybrid,True,prose,0.0,0.0,0.0,12,7.7
xbrl-panw-2025-deferred-foreign-income-tax-expense-benefit-usd-0001327567-25-000027,hybrid + rerank,True,prose,0.0,0.0,0.0,5,7.7
xbrl-panw-2025-deferred-foreign-income-tax-expense-benefit-usd-0001327567-25-000027,"hybrid + rerank, scores as they are",True,prose,0.0,0.0,0.0,4,7.7
xbrl-panw-2025-accounts-receivable-after-allowance-for-credit-loss-current-usd-0001327567-25-000027,hybrid,True,tables,1.0,1.0,1.0,11,7.74
xbrl-panw-2025-accounts-receivable-after-allowance-for-credit-loss-current-usd-0001327567-25-000027,hybrid + rerank,True,tables,1.0,0.6309,0.5,7,7.74
xbrl-panw-2025-accounts-receivable-after-allowance-for-credit-loss-current-usd-0001327567-25-000027,"hybrid + rerank, scores as they are",True,tables,1.0,0.6309,0.5,5,7.74
xbrl-panw-2025-accrued-liabilities-current-usd-0001327567-25-000027,hybrid,True,both,0.5,0.6131,1.0,14,6.59
xbrl-panw-2025-accrued-liabilities-current-usd-0001327567-25-000027,hybrid + rerank,True,both,0.5,0.6131,1.0,9,6.59
xbrl-panw-2025-accrued-liabilities-current-usd-0001327567-25-000027,"hybrid + rerank, scores as they are",True,both,0.5,0.6131,1.0,8,6.59
xbrl-txn-2021-cash-cash-equivalents-restricted-cash-and-restricted-cash-equivalents-period-increase-decrease-including-exchange-rate-effect-usd-0000097476-22-000009,hybrid,True,tables,1.0,0.4307,0.25,16,8.64
xbrl-txn-2021-cash-cash-equivalents-restricted-cash-and-restricted-cash-equivalents-period-increase-decrease-including-exchange-rate-effect-usd-0000097476-22-000009,hybrid + rerank,True,tables,1.0,0.6309,0.5,12,8.64
xbrl-txn-2021-cash-cash-equivalents-restricted-cash-and-restricted-cash-equivalents-period-increase-decrease-including-exchange-rate-effect-usd-0000097476-22-000009,"hybrid + rerank, scores as they are",True,tables,1.0,0.5,0.3333,9,8.64
xbrl-txn-2021-other-nonoperating-income-expense-usd-0000097476-22-000009,hybrid,True,both,0.6666666666666666,0.4162,0.5,14,8.13
xbrl-txn-2021-other-nonoperating-income-expense-usd-0000097476-22-000009,hybrid + rerank,True,both,0.3333333333333333,0.2961,0.5,11,8.13
xbrl-txn-2021-other-nonoperating-income-expense-usd-0000097476-22-000009,"hybrid + rerank, scores as they are",True,both,0.6666666666666666,0.3548,0.3333,7,8.13
xbrl-txn-2021-depreciation-usd-0000097476-22-000009,hybrid,True,tables,1.0,0.6309,0.5,9,10.61
xbrl-txn-2021-depreciation-usd-0000097476-22-000009,hybrid + rerank,True,tables,1.0,0.3869,0.2,10,10.61
xbrl-txn-2021-depreciation-usd-0000097476-22-000009,"hybrid + rerank, scores as they are",True,tables,1.0,0.301,0.1111,5,10.61
xbrl-txn-2022-treasury-stock-shares-shares-0000097476-23-000007,hybrid,True,tables,1.0,0.3978,0.1429,16,9.01
xbrl-txn-2022-treasury-stock-shares-shares-0000097476-23-000007,hybrid + rerank,True,tables,1.0,0.3267,0.0833,12,9.01
xbrl-txn-2022-treasury-stock-shares-shares-0000097476-23-000007,"hybrid + rerank, scores as they are",True,tables,1.0,0.3033,0.0667,10,9.01
xbrl-txn-2022-stockholders-equity-attributable-to-parent-usd-0000097476-23-000007,hybrid,True,tables,1.0,0.3562,0.1667,16,14.2
xbrl-txn-2022-stockholders-equity-attributable-to-parent-usd-0000097476-23-000007,hybrid + rerank,True,tables,1.0,0.2626,0.0769,13,14.2
xbrl-txn-2022-stockholders-equity-attributable-to-parent-usd-0000097476-23-000007,"hybrid + rerank, scores as they are",True,tables,1.0,0.256,0.0714,11,14.2
xbrl-txn-2022-operating-income-loss-usd-0000097476-23-000007,hybrid,True,tables,1.0,0.8503,1.0,16,11.41
xbrl-txn-2022-operating-income-loss-usd-0000097476-23-000007,hybrid + rerank,True,tables,1.0,0.4911,0.3333,13,11.41
xbrl-txn-2022-operating-income-loss-usd-0000097476-23-000007,"hybrid + rerank, scores as they are",True,tables,1.0,0.3905,0.2,8,11.41
xbrl-txn-2023-foreign-income-tax-expense-benefit-continuing-operations-usd-0000097476-24-000007,hybrid,True,both,0.0,0.0,0.0,16,9.7
xbrl-txn-2023-foreign-income-tax-expense-benefit-continuing-operations-usd-0000097476-24-000007,hybrid + rerank,True,both,0.0,0.0,0.0,12,9.7
xbrl-txn-2023-foreign-income-tax-expense-benefit-continuing-operations-usd-0000097476-24-000007,"hybrid + rerank, scores as they are",True,both,0.0,0.0,0.0,8,9.7
xbrl-txn-2023-inventory-net-usd-0000097476-24-000007,hybrid,True,tables,0.0,0.0,0.0,12,12.09
xbrl-txn-2023-inventory-net-usd-0000097476-24-000007,hybrid + rerank,True,tables,1.0,0.5,0.3333,14,12.09
xbrl-txn-2023-inventory-net-usd-0000097476-24-000007,"hybrid + rerank, scores as they are",True,tables,1.0,0.3562,0.1667,6,12.09
xbrl-txn-2023-share-based-payment-arrangement-nonvested-award-cost-not-yet-recognized-amount-usd-0000097476-24-000007,hybrid,True,prose,1.0,0.2702,0.0833,12,8.02
xbrl-txn-2023-share-based-payment-arrangement-nonvested-award-cost-not-yet-recognized-amount-usd-0000097476-24-000007,hybrid + rerank,True,prose,1.0,1.0,1.0,10,8.02
xbrl-txn-2023-share-based-payment-arrangement-nonvested-award-cost-not-yet-recognized-amount-usd-0000097476-24-000007,"hybrid + rerank, scores as they are",True,prose,1.0,1.0,1.0,6,8.02
xbrl-txn-2024-depreciation-usd-0000097476-25-000007,hybrid,True,tables,1.0,0.6309,0.5,10,7.25
xbrl-txn-2024-depreciation-usd-0000097476-25-000007,hybrid + rerank,True,tables,1.0,0.5,0.3333,14,7.25
xbrl-txn-2024-depreciation-usd-0000097476-25-000007,"hybrid + rerank, scores as they are",True,tables,1.0,0.4307,0.25,4,7.25
xbrl-txn-2024-liabilities-usd-0000097476-25-000007,hybrid,True,tables,1.0,0.3155,0.125,12,6.75
xbrl-txn-2024-liabilities-usd-0000097476-25-000007,hybrid + rerank,True,tables,1.0,0.6309,0.5,13,6.75
xbrl-txn-2024-liabilities-usd-0000097476-25-000007,"hybrid + rerank, scores as they are",True,tables,1.0,0.3562,0.1667,7,6.75
xbrl-txn-2024-other-nonoperating-income-usd-0000097476-25-000007,hybrid,True,tables,1.0,0.4307,0.25,16,7.47
xbrl-txn-2024-other-nonoperating-income-usd-0000097476-25-000007,hybrid + rerank,True,tables,1.0,1.0,1.0,16,7.47
xbrl-txn-2024-other-nonoperating-income-usd-0000097476-25-000007,"hybrid + rerank, scores as they are",True,tables,1.0,1.0,1.0,8,7.47
xbrl-txn-2025-payments-to-acquire-short-term-investments-usd-0000097476-26-000059,hybrid,True,tables,1.0,1.0,1.0,12,11.3
xbrl-txn-2025-payments-to-acquire-short-term-investments-usd-0000097476-26-000059,hybrid + rerank,True,tables,1.0,0.3562,0.1667,8,11.3
xbrl-txn-2025-payments-to-acquire-short-term-investments-usd-0000097476-26-000059,"hybrid + rerank, scores as they are",True,tables,1.0,0.3155,0.125,6,11.3
xbrl-txn-2025-other-deferred-compensation-arrangements-liability-classified-noncurrent-usd-0000097476-26-000059,hybrid,True,both,0.6666666666666666,0.2964,0.2,15,21.2
xbrl-txn-2025-other-deferred-compensation-arrangements-liability-classified-noncurrent-usd-0000097476-26-000059,hybrid + rerank,True,both,0.3333333333333333,0.1672,0.1667,6,21.2
xbrl-txn-2025-other-deferred-compensation-arrangements-liability-classified-noncurrent-usd-0000097476-26-000059,"hybrid + rerank, scores as they are",True,both,0.3333333333333333,0.1672,0.1667,4,21.2
xbrl-txn-2025-deferred-tax-assets-tax-deferred-expense-compensation-and-benefits-share-based-compensation-cost-usd-0000097476-26-000059,hybrid,True,tables,0.3333333333333333,0.4693,1.0,14,10.03
xbrl-txn-2025-deferred-tax-assets-tax-deferred-expense-compensation-and-benefits-share-based-compensation-cost-usd-0000097476-26-000059,hybrid + rerank,True,tables,0.3333333333333333,0.2961,0.5,8,10.03
xbrl-txn-2025-deferred-tax-assets-tax-deferred-expense-compensation-and-benefits-share-based-compensation-cost-usd-0000097476-26-000059,"hybrid + rerank, scores as they are",True,tables,0.3333333333333333,0.2961,0.5,6,10.03
