qid,retriever,text,wants_figures,figure_question,figure_in_top_k,figure_rank,section_in_top_k,terms_in_top_k
Q01,bm25,boost=1.0,False,False,,,True,0.6
Q01,hybrid,boost=1.0,False,False,,,True,1.0
Q01,bm25,boost=1.05,False,False,,,True,0.6
Q01,hybrid,boost=1.05,False,False,,,True,1.0
Q01,bm25,boost=1.1,False,False,,,True,0.6
Q01,hybrid,boost=1.1,False,False,,,True,1.0
Q01,bm25,boost=1.15,False,False,,,True,0.6
Q01,hybrid,boost=1.15,False,False,,,True,1.0
Q01,bm25,boost=1.2,False,False,,,True,0.6
Q01,hybrid,boost=1.2,False,False,,,True,1.0
Q01,bm25,boost=1.25,False,False,,,True,0.6
Q01,hybrid,boost=1.25,False,False,,,True,1.0
Q01,bm25,boost=1.5,False,False,,,True,0.6
Q01,hybrid,boost=1.5,False,False,,,True,1.0
Q01,bm25,boost=2.0,False,False,,,True,0.6
Q01,hybrid,boost=2.0,False,False,,,True,1.0
Q02,bm25,boost=1.0,False,False,,,True,1.0
Q02,hybrid,boost=1.0,False,False,,,True,1.0
Q02,bm25,boost=1.05,False,False,,,True,1.0
Q02,hybrid,boost=1.05,False,False,,,True,1.0
Q02,bm25,boost=1.1,False,False,,,True,1.0
Q02,hybrid,boost=1.1,False,False,,,True,1.0
Q02,bm25,boost=1.15,False,False,,,True,1.0
Q02,hybrid,boost=1.15,False,False,,,True,1.0
Q02,bm25,boost=1.2,False,False,,,True,1.0
Q02,hybrid,boost=1.2,False,False,,,True,1.0
Q02,bm25,boost=1.25,False,False,,,True,1.0
Q02,hybrid,boost=1.25,False,False,,,True,1.0
Q02,bm25,boost=1.5,False,False,,,True,1.0
Q02,hybrid,boost=1.5,False,False,,,True,1.0
Q02,bm25,boost=2.0,False,False,,,True,1.0
Q02,hybrid,boost=2.0,False,False,,,True,1.0
Q03,bm25,boost=1.0,True,True,True,2.0,True,
Q03,hybrid,boost=1.0,True,True,True,3.0,True,
Q03,bm25,boost=1.05,True,True,True,2.0,True,
Q03,hybrid,boost=1.05,True,True,True,1.0,True,
Q03,bm25,boost=1.1,True,True,True,1.0,True,
Q03,hybrid,boost=1.1,True,True,True,1.0,True,
Q03,bm25,boost=1.15,True,True,True,1.0,True,
Q03,hybrid,boost=1.15,True,True,True,1.0,True,
Q03,bm25,boost=1.2,True,True,True,1.0,True,
Q03,hybrid,boost=1.2,True,True,True,1.0,True,
Q03,bm25,boost=1.25,True,True,True,1.0,True,
Q03,hybrid,boost=1.25,True,True,True,2.0,True,
Q03,bm25,boost=1.5,True,True,True,1.0,True,
Q03,hybrid,boost=1.5,True,True,True,2.0,True,
Q03,bm25,boost=2.0,True,True,True,1.0,True,
Q03,hybrid,boost=2.0,True,True,True,2.0,True,
Q04,bm25,boost=1.0,True,True,True,3.0,True,
Q04,hybrid,boost=1.0,True,True,True,3.0,True,
Q04,bm25,boost=1.05,True,True,True,3.0,True,
Q04,hybrid,boost=1.05,True,True,True,2.0,True,
Q04,bm25,boost=1.1,True,True,True,3.0,True,
Q04,hybrid,boost=1.1,True,True,True,1.0,True,
Q04,bm25,boost=1.15,True,True,True,3.0,True,
Q04,hybrid,boost=1.15,True,True,True,1.0,True,
Q04,bm25,boost=1.2,True,True,True,3.0,True,
Q04,hybrid,boost=1.2,True,True,True,1.0,True,
Q04,bm25,boost=1.25,True,True,True,1.0,True,
Q04,hybrid,boost=1.25,True,True,True,1.0,True,
Q04,bm25,boost=1.5,True,True,True,1.0,True,
Q04,hybrid,boost=1.5,True,True,True,1.0,True,
Q04,bm25,boost=2.0,True,True,True,1.0,True,
Q04,hybrid,boost=2.0,True,True,True,1.0,True,
Q05,bm25,boost=1.0,False,False,,,True,1.0
Q05,hybrid,boost=1.0,False,False,,,True,1.0
Q05,bm25,boost=1.05,False,False,,,True,1.0
Q05,hybrid,boost=1.05,False,False,,,True,1.0
Q05,bm25,boost=1.1,False,False,,,True,1.0
Q05,hybrid,boost=1.1,False,False,,,True,1.0
Q05,bm25,boost=1.15,False,False,,,True,1.0
Q05,hybrid,boost=1.15,False,False,,,True,1.0
Q05,bm25,boost=1.2,False,False,,,True,1.0
Q05,hybrid,boost=1.2,False,False,,,True,1.0
Q05,bm25,boost=1.25,False,False,,,True,1.0
Q05,hybrid,boost=1.25,False,False,,,True,1.0
Q05,bm25,boost=1.5,False,False,,,True,1.0
Q05,hybrid,boost=1.5,False,False,,,True,1.0
Q05,bm25,boost=2.0,False,False,,,True,1.0
Q05,hybrid,boost=2.0,False,False,,,True,1.0
Q06,bm25,boost=1.0,True,True,True,6.0,True,
Q06,hybrid,boost=1.0,True,True,True,3.0,True,
Q06,bm25,boost=1.05,True,True,True,5.0,True,
Q06,hybrid,boost=1.05,True,True,True,2.0,True,
Q06,bm25,boost=1.1,True,True,True,4.0,True,
Q06,hybrid,boost=1.1,True,True,True,2.0,True,
Q06,bm25,boost=1.15,True,True,True,4.0,True,
Q06,hybrid,boost=1.15,True,True,True,2.0,True,
Q06,bm25,boost=1.2,True,True,True,4.0,True,
Q06,hybrid,boost=1.2,True,True,True,2.0,True,
Q06,bm25,boost=1.25,True,True,True,4.0,True,
Q06,hybrid,boost=1.25,True,True,True,2.0,True,
Q06,bm25,boost=1.5,True,True,True,3.0,True,
Q06,hybrid,boost=1.5,True,True,True,2.0,True,
Q06,bm25,boost=2.0,True,True,True,2.0,True,
Q06,hybrid,boost=2.0,True,True,True,2.0,True,
Q07,bm25,boost=1.0,False,False,,,True,1.0
Q07,hybrid,boost=1.0,False,False,,,True,1.0
Q07,bm25,boost=1.05,False,False,,,True,1.0
Q07,hybrid,boost=1.05,False,False,,,True,1.0
Q07,bm25,boost=1.1,False,False,,,True,1.0
Q07,hybrid,boost=1.1,False,False,,,True,1.0
Q07,bm25,boost=1.15,False,False,,,True,1.0
Q07,hybrid,boost=1.15,False,False,,,True,1.0
Q07,bm25,boost=1.2,False,False,,,True,1.0
Q07,hybrid,boost=1.2,False,False,,,True,1.0
Q07,bm25,boost=1.25,False,False,,,True,1.0
Q07,hybrid,boost=1.25,False,False,,,True,1.0
Q07,bm25,boost=1.5,False,False,,,True,1.0
Q07,hybrid,boost=1.5,False,False,,,True,1.0
Q07,bm25,boost=2.0,False,False,,,True,1.0
Q07,hybrid,boost=2.0,False,False,,,True,1.0
Q08,bm25,boost=1.0,False,False,,,True,1.0
Q08,hybrid,boost=1.0,False,False,,,True,1.0
Q08,bm25,boost=1.05,False,False,,,True,1.0
Q08,hybrid,boost=1.05,False,False,,,True,1.0
Q08,bm25,boost=1.1,False,False,,,True,1.0
Q08,hybrid,boost=1.1,False,False,,,True,1.0
Q08,bm25,boost=1.15,False,False,,,True,1.0
Q08,hybrid,boost=1.15,False,False,,,True,1.0
Q08,bm25,boost=1.2,False,False,,,True,1.0
Q08,hybrid,boost=1.2,False,False,,,True,1.0
Q08,bm25,boost=1.25,False,False,,,True,1.0
Q08,hybrid,boost=1.25,False,False,,,True,1.0
Q08,bm25,boost=1.5,False,False,,,True,1.0
Q08,hybrid,boost=1.5,False,False,,,True,1.0
Q08,bm25,boost=2.0,False,False,,,True,1.0
Q08,hybrid,boost=2.0,False,False,,,True,1.0
Q09,bm25,boost=1.0,False,False,,,True,1.0
Q09,hybrid,boost=1.0,False,False,,,True,1.0
Q09,bm25,boost=1.05,False,False,,,True,1.0
Q09,hybrid,boost=1.05,False,False,,,True,1.0
Q09,bm25,boost=1.1,False,False,,,True,1.0
Q09,hybrid,boost=1.1,False,False,,,True,1.0
Q09,bm25,boost=1.15,False,False,,,True,1.0
Q09,hybrid,boost=1.15,False,False,,,True,1.0
Q09,bm25,boost=1.2,False,False,,,True,1.0
Q09,hybrid,boost=1.2,False,False,,,True,1.0
Q09,bm25,boost=1.25,False,False,,,True,1.0
Q09,hybrid,boost=1.25,False,False,,,True,1.0
Q09,bm25,boost=1.5,False,False,,,True,1.0
Q09,hybrid,boost=1.5,False,False,,,True,1.0
Q09,bm25,boost=2.0,False,False,,,True,1.0
Q09,hybrid,boost=2.0,False,False,,,True,1.0
Q10,bm25,boost=1.0,True,True,False,24.0,True,
Q10,hybrid,boost=1.0,True,True,True,8.0,True,
Q10,bm25,boost=1.05,True,True,False,20.0,True,
Q10,hybrid,boost=1.05,True,True,True,7.0,True,
Q10,bm25,boost=1.1,True,True,True,16.0,True,
Q10,hybrid,boost=1.1,True,True,True,3.0,True,
Q10,bm25,boost=1.15,True,True,True,13.0,True,
Q10,hybrid,boost=1.15,True,True,True,2.0,True,
Q10,bm25,boost=1.2,True,True,True,10.0,True,
Q10,hybrid,boost=1.2,True,True,True,1.0,True,
Q10,bm25,boost=1.25,True,True,True,9.0,True,
Q10,hybrid,boost=1.25,True,True,True,1.0,True,
Q10,bm25,boost=1.5,True,True,True,3.0,True,
Q10,hybrid,boost=1.5,True,True,True,2.0,True,
Q10,bm25,boost=2.0,True,True,True,3.0,True,
Q10,hybrid,boost=2.0,True,True,True,2.0,True,
Q11,bm25,boost=1.0,True,True,True,3.0,True,
Q11,hybrid,boost=1.0,True,True,True,2.0,True,
Q11,bm25,boost=1.05,True,True,True,3.0,True,
Q11,hybrid,boost=1.05,True,True,True,2.0,True,
Q11,bm25,boost=1.1,True,True,True,1.0,True,
Q11,hybrid,boost=1.1,True,True,True,1.0,True,
Q11,bm25,boost=1.15,True,True,True,1.0,True,
Q11,hybrid,boost=1.15,True,True,True,1.0,True,
Q11,bm25,boost=1.2,True,True,True,1.0,True,
Q11,hybrid,boost=1.2,True,True,True,1.0,True,
Q11,bm25,boost=1.25,True,True,True,1.0,True,
Q11,hybrid,boost=1.25,True,True,True,1.0,True,
Q11,bm25,boost=1.5,True,True,True,1.0,True,
Q11,hybrid,boost=1.5,True,True,True,1.0,True,
Q11,bm25,boost=2.0,True,True,True,1.0,True,
Q11,hybrid,boost=2.0,True,True,True,1.0,True,
Q12,bm25,boost=1.0,True,True,True,14.0,True,
Q12,hybrid,boost=1.0,True,True,True,6.0,True,
Q12,bm25,boost=1.05,True,True,True,14.0,True,
Q12,hybrid,boost=1.05,True,True,True,5.0,True,
Q12,bm25,boost=1.1,True,True,True,14.0,True,
Q12,hybrid,boost=1.1,True,True,True,3.0,True,
Q12,bm25,boost=1.15,True,True,True,14.0,True,
Q12,hybrid,boost=1.15,True,True,True,2.0,True,
Q12,bm25,boost=1.2,True,True,True,14.0,True,
Q12,hybrid,boost=1.2,True,True,True,1.0,True,
Q12,bm25,boost=1.25,True,True,True,12.0,True,
Q12,hybrid,boost=1.25,True,True,True,1.0,True,
Q12,bm25,boost=1.5,True,True,True,11.0,True,
Q12,hybrid,boost=1.5,True,True,True,1.0,True,
Q12,bm25,boost=2.0,True,True,True,9.0,True,
Q12,hybrid,boost=2.0,True,True,True,1.0,True,
Q13,bm25,boost=1.0,False,False,,,True,1.0
Q13,hybrid,boost=1.0,False,False,,,True,1.0
Q13,bm25,boost=1.05,False,False,,,True,1.0
Q13,hybrid,boost=1.05,False,False,,,True,1.0
Q13,bm25,boost=1.1,False,False,,,True,1.0
Q13,hybrid,boost=1.1,False,False,,,True,1.0
Q13,bm25,boost=1.15,False,False,,,True,1.0
Q13,hybrid,boost=1.15,False,False,,,True,1.0
Q13,bm25,boost=1.2,False,False,,,True,1.0
Q13,hybrid,boost=1.2,False,False,,,True,1.0
Q13,bm25,boost=1.25,False,False,,,True,1.0
Q13,hybrid,boost=1.25,False,False,,,True,1.0
Q13,bm25,boost=1.5,False,False,,,True,1.0
Q13,hybrid,boost=1.5,False,False,,,True,1.0
Q13,bm25,boost=2.0,False,False,,,True,1.0
Q13,hybrid,boost=2.0,False,False,,,True,1.0
Q14,bm25,boost=1.0,False,False,,,True,1.0
Q14,hybrid,boost=1.0,False,False,,,True,0.875
Q14,bm25,boost=1.05,False,False,,,True,1.0
Q14,hybrid,boost=1.05,False,False,,,True,0.875
Q14,bm25,boost=1.1,False,False,,,True,1.0
Q14,hybrid,boost=1.1,False,False,,,True,0.875
Q14,bm25,boost=1.15,False,False,,,True,1.0
Q14,hybrid,boost=1.15,False,False,,,True,0.875
Q14,bm25,boost=1.2,False,False,,,True,1.0
Q14,hybrid,boost=1.2,False,False,,,True,0.875
Q14,bm25,boost=1.25,False,False,,,True,1.0
Q14,hybrid,boost=1.25,False,False,,,True,0.875
Q14,bm25,boost=1.5,False,False,,,True,1.0
Q14,hybrid,boost=1.5,False,False,,,True,0.875
Q14,bm25,boost=2.0,False,False,,,True,1.0
Q14,hybrid,boost=2.0,False,False,,,True,0.875
Q15,bm25,boost=1.0,True,True,True,1.0,True,
Q15,hybrid,boost=1.0,True,True,True,1.0,True,
Q15,bm25,boost=1.05,True,True,True,1.0,True,
Q15,hybrid,boost=1.05,True,True,True,1.0,True,
Q15,bm25,boost=1.1,True,True,True,1.0,True,
Q15,hybrid,boost=1.1,True,True,True,1.0,True,
Q15,bm25,boost=1.15,True,True,True,1.0,True,
Q15,hybrid,boost=1.15,True,True,True,1.0,True,
Q15,bm25,boost=1.2,True,True,True,1.0,True,
Q15,hybrid,boost=1.2,True,True,True,1.0,True,
Q15,bm25,boost=1.25,True,True,True,1.0,True,
Q15,hybrid,boost=1.25,True,True,True,1.0,True,
Q15,bm25,boost=1.5,True,True,True,1.0,True,
Q15,hybrid,boost=1.5,True,True,True,1.0,True,
Q15,bm25,boost=2.0,True,True,True,1.0,True,
Q15,hybrid,boost=2.0,True,True,True,1.0,True,
Q16,bm25,boost=1.0,False,False,,,True,1.0
Q16,hybrid,boost=1.0,False,False,,,True,1.0
Q16,bm25,boost=1.05,False,False,,,True,1.0
Q16,hybrid,boost=1.05,False,False,,,True,1.0
Q16,bm25,boost=1.1,False,False,,,True,1.0
Q16,hybrid,boost=1.1,False,False,,,True,1.0
Q16,bm25,boost=1.15,False,False,,,True,1.0
Q16,hybrid,boost=1.15,False,False,,,True,1.0
Q16,bm25,boost=1.2,False,False,,,True,1.0
Q16,hybrid,boost=1.2,False,False,,,True,1.0
Q16,bm25,boost=1.25,False,False,,,True,1.0
Q16,hybrid,boost=1.25,False,False,,,True,1.0
Q16,bm25,boost=1.5,False,False,,,True,1.0
Q16,hybrid,boost=1.5,False,False,,,True,1.0
Q16,bm25,boost=2.0,False,False,,,True,1.0
Q16,hybrid,boost=2.0,False,False,,,True,1.0
Q17,bm25,boost=1.0,False,False,,,True,1.0
Q17,hybrid,boost=1.0,False,False,,,True,1.0
Q17,bm25,boost=1.05,False,False,,,True,1.0
Q17,hybrid,boost=1.05,False,False,,,True,1.0
Q17,bm25,boost=1.1,False,False,,,True,1.0
Q17,hybrid,boost=1.1,False,False,,,True,1.0
Q17,bm25,boost=1.15,False,False,,,True,1.0
Q17,hybrid,boost=1.15,False,False,,,True,1.0
Q17,bm25,boost=1.2,False,False,,,True,1.0
Q17,hybrid,boost=1.2,False,False,,,True,1.0
Q17,bm25,boost=1.25,False,False,,,True,1.0
Q17,hybrid,boost=1.25,False,False,,,True,1.0
Q17,bm25,boost=1.5,False,False,,,True,1.0
Q17,hybrid,boost=1.5,False,False,,,True,1.0
Q17,bm25,boost=2.0,False,False,,,True,1.0
Q17,hybrid,boost=2.0,False,False,,,True,1.0
Q18,bm25,boost=1.0,True,True,True,1.0,True,
Q18,hybrid,boost=1.0,True,True,True,3.0,True,
Q18,bm25,boost=1.05,True,True,True,1.0,True,
Q18,hybrid,boost=1.05,True,True,True,2.0,True,
Q18,bm25,boost=1.1,True,True,True,1.0,True,
Q18,hybrid,boost=1.1,True,True,True,2.0,True,
Q18,bm25,boost=1.15,True,True,True,1.0,True,
Q18,hybrid,boost=1.15,True,True,True,2.0,True,
Q18,bm25,boost=1.2,True,True,True,1.0,True,
Q18,hybrid,boost=1.2,True,True,True,2.0,True,
Q18,bm25,boost=1.25,True,True,True,1.0,True,
Q18,hybrid,boost=1.25,True,True,True,2.0,True,
Q18,bm25,boost=1.5,True,True,True,1.0,True,
Q18,hybrid,boost=1.5,True,True,True,2.0,True,
Q18,bm25,boost=2.0,True,True,True,1.0,True,
Q18,hybrid,boost=2.0,True,True,True,2.0,True,
Q19,bm25,boost=1.0,True,False,,,True,1.0
Q19,hybrid,boost=1.0,True,False,,,True,1.0
Q19,bm25,boost=1.05,True,False,,,True,1.0
Q19,hybrid,boost=1.05,True,False,,,True,1.0
Q19,bm25,boost=1.1,True,False,,,True,1.0
Q19,hybrid,boost=1.1,True,False,,,True,1.0
Q19,bm25,boost=1.15,True,False,,,True,1.0
Q19,hybrid,boost=1.15,True,False,,,True,1.0
Q19,bm25,boost=1.2,True,False,,,True,1.0
Q19,hybrid,boost=1.2,True,False,,,True,1.0
Q19,bm25,boost=1.25,True,False,,,True,1.0
Q19,hybrid,boost=1.25,True,False,,,True,1.0
Q19,bm25,boost=1.5,True,False,,,True,1.0
Q19,hybrid,boost=1.5,True,False,,,True,1.0
Q19,bm25,boost=2.0,True,False,,,True,1.0
Q19,hybrid,boost=2.0,True,False,,,True,1.0
Q20,bm25,boost=1.0,True,False,,,True,1.0
Q20,hybrid,boost=1.0,True,False,,,True,1.0
Q20,bm25,boost=1.05,True,False,,,True,1.0
Q20,hybrid,boost=1.05,True,False,,,True,1.0
Q20,bm25,boost=1.1,True,False,,,True,1.0
Q20,hybrid,boost=1.1,True,False,,,True,1.0
Q20,bm25,boost=1.15,True,False,,,True,1.0
Q20,hybrid,boost=1.15,True,False,,,True,1.0
Q20,bm25,boost=1.2,True,False,,,True,1.0
Q20,hybrid,boost=1.2,True,False,,,True,1.0
Q20,bm25,boost=1.25,True,False,,,True,1.0
Q20,hybrid,boost=1.25,True,False,,,True,1.0
Q20,bm25,boost=1.5,True,False,,,True,1.0
Q20,hybrid,boost=1.5,True,False,,,True,1.0
Q20,bm25,boost=2.0,True,False,,,True,1.0
Q20,hybrid,boost=2.0,True,False,,,True,1.0
Q21,bm25,boost=1.0,True,True,True,2.0,True,
Q21,hybrid,boost=1.0,True,True,True,1.0,True,
Q21,bm25,boost=1.05,True,True,True,2.0,True,
Q21,hybrid,boost=1.05,True,True,True,1.0,True,
Q21,bm25,boost=1.1,True,True,True,2.0,True,
Q21,hybrid,boost=1.1,True,True,True,1.0,True,
Q21,bm25,boost=1.15,True,True,True,2.0,True,
Q21,hybrid,boost=1.15,True,True,True,1.0,True,
Q21,bm25,boost=1.2,True,True,True,2.0,True,
Q21,hybrid,boost=1.2,True,True,True,1.0,True,
Q21,bm25,boost=1.25,True,True,True,2.0,True,
Q21,hybrid,boost=1.25,True,True,True,1.0,True,
Q21,bm25,boost=1.5,True,True,True,2.0,True,
Q21,hybrid,boost=1.5,True,True,True,1.0,True,
Q21,bm25,boost=2.0,True,True,True,2.0,True,
Q21,hybrid,boost=2.0,True,True,True,1.0,True,
Q22,bm25,boost=1.0,True,True,True,15.0,True,
Q22,hybrid,boost=1.0,True,True,False,19.0,True,
Q22,bm25,boost=1.05,True,True,True,13.0,True,
Q22,hybrid,boost=1.05,True,True,True,14.0,True,
Q22,bm25,boost=1.1,True,True,True,12.0,True,
Q22,hybrid,boost=1.1,True,True,True,11.0,True,
Q22,bm25,boost=1.15,True,True,True,8.0,True,
Q22,hybrid,boost=1.15,True,True,True,10.0,True,
Q22,bm25,boost=1.2,True,True,True,8.0,True,
Q22,hybrid,boost=1.2,True,True,True,10.0,True,
Q22,bm25,boost=1.25,True,True,True,6.0,True,
Q22,hybrid,boost=1.25,True,True,True,10.0,True,
Q22,bm25,boost=1.5,True,True,True,2.0,True,
Q22,hybrid,boost=1.5,True,True,True,10.0,True,
Q22,bm25,boost=2.0,True,True,True,2.0,True,
Q22,hybrid,boost=2.0,True,True,True,10.0,True,
Q23,bm25,boost=1.0,False,False,,,True,1.0
Q23,hybrid,boost=1.0,False,False,,,True,1.0
Q23,bm25,boost=1.05,False,False,,,True,1.0
Q23,hybrid,boost=1.05,False,False,,,True,1.0
Q23,bm25,boost=1.1,False,False,,,True,1.0
Q23,hybrid,boost=1.1,False,False,,,True,1.0
Q23,bm25,boost=1.15,False,False,,,True,1.0
Q23,hybrid,boost=1.15,False,False,,,True,1.0
Q23,bm25,boost=1.2,False,False,,,True,1.0
Q23,hybrid,boost=1.2,False,False,,,True,1.0
Q23,bm25,boost=1.25,False,False,,,True,1.0
Q23,hybrid,boost=1.25,False,False,,,True,1.0
Q23,bm25,boost=1.5,False,False,,,True,1.0
Q23,hybrid,boost=1.5,False,False,,,True,1.0
Q23,bm25,boost=2.0,False,False,,,True,1.0
Q23,hybrid,boost=2.0,False,False,,,True,1.0
Q24,bm25,boost=1.0,True,True,True,2.0,True,
Q24,hybrid,boost=1.0,True,True,True,7.0,True,
Q24,bm25,boost=1.05,True,True,True,2.0,True,
Q24,hybrid,boost=1.05,True,True,True,4.0,True,
Q24,bm25,boost=1.1,True,True,True,1.0,True,
Q24,hybrid,boost=1.1,True,True,True,3.0,True,
Q24,bm25,boost=1.15,True,True,True,1.0,True,
Q24,hybrid,boost=1.15,True,True,True,1.0,True,
Q24,bm25,boost=1.2,True,True,True,1.0,True,
Q24,hybrid,boost=1.2,True,True,True,1.0,True,
Q24,bm25,boost=1.25,True,True,True,1.0,True,
Q24,hybrid,boost=1.25,True,True,True,1.0,True,
Q24,bm25,boost=1.5,True,True,True,1.0,True,
Q24,hybrid,boost=1.5,True,True,True,1.0,True,
Q24,bm25,boost=2.0,True,True,True,1.0,True,
Q24,hybrid,boost=2.0,True,True,True,1.0,True,
Q25,bm25,boost=1.0,False,False,,,True,1.0
Q25,hybrid,boost=1.0,False,False,,,True,1.0
Q25,bm25,boost=1.05,False,False,,,True,1.0
Q25,hybrid,boost=1.05,False,False,,,True,1.0
Q25,bm25,boost=1.1,False,False,,,True,1.0
Q25,hybrid,boost=1.1,False,False,,,True,1.0
Q25,bm25,boost=1.15,False,False,,,True,1.0
Q25,hybrid,boost=1.15,False,False,,,True,1.0
Q25,bm25,boost=1.2,False,False,,,True,1.0
Q25,hybrid,boost=1.2,False,False,,,True,1.0
Q25,bm25,boost=1.25,False,False,,,True,1.0
Q25,hybrid,boost=1.25,False,False,,,True,1.0
Q25,bm25,boost=1.5,False,False,,,True,1.0
Q25,hybrid,boost=1.5,False,False,,,True,1.0
Q25,bm25,boost=2.0,False,False,,,True,1.0
Q25,hybrid,boost=2.0,False,False,,,True,1.0
Q26,bm25,boost=1.0,True,True,True,5.0,True,
Q26,hybrid,boost=1.0,True,True,True,2.0,True,
Q26,bm25,boost=1.05,True,True,True,4.0,True,
Q26,hybrid,boost=1.05,True,True,True,1.0,True,
Q26,bm25,boost=1.1,True,True,True,4.0,True,
Q26,hybrid,boost=1.1,True,True,True,1.0,True,
Q26,bm25,boost=1.15,True,True,True,2.0,True,
Q26,hybrid,boost=1.15,True,True,True,1.0,True,
Q26,bm25,boost=1.2,True,True,True,2.0,True,
Q26,hybrid,boost=1.2,True,True,True,1.0,True,
Q26,bm25,boost=1.25,True,True,True,2.0,True,
Q26,hybrid,boost=1.25,True,True,True,1.0,True,
Q26,bm25,boost=1.5,True,True,True,1.0,True,
Q26,hybrid,boost=1.5,True,True,True,1.0,True,
Q26,bm25,boost=2.0,True,True,True,1.0,True,
Q26,hybrid,boost=2.0,True,True,True,1.0,True,
Q27,bm25,boost=1.0,False,True,True,1.0,True,
Q27,hybrid,boost=1.0,False,True,True,1.0,True,
Q27,bm25,boost=1.05,False,True,True,1.0,True,
Q27,hybrid,boost=1.05,False,True,True,1.0,True,
Q27,bm25,boost=1.1,False,True,True,1.0,True,
Q27,hybrid,boost=1.1,False,True,True,1.0,True,
Q27,bm25,boost=1.15,False,True,True,1.0,True,
Q27,hybrid,boost=1.15,False,True,True,1.0,True,
Q27,bm25,boost=1.2,False,True,True,1.0,True,
Q27,hybrid,boost=1.2,False,True,True,1.0,True,
Q27,bm25,boost=1.25,False,True,True,1.0,True,
Q27,hybrid,boost=1.25,False,True,True,1.0,True,
Q27,bm25,boost=1.5,False,True,True,1.0,True,
Q27,hybrid,boost=1.5,False,True,True,1.0,True,
Q27,bm25,boost=2.0,False,True,True,1.0,True,
Q27,hybrid,boost=2.0,False,True,True,1.0,True,
Q28,bm25,boost=1.0,False,False,,,True,1.0
Q28,hybrid,boost=1.0,False,False,,,True,1.0
Q28,bm25,boost=1.05,False,False,,,True,1.0
Q28,hybrid,boost=1.05,False,False,,,True,1.0
Q28,bm25,boost=1.1,False,False,,,True,1.0
Q28,hybrid,boost=1.1,False,False,,,True,1.0
Q28,bm25,boost=1.15,False,False,,,True,1.0
Q28,hybrid,boost=1.15,False,False,,,True,1.0
Q28,bm25,boost=1.2,False,False,,,True,1.0
Q28,hybrid,boost=1.2,False,False,,,True,1.0
Q28,bm25,boost=1.25,False,False,,,True,1.0
Q28,hybrid,boost=1.25,False,False,,,True,1.0
Q28,bm25,boost=1.5,False,False,,,True,1.0
Q28,hybrid,boost=1.5,False,False,,,True,1.0
Q28,bm25,boost=2.0,False,False,,,True,1.0
Q28,hybrid,boost=2.0,False,False,,,True,1.0
Q29,bm25,boost=1.0,True,True,False,17.0,True,
Q29,hybrid,boost=1.0,True,True,True,1.0,True,
Q29,bm25,boost=1.05,True,True,True,14.0,True,
Q29,hybrid,boost=1.05,True,True,True,1.0,True,
Q29,bm25,boost=1.1,True,True,True,13.0,True,
Q29,hybrid,boost=1.1,True,True,True,1.0,True,
Q29,bm25,boost=1.15,True,True,True,11.0,True,
Q29,hybrid,boost=1.15,True,True,True,1.0,True,
Q29,bm25,boost=1.2,True,True,True,9.0,True,
Q29,hybrid,boost=1.2,True,True,True,1.0,True,
Q29,bm25,boost=1.25,True,True,True,8.0,True,
Q29,hybrid,boost=1.25,True,True,True,1.0,True,
Q29,bm25,boost=1.5,True,True,True,4.0,True,
Q29,hybrid,boost=1.5,True,True,True,1.0,True,
Q29,bm25,boost=2.0,True,True,True,2.0,True,
Q29,hybrid,boost=2.0,True,True,True,1.0,True,
Q30,bm25,boost=1.0,True,True,True,15.0,True,
Q30,hybrid,boost=1.0,True,True,True,2.0,True,
Q30,bm25,boost=1.05,True,True,True,13.0,True,
Q30,hybrid,boost=1.05,True,True,True,2.0,True,
Q30,bm25,boost=1.1,True,True,True,12.0,True,
Q30,hybrid,boost=1.1,True,True,True,2.0,True,
Q30,bm25,boost=1.15,True,True,True,11.0,True,
Q30,hybrid,boost=1.15,True,True,True,2.0,True,
Q30,bm25,boost=1.2,True,True,True,11.0,True,
Q30,hybrid,boost=1.2,True,True,True,2.0,True,
Q30,bm25,boost=1.25,True,True,True,11.0,True,
Q30,hybrid,boost=1.25,True,True,True,2.0,True,
Q30,bm25,boost=1.5,True,True,True,11.0,True,
Q30,hybrid,boost=1.5,True,True,True,2.0,True,
Q30,bm25,boost=2.0,True,True,True,11.0,True,
Q30,hybrid,boost=2.0,True,True,True,2.0,True,
Q31,bm25,boost=1.0,False,False,,,True,1.0
Q31,hybrid,boost=1.0,False,False,,,True,1.0
Q31,bm25,boost=1.05,False,False,,,True,1.0
Q31,hybrid,boost=1.05,False,False,,,True,1.0
Q31,bm25,boost=1.1,False,False,,,True,1.0
Q31,hybrid,boost=1.1,False,False,,,True,1.0
Q31,bm25,boost=1.15,False,False,,,True,1.0
Q31,hybrid,boost=1.15,False,False,,,True,1.0
Q31,bm25,boost=1.2,False,False,,,True,1.0
Q31,hybrid,boost=1.2,False,False,,,True,1.0
Q31,bm25,boost=1.25,False,False,,,True,1.0
Q31,hybrid,boost=1.25,False,False,,,True,1.0
Q31,bm25,boost=1.5,False,False,,,True,1.0
Q31,hybrid,boost=1.5,False,False,,,True,1.0
Q31,bm25,boost=2.0,False,False,,,True,1.0
Q31,hybrid,boost=2.0,False,False,,,True,1.0
Q32,bm25,boost=1.0,False,False,,,True,1.0
Q32,hybrid,boost=1.0,False,False,,,True,1.0
Q32,bm25,boost=1.05,False,False,,,True,1.0
Q32,hybrid,boost=1.05,False,False,,,True,1.0
Q32,bm25,boost=1.1,False,False,,,True,1.0
Q32,hybrid,boost=1.1,False,False,,,True,1.0
Q32,bm25,boost=1.15,False,False,,,True,1.0
Q32,hybrid,boost=1.15,False,False,,,True,1.0
Q32,bm25,boost=1.2,False,False,,,True,1.0
Q32,hybrid,boost=1.2,False,False,,,True,1.0
Q32,bm25,boost=1.25,False,False,,,True,1.0
Q32,hybrid,boost=1.25,False,False,,,True,1.0
Q32,bm25,boost=1.5,False,False,,,True,1.0
Q32,hybrid,boost=1.5,False,False,,,True,1.0
Q32,bm25,boost=2.0,False,False,,,True,1.0
Q32,hybrid,boost=2.0,False,False,,,True,1.0
Q33,bm25,boost=1.0,True,True,True,1.0,True,
Q33,hybrid,boost=1.0,True,True,True,1.0,True,
Q33,bm25,boost=1.05,True,True,True,1.0,True,
Q33,hybrid,boost=1.05,True,True,True,1.0,True,
Q33,bm25,boost=1.1,True,True,True,1.0,True,
Q33,hybrid,boost=1.1,True,True,True,1.0,True,
Q33,bm25,boost=1.15,True,True,True,1.0,True,
Q33,hybrid,boost=1.15,True,True,True,1.0,True,
Q33,bm25,boost=1.2,True,True,True,1.0,True,
Q33,hybrid,boost=1.2,True,True,True,1.0,True,
Q33,bm25,boost=1.25,True,True,True,1.0,True,
Q33,hybrid,boost=1.25,True,True,True,1.0,True,
Q33,bm25,boost=1.5,True,True,True,1.0,True,
Q33,hybrid,boost=1.5,True,True,True,3.0,True,
Q33,bm25,boost=2.0,True,True,True,1.0,True,
Q33,hybrid,boost=2.0,True,True,True,3.0,True,
Q34,bm25,boost=1.0,True,True,True,10.0,True,
Q34,hybrid,boost=1.0,True,True,True,8.0,True,
Q34,bm25,boost=1.05,True,True,True,10.0,True,
Q34,hybrid,boost=1.05,True,True,True,6.0,True,
Q34,bm25,boost=1.1,True,True,True,9.0,True,
Q34,hybrid,boost=1.1,True,True,True,3.0,True,
Q34,bm25,boost=1.15,True,True,True,8.0,True,
Q34,hybrid,boost=1.15,True,True,True,1.0,True,
Q34,bm25,boost=1.2,True,True,True,7.0,True,
Q34,hybrid,boost=1.2,True,True,True,1.0,True,
Q34,bm25,boost=1.25,True,True,True,4.0,True,
Q34,hybrid,boost=1.25,True,True,True,1.0,True,
Q34,bm25,boost=1.5,True,True,True,3.0,True,
Q34,hybrid,boost=1.5,True,True,True,1.0,True,
Q34,bm25,boost=2.0,True,True,True,2.0,True,
Q34,hybrid,boost=2.0,True,True,True,1.0,True,
Q35,bm25,boost=1.0,True,True,True,1.0,True,
Q35,hybrid,boost=1.0,True,True,True,9.0,True,
Q35,bm25,boost=1.05,True,True,True,1.0,True,
Q35,hybrid,boost=1.05,True,True,True,2.0,True,
Q35,bm25,boost=1.1,True,True,True,1.0,True,
Q35,hybrid,boost=1.1,True,True,True,1.0,True,
Q35,bm25,boost=1.15,True,True,True,1.0,True,
Q35,hybrid,boost=1.15,True,True,True,1.0,True,
Q35,bm25,boost=1.2,True,True,True,1.0,True,
Q35,hybrid,boost=1.2,True,True,True,1.0,True,
Q35,bm25,boost=1.25,True,True,True,1.0,True,
Q35,hybrid,boost=1.25,True,True,True,1.0,True,
Q35,bm25,boost=1.5,True,True,True,1.0,True,
Q35,hybrid,boost=1.5,True,True,True,1.0,True,
Q35,bm25,boost=2.0,True,True,True,1.0,True,
Q35,hybrid,boost=2.0,True,True,True,1.0,True,
Q36,bm25,boost=1.0,True,True,True,6.0,True,
Q36,hybrid,boost=1.0,True,True,True,11.0,True,
Q36,bm25,boost=1.05,True,True,True,4.0,True,
Q36,hybrid,boost=1.05,True,True,True,5.0,True,
Q36,bm25,boost=1.1,True,True,True,3.0,True,
Q36,hybrid,boost=1.1,True,True,True,2.0,True,
Q36,bm25,boost=1.15,True,True,True,3.0,True,
Q36,hybrid,boost=1.15,True,True,True,1.0,True,
Q36,bm25,boost=1.2,True,True,True,3.0,True,
Q36,hybrid,boost=1.2,True,True,True,1.0,True,
Q36,bm25,boost=1.25,True,True,True,3.0,True,
Q36,hybrid,boost=1.25,True,True,True,1.0,True,
Q36,bm25,boost=1.5,True,True,True,2.0,True,
Q36,hybrid,boost=1.5,True,True,True,1.0,True,
Q36,bm25,boost=2.0,True,True,True,1.0,True,
Q36,hybrid,boost=2.0,True,True,True,1.0,True,
Q37,bm25,boost=1.0,True,True,True,1.0,True,
Q37,hybrid,boost=1.0,True,True,True,4.0,True,
Q37,bm25,boost=1.05,True,True,True,1.0,True,
Q37,hybrid,boost=1.05,True,True,True,2.0,True,
Q37,bm25,boost=1.1,True,True,True,1.0,True,
Q37,hybrid,boost=1.1,True,True,True,1.0,True,
Q37,bm25,boost=1.15,True,True,True,1.0,True,
Q37,hybrid,boost=1.15,True,True,True,1.0,True,
Q37,bm25,boost=1.2,True,True,True,1.0,True,
Q37,hybrid,boost=1.2,True,True,True,1.0,True,
Q37,bm25,boost=1.25,True,True,True,1.0,True,
Q37,hybrid,boost=1.25,True,True,True,1.0,True,
Q37,bm25,boost=1.5,True,True,True,1.0,True,
Q37,hybrid,boost=1.5,True,True,True,1.0,True,
Q37,bm25,boost=2.0,True,True,True,1.0,True,
Q37,hybrid,boost=2.0,True,True,True,3.0,True,
Q38,bm25,boost=1.0,True,True,True,10.0,False,
Q38,hybrid,boost=1.0,True,True,True,10.0,False,
Q38,bm25,boost=1.05,True,True,True,5.0,False,
Q38,hybrid,boost=1.05,True,True,True,6.0,False,
Q38,bm25,boost=1.1,True,True,True,2.0,False,
Q38,hybrid,boost=1.1,True,True,True,1.0,False,
Q38,bm25,boost=1.15,True,True,True,1.0,False,
Q38,hybrid,boost=1.15,True,True,True,1.0,False,
Q38,bm25,boost=1.2,True,True,True,1.0,False,
Q38,hybrid,boost=1.2,True,True,True,1.0,False,
Q38,bm25,boost=1.25,True,True,True,1.0,False,
Q38,hybrid,boost=1.25,True,True,True,1.0,False,
Q38,bm25,boost=1.5,True,True,True,1.0,False,
Q38,hybrid,boost=1.5,True,True,True,1.0,False,
Q38,bm25,boost=2.0,True,True,True,1.0,False,
Q38,hybrid,boost=2.0,True,True,True,1.0,False,
Q39,bm25,boost=1.0,False,False,,,True,1.0
Q39,hybrid,boost=1.0,False,False,,,True,1.0
Q39,bm25,boost=1.05,False,False,,,True,1.0
Q39,hybrid,boost=1.05,False,False,,,True,1.0
Q39,bm25,boost=1.1,False,False,,,True,1.0
Q39,hybrid,boost=1.1,False,False,,,True,1.0
Q39,bm25,boost=1.15,False,False,,,True,1.0
Q39,hybrid,boost=1.15,False,False,,,True,1.0
Q39,bm25,boost=1.2,False,False,,,True,1.0
Q39,hybrid,boost=1.2,False,False,,,True,1.0
Q39,bm25,boost=1.25,False,False,,,True,1.0
Q39,hybrid,boost=1.25,False,False,,,True,1.0
Q39,bm25,boost=1.5,False,False,,,True,1.0
Q39,hybrid,boost=1.5,False,False,,,True,1.0
Q39,bm25,boost=2.0,False,False,,,True,1.0
Q39,hybrid,boost=2.0,False,False,,,True,1.0
Q40,bm25,boost=1.0,True,True,True,13.0,True,
Q40,hybrid,boost=1.0,True,True,True,16.0,True,
Q40,bm25,boost=1.05,True,True,True,11.0,True,
Q40,hybrid,boost=1.05,True,True,True,8.0,True,
Q40,bm25,boost=1.1,True,True,True,10.0,True,
Q40,hybrid,boost=1.1,True,True,True,4.0,True,
Q40,bm25,boost=1.15,True,True,True,8.0,True,
Q40,hybrid,boost=1.15,True,True,True,3.0,True,
Q40,bm25,boost=1.2,True,True,True,8.0,True,
Q40,hybrid,boost=1.2,True,True,True,3.0,True,
Q40,bm25,boost=1.25,True,True,True,4.0,True,
Q40,hybrid,boost=1.25,True,True,True,3.0,True,
Q40,bm25,boost=1.5,True,True,True,2.0,True,
Q40,hybrid,boost=1.5,True,True,True,3.0,True,
Q40,bm25,boost=2.0,True,True,True,2.0,True,
Q40,hybrid,boost=2.0,True,True,True,3.0,True,
Q41,bm25,boost=1.0,True,True,False,17.0,False,
Q41,hybrid,boost=1.0,True,True,True,8.0,False,
Q41,bm25,boost=1.05,True,True,True,12.0,False,
Q41,hybrid,boost=1.05,True,True,True,2.0,False,
Q41,bm25,boost=1.1,True,True,True,9.0,False,
Q41,hybrid,boost=1.1,True,True,True,2.0,False,
Q41,bm25,boost=1.15,True,True,True,8.0,False,
Q41,hybrid,boost=1.15,True,True,True,2.0,False,
Q41,bm25,boost=1.2,True,True,True,7.0,False,
Q41,hybrid,boost=1.2,True,True,True,2.0,False,
Q41,bm25,boost=1.25,True,True,True,6.0,False,
Q41,hybrid,boost=1.25,True,True,True,1.0,False,
Q41,bm25,boost=1.5,True,True,True,4.0,False,
Q41,hybrid,boost=1.5,True,True,True,1.0,False,
Q41,bm25,boost=2.0,True,True,True,3.0,False,
Q41,hybrid,boost=2.0,True,True,True,1.0,False,
Q42,bm25,boost=1.0,True,True,True,14.0,False,
Q42,hybrid,boost=1.0,True,True,True,7.0,False,
Q42,bm25,boost=1.05,True,True,True,10.0,False,
Q42,hybrid,boost=1.05,True,True,True,2.0,False,
Q42,bm25,boost=1.1,True,True,True,8.0,False,
Q42,hybrid,boost=1.1,True,True,True,1.0,False,
Q42,bm25,boost=1.15,True,True,True,8.0,False,
Q42,hybrid,boost=1.15,True,True,True,1.0,False,
Q42,bm25,boost=1.2,True,True,True,7.0,False,
Q42,hybrid,boost=1.2,True,True,True,1.0,False,
Q42,bm25,boost=1.25,True,True,True,6.0,False,
Q42,hybrid,boost=1.25,True,True,True,1.0,False,
Q42,bm25,boost=1.5,True,True,True,6.0,False,
Q42,hybrid,boost=1.5,True,True,True,2.0,False,
Q42,bm25,boost=2.0,True,True,True,4.0,False,
Q42,hybrid,boost=2.0,True,True,True,2.0,False,
Q43,bm25,boost=1.0,False,False,,,True,1.0
Q43,hybrid,boost=1.0,False,False,,,True,1.0
Q43,bm25,boost=1.05,False,False,,,True,1.0
Q43,hybrid,boost=1.05,False,False,,,True,1.0
Q43,bm25,boost=1.1,False,False,,,True,1.0
Q43,hybrid,boost=1.1,False,False,,,True,1.0
Q43,bm25,boost=1.15,False,False,,,True,1.0
Q43,hybrid,boost=1.15,False,False,,,True,1.0
Q43,bm25,boost=1.2,False,False,,,True,1.0
Q43,hybrid,boost=1.2,False,False,,,True,1.0
Q43,bm25,boost=1.25,False,False,,,True,1.0
Q43,hybrid,boost=1.25,False,False,,,True,1.0
Q43,bm25,boost=1.5,False,False,,,True,1.0
Q43,hybrid,boost=1.5,False,False,,,True,1.0
Q43,bm25,boost=2.0,False,False,,,True,1.0
Q43,hybrid,boost=2.0,False,False,,,True,1.0
Q44,bm25,boost=1.0,True,True,True,12.0,True,
Q44,hybrid,boost=1.0,True,True,True,9.0,True,
Q44,bm25,boost=1.05,True,True,True,10.0,True,
Q44,hybrid,boost=1.05,True,True,True,9.0,True,
Q44,bm25,boost=1.1,True,True,True,9.0,True,
Q44,hybrid,boost=1.1,True,True,True,6.0,True,
Q44,bm25,boost=1.15,True,True,True,9.0,True,
Q44,hybrid,boost=1.15,True,True,True,3.0,True,
Q44,bm25,boost=1.2,True,True,True,9.0,True,
Q44,hybrid,boost=1.2,True,True,True,3.0,True,
Q44,bm25,boost=1.25,True,True,True,7.0,True,
Q44,hybrid,boost=1.25,True,True,True,3.0,True,
Q44,bm25,boost=1.5,True,True,True,4.0,True,
Q44,hybrid,boost=1.5,True,True,True,3.0,True,
Q44,bm25,boost=2.0,True,True,True,2.0,True,
Q44,hybrid,boost=2.0,True,True,True,3.0,True,
Q45,bm25,boost=1.0,True,True,False,22.0,True,
Q45,hybrid,boost=1.0,True,True,True,13.0,True,
Q45,bm25,boost=1.05,True,True,False,21.0,True,
Q45,hybrid,boost=1.05,True,True,True,8.0,True,
Q45,bm25,boost=1.1,True,True,False,19.0,True,
Q45,hybrid,boost=1.1,True,True,True,5.0,True,
Q45,bm25,boost=1.15,True,True,False,19.0,True,
Q45,hybrid,boost=1.15,True,True,True,5.0,True,
Q45,bm25,boost=1.2,True,True,False,17.0,True,
Q45,hybrid,boost=1.2,True,True,True,5.0,True,
Q45,bm25,boost=1.25,True,True,False,17.0,True,
Q45,hybrid,boost=1.25,True,True,True,4.0,True,
Q45,bm25,boost=1.5,True,True,True,11.0,True,
Q45,hybrid,boost=1.5,True,True,True,4.0,True,
Q45,bm25,boost=2.0,True,True,True,5.0,True,
Q45,hybrid,boost=2.0,True,True,True,4.0,True,
Q46,bm25,boost=1.0,False,False,,,True,1.0
Q46,hybrid,boost=1.0,False,False,,,True,1.0
Q46,bm25,boost=1.05,False,False,,,True,1.0
Q46,hybrid,boost=1.05,False,False,,,True,1.0
Q46,bm25,boost=1.1,False,False,,,True,1.0
Q46,hybrid,boost=1.1,False,False,,,True,1.0
Q46,bm25,boost=1.15,False,False,,,True,1.0
Q46,hybrid,boost=1.15,False,False,,,True,1.0
Q46,bm25,boost=1.2,False,False,,,True,1.0
Q46,hybrid,boost=1.2,False,False,,,True,1.0
Q46,bm25,boost=1.25,False,False,,,True,1.0
Q46,hybrid,boost=1.25,False,False,,,True,1.0
Q46,bm25,boost=1.5,False,False,,,True,1.0
Q46,hybrid,boost=1.5,False,False,,,True,1.0
Q46,bm25,boost=2.0,False,False,,,True,1.0
Q46,hybrid,boost=2.0,False,False,,,True,1.0
Q47,bm25,boost=1.0,True,True,True,2.0,True,
Q47,hybrid,boost=1.0,True,True,True,1.0,True,
Q47,bm25,boost=1.05,True,True,True,1.0,True,
Q47,hybrid,boost=1.05,True,True,True,1.0,True,
Q47,bm25,boost=1.1,True,True,True,1.0,True,
Q47,hybrid,boost=1.1,True,True,True,1.0,True,
Q47,bm25,boost=1.15,True,True,True,1.0,True,
Q47,hybrid,boost=1.15,True,True,True,1.0,True,
Q47,bm25,boost=1.2,True,True,True,1.0,True,
Q47,hybrid,boost=1.2,True,True,True,1.0,True,
Q47,bm25,boost=1.25,True,True,True,1.0,True,
Q47,hybrid,boost=1.25,True,True,True,1.0,True,
Q47,bm25,boost=1.5,True,True,True,1.0,True,
Q47,hybrid,boost=1.5,True,True,True,1.0,True,
Q47,bm25,boost=2.0,True,True,True,1.0,True,
Q47,hybrid,boost=2.0,True,True,True,1.0,True,
Q48,bm25,boost=1.0,True,True,True,7.0,True,
Q48,hybrid,boost=1.0,True,True,True,2.0,True,
Q48,bm25,boost=1.05,True,True,True,6.0,True,
Q48,hybrid,boost=1.05,True,True,True,1.0,True,
Q48,bm25,boost=1.1,True,True,True,5.0,True,
Q48,hybrid,boost=1.1,True,True,True,1.0,True,
Q48,bm25,boost=1.15,True,True,True,5.0,True,
Q48,hybrid,boost=1.15,True,True,True,1.0,True,
Q48,bm25,boost=1.2,True,True,True,4.0,True,
Q48,hybrid,boost=1.2,True,True,True,1.0,True,
Q48,bm25,boost=1.25,True,True,True,4.0,True,
Q48,hybrid,boost=1.25,True,True,True,1.0,True,
Q48,bm25,boost=1.5,True,True,True,2.0,True,
Q48,hybrid,boost=1.5,True,True,True,1.0,True,
Q48,bm25,boost=2.0,True,True,True,2.0,True,
Q48,hybrid,boost=2.0,True,True,True,1.0,True,
