run,qid,figure_question,route,model,abstained,abstention_reason,figure_in_passages,figure_stated,figure_exact,terms_in_passages,terms_in_answer,seconds,question,expected,answer
1,Q01,False,mistral,ministral-8b-2512,False,,,,,0.6,0.4,2.42,What types of services did Apple offer in fiscal year 2021?,"Advertising, AppleCare, Cloud Services, Digital Content, Payment Services.","Apple offered digital content distribution services, including third-party apps and subscriptions, as well as its own digital content through platforms like the App Store. [2][9] The company provided services related to digital content, such as search services licensed from third parties, integrated into its platforms and apps. [13] Apple’s services also included cloud-based and subscription-based offerings, though the specific details of these services are not explicitly listed in the provided sources."
1,Q02,False,mistral,ministral-8b-2512,False,,,,,1.0,0.8,4.33,What services did Apple provide during fiscal year 2021?,"Advertising, AppleCare, Cloud Services, Digital Content, Payment Services.","Apple provided advertising services, including third-party licensing arrangements and its own advertising platforms. [8] Apple offered fee-based service and support products under the AppleCare brand, including priority technical support, access to authorized repair networks, and coverage for accidental damage or theft/loss in many countries. [8] Apple’s cloud services stored and kept customers’ content up-to-date and available across multiple Apple devices and Windows personal computers. [8] Apple operated the App Store platform, allowing customers to discover and download applications and digital content, such as books, music, video, games, and podcasts. [8][12] Apple provided product-related bundled services, including iCloud, Siri, and Maps, as part of its hardware sales, with revenue allocated to these services and deferred recognition over time. [1][10] Apple offered unspecified future software upgrades for bundled software on its devices, with revenue allocated to these rights and recognized on a straight-line basis over the estimated period of availability. [1][10]"
1,Q03,True,facts,xbrl,False,,True,1.0,1.0,,,0.61,What was Apple's total value of Accounts Payable at the end of fiscal year 2022?,"$64,115 million.","Apple Inc. reported accounts payable of $64,115,000,000 for fiscal year 2022, ended 2022-09-24. [1]"
1,Q04,True,mistral,ministral-8b-2512,False,,True,1.0,1.0,,,2.28,What was Apple's iPhone net sales in fiscal year 2023?,"$200,583 million.","Apple's iPhone net sales in fiscal year 2023 were $200,583 million. [3][4]"
1,Q05,False,mistral,ministral-8b-2512,False,,,,,1.0,1.0,6.53,What were the adverse macroeconomic conditions that could negatively impact Apple's demand for its products and services in fiscal year 2024?,"Slow growth or recession, high unemployment, inflation, tighter credit, higher interest rates, and currency fluctuations.","Adverse macroeconomic conditions such as slow growth or recession, high unemployment, inflation, tighter credit, higher interest rates, and currency fluctuations could materially adversely affect consumer confidence and spending, thereby reducing demand for Apple’s products and services. [1] Consumer confidence and spending may also be negatively impacted by changes in fiscal and monetary policy, financial market volatility, declines in income or asset values, and other economic factors, which could reduce demand for Apple’s products and services. [1] Uncertainty or a decline in global or regional economic conditions could negatively impact Apple’s suppliers, contract manufacturers, logistics providers, distributors, and other channel partners, potentially leading to financial instability, credit shortages, or insolvency, which could further reduce demand for Apple’s products and services. [1] Fluctuations in foreign exchange rates could adversely affect Apple’s gross margins on products sold in foreign countries or those with components sourced internationally, impacting demand and profitability. [4] Macroeconomic conditions, including inflation, interest rates, and currency fluctuations, directly and indirectly impacted Apple’s results of operations and financial condition in fiscal year 2024 and could continue to do so in the future. [5]"
1,Q06,True,facts,xbrl,False,,True,1.0,1.0,,,0.17,What was Apple's Inventories value at the end of fiscal year 2025?,"$5,718 million.","Apple Inc. reported inventories of $5,718,000,000 for fiscal year 2025, ended 2025-09-27. [1]"
1,Q07,False,mistral,ministral-8b-2512,False,,,,,1.0,1.0,2.24,Who were the Executive Vice President of Microsoft in fiscal year 2021?,"Judson Althoff, Christopher C. Capossela, Kathleen T. Hogan, Amy E. Hood, Christopher D. Young.","The Executive Vice Presidents of Microsoft in fiscal year 2021 included Judson Althoff (Chief Commercial Officer), Christopher C. Capossela (Marketing and Consumer Business, Chief Marketing Officer), Kathleen T. Hogan (Human Resources), Amy E. Hood (Chief Financial Officer), Bradford L. Smith (Chief Legal Officer), and Christopher D. Young (Business Development, Strategy, and Ventures). [1][2][3][4][5]"
1,Q08,False,mistral,ministral-8b-2512,False,,,,,1.0,1.0,4.11,Which executives held the title of Executive Vice President at Microsoft in fiscal year 2021?,"Judson Althoff, Christopher C. Capossela, Kathleen T. Hogan, Amy E. Hood, Christopher D. Young.","Judson Althoff held the title of Executive Vice President and Chief Commercial Officer in fiscal year 2021. [2][3][5] Christopher C. Capossela held the title of Executive Vice President, Marketing and Consumer Business, and Chief Marketing Officer in fiscal year 2021. [1][2][3][5] Kathleen T. Hogan held the title of Executive Vice President, Human Resources in fiscal year 2021. [1][2][3][5] Amy E. Hood held the title of Executive Vice President and Chief Financial Officer in fiscal year 2021. [1][2][3][5][6] Christopher D. Young held the title of Executive Vice President, Business Development, Strategy, and Ventures in fiscal year 2021. [2][3][4]"
1,Q09,False,mistral,ministral-8b-2512,False,,,,,1.0,0.75,2.51,What hardware products does Microsoft identify as having quality or supply problems in fiscal year 2022?,"Xbox consoles, Surface devices, and other devices Microsoft designs and markets.","Xbox consoles, Surface devices, and other hardware products designed and marketed by Microsoft are identified as having potential quality or supply problems. [1][2] Hardware devices such as Xbox consoles, Surface devices, and datacenter servers may face supply chain disruptions, shortages, or delays due to limited suppliers and global manufacturing challenges. [2][3]"
1,Q10,True,facts,xbrl,False,,True,1.0,1.0,,,0.18,What was Microsoft's total net income in fiscal year 2023?,"$72,361 million.","MICROSOFT CORP reported net income of $72,361,000,000 for fiscal year 2023, ended 2023-06-30. [1]"
1,Q11,True,mistral,ministral-8b-2512,False,,True,1.0,1.0,,,1.51,What was Microsoft's Intelligent Cloud operating income for fiscal year 2024?,"$49,584 million.","The Intelligent Cloud segment's operating income for fiscal year 2024 was $49,584 million. [1][2]"
1,Q12,True,mistral,ministral-8b-2512,False,,True,0.0,0.0,,,2.88,What was Microsoft's effective tax rate in fiscal year 2025?,17.6%.,"Microsoft's effective tax rate for fiscal year 2025 was 18%. [1][12][14] The effective tax rate was primarily impacted by changes in the mix of earnings and tax expenses between the U.S. ($69.2 billion income before income taxes) and foreign countries ($54.4 billion income before income taxes). [1][12][14] The rate was lower than the U.S. federal statutory rate of 21% due to earnings taxed at lower rates in foreign jurisdictions, particularly through operations in Ireland. [1][12][14]"
1,Q13,False,mistral,ministral-8b-2512,False,,,,,1.0,0.75,4.43,What were the risks relating to taxes for Broadcom in fiscal year 2021?,"Changes in tax legislation or policies could materially impact financial position and results of operations. Corporate income taxes could significantly increase if the company is unable to maintain its tax concessions. Income taxes and overall cash tax costs could be materially, adversely affected by a number of factors, including incorrect assumptions and interpretations regarding tax laws and concessions.","Our corporate income taxes could significantly increase if we are unable to maintain our tax concessions or if our assumptions and interpretations regarding tax laws and concessions prove to be incorrect. [1][3][5] Changes in tax legislation or policies, including corporate tax reform, anti-base-erosion rules, and tax transparency, could materially impact our financial position and results of operations. [2][5] Our income taxes are subject to volatility due to significant judgment required in determining worldwide income taxes, uncertain tax positions, and potential adjustments from tax audits or statute lapses. [2][6][7] Our interpretations and conclusions regarding tax incentives are not binding on taxing authorities, and if incorrect or modified, we could suffer material adverse tax and financial consequences. [2][3] The provision for income taxes in fiscal year 2021 was influenced by lapses of statutes of limitations, audit settlements, and recognition of gross unrecognized tax benefits, increasing our tax-related liabilities. [4][7] Uncertain tax positions require significant judgment and specialized expertise, and the audit of these positions is considered a critical audit matter due to their complexity and potential impact on financial statements. [6]"
1,Q14,False,mistral,ministral-8b-2512,False,,,,,1.0,0.625,5.18,What were Broadcom's tax risk exposures in fiscal year 2021?,"Changes in tax legislation or policies could materially impact financial position and results of operations. Corporate income taxes could significantly increase if the company is unable to maintain its tax concessions. Income taxes and overall cash tax costs could be materially, adversely affected by a number of factors, including incorrect assumptions and interpretations regarding tax laws and concessions.","Tax risk exposures in fiscal year 2021 included significant uncertainty in tax positions, as gross unrecognized tax benefits increased by $282 million, reaching $5,030 million, and accrued interest and penalties totaled approximately $386 million. [4] The company faced risks related to compliance with tax incentives, such as the Singapore Economic Development Board incentives (scheduled to expire in 2025) and a Malaysia tax holiday (scheduled to expire in fiscal year 2028), which could result in refunds or loss of benefits if conditions are not met. [12][13] Income taxes were subject to volatility due to significant judgment required in determining worldwide income taxes, potential changes in tax laws, and the risk of adverse audit outcomes that could materially affect financial results. [2][5][16] The company was exposed to potential adverse effects from global tax policy changes, including OECD initiatives like Pillar One and Pillar Two, which could alter tax rulings and increase scrutiny of tax positions. [14] Tax audit risks in various jurisdictions could lead to additional income tax assessments, potentially materially impacting results of operations and cash flows. [7] The provision for income taxes in fiscal year 2021 was influenced by tax incentives, which decreased the provision by approximately $1,156 million, but the company remains vulnerable to changes in tax laws or audit outcomes. [10][12]"
1,Q15,True,mistral,ministral-8b-2512,False,,True,1.0,1.0,,,1.57,What was Broadcom's total net revenue from subscriptions and services in fiscal year 2022?,"$6,926 million.","Broadcom's total net revenue from subscriptions and services in fiscal year 2022 was $6,926 million. [1][2][3][9]"
1,Q16,False,mistral,ministral-8b-2512,False,,,,,1.0,1.0,1.74,Who was the Chief Legal and Coporate Affairs Officer of Broadcom in fiscal year 2023?,Mark D. Brazeal.,Mark D. Brazeal served as the Chief Legal and Corporate Affairs Officer in fiscal year 2023. [1][2][3]
1,Q17,False,mistral,ministral-8b-2512,False,,,,,1.0,1.0,3.77,What are the main risks relating to Broadcom's indebtedness in fiscal year 2024?,Broadcom's substantial indebtedness could adversely affect their financial health and their ability to execute our business strategy.,"Our substantial indebtedness could adversely affect our financial health and our ability to execute our business strategy, including increasing vulnerability to adverse economic conditions, exposing us to interest rate risk, and limiting flexibility in planning or reacting to economic changes. [1][2][3][4] As of November 3, 2024, the aggregate indebtedness was **$69,847 million**, which could place us at a competitive disadvantage compared to less indebted competitors and make it harder to borrow additional funds in the future. [3][4] Our indebtedness could require a substantial portion of our cash flow from operations to be dedicated to payments, thereby reducing the availability of cash for other business needs. [4] A downgrade in our credit rating or adverse conditions in the debt capital markets could materially harm our business, financial condition, and results of operations. [4]"
1,Q18,True,mistral,ministral-8b-2512,False,,True,1.0,1.0,,,1.46,What was Broadcom's total Cost of Products sold in fiscal year 2025?,"$12,115 million.","The total Cost of Products sold in fiscal year 2025 was **$12,115 million** as reported in the Consolidated Statements of Operations. [1]"
1,Q19,False,mistral,ministral-8b-2512,False,,,,,1.0,1.0,2.54,What hardware products generated revenue for Google in fiscal year 2021?,"Fitbit wearable devices, Google Nest home products, Pixel phones, and other devices.","Hardware products generating revenue for Google in fiscal year 2021 include Pixel phones, Fitbit wearable devices, Google Nest home products, and Chromecast with Google TV. [9] Revenues also came from hardware sold under the Devices and Services category in Google other revenues, which includes hardware like Pixel phones and Fitbit wearables. [4][14]"
1,Q20,False,mistral,ministral-8b-2512,False,,,,,1.0,1.0,3.25,Which hardware devices contributed to Google's revenue in fiscal year 2021?,"Fitbit wearable devices, Google Nest home products, Pixel phones, and other devices.",Fitbit wearable devices contributed to revenue in fiscal year 2021. [3][8][11] Google Nest home products contributed to revenue in fiscal year 2021. [3][8][11] Pixel phones contributed to revenue in fiscal year 2021. [3][4][8][11]
1,Q21,True,mistral,ministral-8b-2512,False,,True,1.0,1.0,,,1.71,What percentage of Google's total Revenue came from the United States in fiscal year 2022?,48%.,"In fiscal year 2022, 48% of Google's total revenue came from the United States. [2][3][4][16]"
1,Q22,True,mistral,ministral-8b-2512,False,,True,1.0,1.0,,,2.52,What was the total value of Google's Marketable Securities at the end of fiscal year 2023?,"$86,868 million.","The total carrying value of marketable equity securities was $5,973 million as of December 31, 2023. [1] The total carrying value of marketable debt securities was $27,016 million as of December 31, 2023, with fair value changes recorded in net income. [3][4] The total value of marketable securities (equity and debt combined) was $86,868 million as of December 31, 2023, as reported in the consolidated balance sheet. [8]"
1,Q23,False,mistral,ministral-8b-2512,False,,,,,1.0,0.5,5.21,What were the copyright and intellectual property risks associated with Google's AI products and services in fiscal year 2024?,"Copyright and related laws, including the EU Directive on Copyright in the Digital Single Market and European Economic Area transpositions, which have introduced new licensing regimes, increase liability with respect to content uploaded by users or linked to from our platforms, or create property rights in news publications that could require payments to news agencies and publishers, which may result in other regulatory actions.","The development and use of AI may expose the company to risks of harmful content, inaccuracies, discrimination, intellectual property infringement, and other legal challenges that could lead to reputational harm, regulatory action, and legal liability. [1] Intellectual property rights, including patents and trademarks, are vulnerable to challenges in international markets, potentially reducing the value of products and services and affecting competitive ability. [2] The company faces frequent litigation over intellectual property infringement claims, including patent, copyright, and trademark violations, which could result in monetary damages, costly licensing agreements, or injunctions limiting product offerings. [3][5] Agreements with customers and partners may require indemnification for intellectual property infringement claims, increasing costs and potentially leading to revenue loss if products or services are restricted or discontinued. [4] The company may face claims of copyright infringement, particularly under evolving laws like the EU Directive on Copyright in the Digital Single Market, which could impose new licensing obligations or financial penalties. [7] The trademark 'Google' could lose protection if courts outside the U.S. determine it is no longer protectable, potentially allowing competitors to use the term, which could harm the brand and competitive position. [8] The company is subject to intellectual property infringement claims related to AI technologies, which could result in costly legal defenses, significant damage awards, or limitations on using certain technologies. [9] The implementation of AI may face regulatory scrutiny and legal liability under new or evolving intellectual property, data protection, and privacy laws, including potential restrictions on data usage and processing. [6][10] Suppliers and business partners may fail to comply with intellectual property licensing requirements, potentially disrupting supply chains or exposing the company to litigation or financial claims. [11]"
1,Q24,True,mistral,ministral-8b-2512,False,,True,1.0,1.0,,,1.46,What was Google's total cost of revenues in fiscal year 2025?,"$162,535 million.","The total cost of revenues for fiscal year 2025 was $162,535 million. [1][5][8]"
1,Q25,False,mistral,ministral-8b-2512,False,,,,,1.0,1.0,1.43,What products did Meta offer under its Family of Apps segment in fiscal year 2021?,"Facebook, Instagram, Messenger, and WhatsApp.","Meta offered Facebook, Instagram, Messenger, and WhatsApp under its Family of Apps segment in fiscal year 2021. [1][8][13]"
1,Q26,True,facts,xbrl,False,,True,1.0,1.0,,,0.41,What was Meta's total liabilities at the end of fiscal year 2022?,"$60,014 million.","Meta Platforms, Inc. reported total liabilities of $60,014,000,000 for fiscal year 2022, ended 2022-12-31. [1]"
1,Q27,True,mistral,ministral-8b-2512,False,,True,1.0,1.0,,,3.84,How did Meta's ad impressions and average price per ad change year over year in fiscal year 2023?,"Ad impressions delivered across the Family of Apps increased 28%, and the average price per ad decreased 9%.",Ad impressions delivered across Meta's Family of Apps increased by 28% year-over-year in 2023. [1][3][5] The average price per ad decreased by 9% year-over-year in 2023. [1][3][5]
1,Q28,False,mistral,ministral-8b-2512,False,,,,,1.0,0.9375,4.1,What risks did Meta identify as arising from its generative AI efforts in fiscal year 2024?,"Harmful or illegal content, accuracy, misinformation and deepfakes (including related to elections), bias, discrimination, toxicity, consumer protection, intellectual property infringement or misappropriation, defamation, data privacy, cybersecurity, and sanctions and export controls.","Meta identified risks related to harmful or illegal content, accuracy, misinformation, deepfakes (including election-related), bias, discrimination, toxicity, consumer protection, intellectual property infringement, defamation, data privacy, cybersecurity, and sanctions/export controls from its generative AI efforts. [1][4] Uncertainty exists regarding how laws related to online services, intermediary liability, and AI-generated content will apply, potentially leading to increased regulatory scrutiny, litigation, or legal liability. [1] Ethical concerns, negative consumer perceptions of automation, and activities threatening people’s safety or well-being could adversely affect Meta’s business, reputation, or financial results. [1] If AI initiatives fail to deliver expected benefits, such as improved efficiency or profitability, Meta’s business and financial performance could be harmed. [1][4]"
1,Q29,True,facts,xbrl,False,,True,1.0,1.0,,,0.15,What was Meta's total assets at the end of fiscal year 2025?,"$366,021 million.","Meta Platforms, Inc. reported total assets of $366,021,000,000 for fiscal year 2025, ended 2025-12-31. [1]"
1,Q30,True,mistral,ministral-8b-2512,False,,True,1.0,1.0,,,1.43,"How much did Meta hold in total assets as of December 31, 2025?","$366,021 million.","Meta held total assets of $366,021 million as of December 31, 2025. [11]"
1,Q31,False,mistral,ministral-8b-2512,False,,,,,1.0,1.0,1.53,What electronic devices did Amazon manufacture and sell in fiscal year 2021?,"Kindle, Fire tablet, Fire TV, Echo, and Ring.","Amazon manufactured and sold electronic devices including Kindle, Fire tablet, Fire TV, Echo, and Ring in fiscal year 2021. [4]"
1,Q32,False,mistral,ministral-8b-2512,False,,,,,1.0,1.0,6.75,What factors did Amazon identify as creating significant inventory risk in fiscal year 2022?,"Seasonality, new product launches, rapid changes in product cycles and pricing, defective merchandise, changes in customer demand and consumer spending patterns, changes in consumer tastes, and spoilage.","Seasonality, new product launches, rapid changes in product cycles and pricing, defective merchandise, changes in customer demand and consumer spending patterns, changes in consumer tastes, and spoilage create significant inventory risk. [1] Difficulty in establishing vendor relationships, determining appropriate product selection, and accurately forecasting demand for new products or manufacturing increases inventory risk. [1] Significant lead-time and prepayment requirements for certain inventory or components, which may not be returnable, pose inventory risks. [1] Inability to sell products in sufficient quantities or meet demand during relevant selling seasons contributes to inventory risk. [1] Uncertainty in future disposition of inventory, such as sales, returns, or liquidations, may lead to material write-downs in inventory valuation. [5] Supplier commitments for electronic device components and products based on forecasted customer demand may result in additional costs if commitments are reduced. [5] Inventory management risks are magnified during periods of high demand, such as holiday sales. [15]"
1,Q33,True,mistral,ministral-8b-2512,False,,True,1.0,1.0,,,2.01,What was Amazon's total stockholders' equity at the end of fiscal year 2023?,"$201,875 million.","Amazon's total stockholders' equity at the end of fiscal year 2023 was $201,875 million. [1][3][5][11]"
1,Q34,True,mistral,ministral-8b-2512,False,,True,1.0,1.0,,,1.62,What was Amazon's AWS segment operating income in fiscal year 2024?,"$39,834 million.",The AWS segment operating income for fiscal year 2024 was $39.834 billion. [7][9]
1,Q35,True,facts,xbrl,False,,True,1.0,1.0,,,0.16,What was Amazon's total net sales in fiscal year 2025?,"$716,924 million.","AMAZON COM INC reported total revenue of $716,924,000,000 for fiscal year 2025, ended 2025-12-31. [1]"
1,Q36,True,facts,xbrl,False,,True,1.0,1.0,,,0.18,How much did Amazon generate in net sales during fiscal year 2025?,"$716,924 million.","AMAZON COM INC reported total revenue of $716,924,000,000 for fiscal year 2025, ended 2025-12-31. [1]"
1,Q37,True,mistral,ministral-8b-2512,False,,True,1.0,1.0,,,2.02,"What was the aggregate amount of Oracle's outstanding indebtedness in fiscal year 2021, and over what period was it scheduled to mature?","$84.2 billion as of May 31, 2021, maturing between calendar year 2021 and calendar year 2061.","As of May 31, 2021, Oracle had an aggregate of $84.2 billion of outstanding indebtedness scheduled to mature between calendar year 2021 and calendar year 2061. [1]"
1,Q38,True,mistral,ministral-8b-2512,False,,True,1.0,1.0,,,2.44,What was Oracle's revenue from cloud services and license support in fiscal year 2022?,"$30,174 million.","Oracle's revenue from cloud services and license support in fiscal year 2022 was $30,174 million. [1][2][5] This figure represents a 5% increase from the $28,700 million reported in fiscal year 2021, and a 6% increase from the $27,392 million reported in fiscal year 2020. [1][2][5]"
1,Q39,False,mistral,ministral-8b-2512,False,,,,,1.0,1.0,1.64,What were the three businesses Oracle operated in fiscal year 2023?,"Cloud and license, hardware, and services.","Oracle operated three businesses in fiscal year 2023: cloud and license, hardware, and services. [1][3][4][8][12][14]"
1,Q40,True,facts,xbrl,False,,True,1.0,1.0,,,0.18,What were Oracle's total revenues in fiscal year 2024?,"$52,961 million.","ORACLE CORP reported total revenue of $52,961,000,000 for fiscal year 2024, ended 2024-05-31. [1]"
1,Q41,True,mistral,ministral-8b-2512,False,,True,1.0,1.0,,,2.52,What was Oracle's net income in fiscal year 2025?,"$12,443 million.","Oracle's net income in fiscal year 2025 was $12,443 million. [7][12]"
1,Q42,True,mistral,ministral-8b-2512,False,,True,1.0,1.0,,,1.58,How much did Oracle earn in net income during fiscal year 2025?,"$12,443 million.","Oracle earned $12,443 million in net income during fiscal year 2025. [7][11]"
1,Q43,False,mistral,ministral-8b-2512,False,,,,,1.0,1.0,2.69,What service offerings made up Salesforce's Customer 360 platform in fiscal year 2021?,"Sales, Service, Marketing, Commerce, Experience, and Platform and Other.","The Customer 360 platform included Sales, Service, Marketing, Commerce, and Experience service offerings, all designed to work together as an integrated AI-powered CRM platform. [2][3][9] The platform also included Platform and Other offerings, though these were not explicitly detailed in the provided sources. [9]"
1,Q44,True,mistral,ministral-8b-2512,False,,True,1.0,1.0,,,2.61,"What was Salesforce's subscription and support revenue in fiscal year 2022, and what share of total revenues did it represent?","$24,657 million, 93% of total revenues.","Salesforce's subscription and support revenue in fiscal year 2022 was $24,657 million. [5][9][13] Subscription and support revenue represented approximately 93% of total revenues for fiscal 2022. [1][2][4][9]"
1,Q45,True,mistral,ministral-8b-2512,False,,False,0.0,0.0,,,2.07,What was the total value of Salesforce's Goodwill at the end of fiscal year 2023?,"$48,568 million.","The total value of Goodwill at the end of fiscal year 2023 was $21,410 million. [9]"
1,Q46,False,mistral,ministral-8b-2512,False,,,,,1.0,1.0,6.38,What were the known risks of generative AI that Salesforce identified in fiscal year 2024?,"Accuracy, bias, toxicity, privacy and security, and data provenance.","Known risks of generative AI include inaccuracies, bias, toxicity, privacy and security issues, and data provenance concerns, which could lead to brand or reputational harm, competitive harm, and/or legal liability. [1] Ethical issues and controversies related to AI, such as impacts on human rights, privacy, employment, or social contexts, may result in increased regulatory scrutiny, reputational harm, competitive harm, or legal liability. [2] The rapid evolution of AI may require additional investment in licensing or developing proprietary datasets and machine learning models to ensure accuracy, bias testing, and other variables, potentially impacting profit margins. [2] Generative AI content creation introduces additional risks and responsibilities, including the potential for misuse by threat actors to create sophisticated cyberattacks that are harder to defend against. [3] Failure to comply with evolving data protection laws and regulations related to AI, particularly generative AI, could have an adverse impact on the business. [7] The hardware, software, data, and cloud computing platforms used for AI, including large language models, may not be available at reasonable prices or terms, disrupting service provisioning and increasing expenses. [9]"
1,Q47,True,mistral,ministral-8b-2512,False,,True,1.0,1.0,,,2.33,What percentage of Salesforce's total revenue came from the Americas in fiscal year 2025?,66%.,"In fiscal year 2025, 66% of Salesforce's total revenue came from the Americas. [1]"
1,Q48,True,mistral,ministral-8b-2512,False,,True,1.0,1.0,,,1.43,What was the Americas' contribution as a percentage of Salesforce's total revenue for fiscal year 2025?,66%.,The Americas contributed 66% of Salesforce's total revenue for fiscal year 2025. [4][8]
2,Q01,False,mistral,ministral-8b-2512,False,,,,,0.6,0.2,2.12,What types of services did Apple offer in fiscal year 2021?,"Advertising, AppleCare, Cloud Services, Digital Content, Payment Services.","Apple offered digital content distribution services, including third-party apps and subscriptions, as well as its own digital content like music, video, and apps through platforms like the App Store. [2][9] The company provided services related to digital content, such as streaming and app-based services, which compete with free content models and illegitimate distribution methods. [3][7] Apple’s services also included search services licensed to third parties for use on its platforms and apps. [13]"
2,Q02,False,mistral,ministral-8b-2512,False,,,,,1.0,0.8,4.01,What services did Apple provide during fiscal year 2021?,"Advertising, AppleCare, Cloud Services, Digital Content, Payment Services.","Apple provided advertising services, including third-party licensing arrangements and its own advertising platforms. [8] The company offered AppleCare fee-based service and support products, including priority technical support, access to authorized repair networks, and coverage for accidental damage or theft/loss in many countries. [8] Apple’s cloud services stored and kept customers’ content up-to-date across multiple Apple devices and Windows personal computers. [8] The company operated platforms like the App Store, enabling customers to discover and download applications and digital content, such as books, music, video, games, and podcasts. [8] Services net sales increased during 2021 compared to 2020 due primarily to higher net sales from advertising, the App Store, and cloud services. [12]"
2,Q03,True,facts,xbrl,False,,True,1.0,1.0,,,0.19,What was Apple's total value of Accounts Payable at the end of fiscal year 2022?,"$64,115 million.","Apple Inc. reported accounts payable of $64,115,000,000 for fiscal year 2022, ended 2022-09-24. [1]"
2,Q04,True,mistral,ministral-8b-2512,False,,True,1.0,1.0,,,1.83,What was Apple's iPhone net sales in fiscal year 2023?,"$200,583 million.","Apple's iPhone net sales in fiscal year 2023 were $200,583 million. [3][4]"
2,Q05,False,mistral,ministral-8b-2512,False,,,,,1.0,1.0,3.7,What were the adverse macroeconomic conditions that could negatively impact Apple's demand for its products and services in fiscal year 2024?,"Slow growth or recession, high unemployment, inflation, tighter credit, higher interest rates, and currency fluctuations.","Adverse macroeconomic conditions such as slow growth or recession, high unemployment, inflation, tighter credit, higher interest rates, and currency fluctuations could materially adversely affect consumer confidence and spending, thereby reducing demand for Apple’s products and services. [1] Consumer confidence and spending may also be negatively impacted by changes in fiscal and monetary policy, financial market volatility, declines in income or asset values, and other economic factors, which could reduce demand for Apple’s products and services. [1] Uncertainty about or a decline in global or regional economic conditions could significantly impact Apple’s suppliers, contract manufacturers, logistics providers, distributors, and channel partners, potentially leading to financial instability, credit shortages, or insolvency, which may further reduce demand for Apple’s products and services. [1] Macroeconomic conditions, including inflation, interest rates, and currency fluctuations, directly and indirectly impacted Apple’s results of operations and financial condition in fiscal year 2024 and could continue to do so in the future. [5]"
2,Q06,True,facts,xbrl,False,,True,1.0,1.0,,,0.17,What was Apple's Inventories value at the end of fiscal year 2025?,"$5,718 million.","Apple Inc. reported inventories of $5,718,000,000 for fiscal year 2025, ended 2025-09-27. [1]"
2,Q07,False,mistral,ministral-8b-2512,False,,,,,1.0,1.0,2.87,Who were the Executive Vice President of Microsoft in fiscal year 2021?,"Judson Althoff, Christopher C. Capossela, Kathleen T. Hogan, Amy E. Hood, Christopher D. Young.","The Executive Vice Presidents of Microsoft in fiscal year 2021 included Judson Althoff (Chief Commercial Officer), Christopher C. Capossela (Marketing and Consumer Business, Chief Marketing Officer), Kathleen T. Hogan (Human Resources), Amy E. Hood (Chief Financial Officer), Bradford L. Smith (Chief Legal Officer), and Christopher D. Young (Business Development, Strategy, and Ventures). [1][2][3][4][5]"
2,Q08,False,mistral,ministral-8b-2512,False,,,,,1.0,1.0,5.0,Which executives held the title of Executive Vice President at Microsoft in fiscal year 2021?,"Judson Althoff, Christopher C. Capossela, Kathleen T. Hogan, Amy E. Hood, Christopher D. Young.","Judson Althoff held the title of Executive Vice President and Chief Commercial Officer in fiscal year 2021. [2][3][5] Christopher C. Capossela held the title of Executive Vice President, Marketing and Consumer Business, and Chief Marketing Officer in fiscal year 2021. [1][2][3][5] Kathleen T. Hogan held the title of Executive Vice President, Human Resources in fiscal year 2021. [1][2][3][5] Amy E. Hood held the title of Executive Vice President and Chief Financial Officer in fiscal year 2021. [1][2][3][5][6] Christopher D. Young held the title of Executive Vice President, Business Development, Strategy, and Ventures in fiscal year 2021. [2][3][4]"
2,Q09,False,mistral,ministral-8b-2512,False,,,,,1.0,0.75,2.31,What hardware products does Microsoft identify as having quality or supply problems in fiscal year 2022?,"Xbox consoles, Surface devices, and other devices Microsoft designs and markets.","Xbox consoles, Surface devices, and other hardware products designed and marketed by Microsoft may experience quality or supply problems due to defects in design, manufacture, or associated software. [1] Hardware devices such as Xbox consoles, Surface devices, datacenter servers, and other products assembled in Asia may face supply chain disruptions affecting their availability and revenue. [2]"
2,Q10,True,facts,xbrl,False,,True,1.0,1.0,,,0.41,What was Microsoft's total net income in fiscal year 2023?,"$72,361 million.","MICROSOFT CORP reported net income of $72,361,000,000 for fiscal year 2023, ended 2023-06-30. [1]"
2,Q11,True,mistral,ministral-8b-2512,False,,True,1.0,1.0,,,1.89,What was Microsoft's Intelligent Cloud operating income for fiscal year 2024?,"$49,584 million.","The Intelligent Cloud segment's operating income for fiscal year 2024 was $49,584 million. [1][2]"
2,Q12,True,mistral,ministral-8b-2512,False,,True,0.0,0.0,,,2.07,What was Microsoft's effective tax rate in fiscal year 2025?,17.6%.,"Microsoft's effective tax rate for fiscal year 2025 was 18%. [1][12][14] The effective tax rate was primarily impacted by changes in the mix of earnings and tax expenses between the U.S. and foreign countries, with U.S. income before income taxes at $69.2 billion and foreign income before income taxes at $54.4 billion. [1][12]"
2,Q13,False,mistral,ministral-8b-2512,False,,,,,1.0,0.875,4.82,What were the risks relating to taxes for Broadcom in fiscal year 2021?,"Changes in tax legislation or policies could materially impact financial position and results of operations. Corporate income taxes could significantly increase if the company is unable to maintain its tax concessions. Income taxes and overall cash tax costs could be materially, adversely affected by a number of factors, including incorrect assumptions and interpretations regarding tax laws and concessions.","Changes in tax legislation or policies, including corporate tax reform, anti-base-erosion rules, and tax transparency, could materially impact financial position and results of operations due to heightened scrutiny in multiple jurisdictions. [2][5] Our corporate income taxes could significantly increase if we are unable to maintain tax concessions or if our assumptions and interpretations regarding tax laws and concessions prove incorrect. [1][3][5] Our income taxes are subject to volatility and could be adversely affected by factors such as reorganization, restructuring, jurisdictional mix of income, and changes in tax laws or corporate structure. [2] Uncertainty in tax positions requires significant judgment, and the final determination of income tax liability may differ materially from our accruals, increasing financial risk. [2][6] Gross unrecognized tax benefits increased by $282 million in fiscal year 2021, reflecting ongoing tax position adjustments and accruals for interest and penalties. [7] The 2017 Tax Reform Act and other indirect tax impacts decreased the provision for income taxes by approximately $1,156 million in fiscal year 2021. [12] Our interpretations of tax incentives are not binding on taxing authorities, and incorrect assumptions could lead to material adverse tax and financial consequences. [2]"
2,Q14,False,mistral,ministral-8b-2512,False,,,,,1.0,0.25,4.95,What were Broadcom's tax risk exposures in fiscal year 2021?,"Changes in tax legislation or policies could materially impact financial position and results of operations. Corporate income taxes could significantly increase if the company is unable to maintain its tax concessions. Income taxes and overall cash tax costs could be materially, adversely affected by a number of factors, including incorrect assumptions and interpretations regarding tax laws and concessions.","Tax risk exposures in fiscal year 2021 included significant uncertainty in tax positions, as gross unrecognized tax benefits increased by $282 million, reaching $5,030 million, and accrued interest and penalties totaled approximately $386 million. [4] The company faced risks related to compliance with tax incentives and tax holidays, such as those in Singapore (scheduled to expire in 2025) and Malaysia (scheduled to expire in fiscal year 2028), which could result in refunds of material tax benefits or early termination of benefits if conditions are not met. [12][13] Income taxes were subject to volatility due to significant judgment required in determining worldwide income taxes, potential material differences in final tax liability determinations, and exposure to tax audits that could have a material adverse effect on financial results. [2][7][16] Tax incentives and holidays decreased the provision for income taxes by approximately $1,156 million in fiscal year 2021, but compliance with operating conditions and legislative changes could alter these benefits. [10][12] The company is also exposed to risks from global tax policy changes, such as OECD proposals for Pillar One and Pillar Two, which could lead to enforcement activities, changes in tax policies, or adjustments to previously paid taxes. [14]"
2,Q15,True,mistral,ministral-8b-2512,False,,True,1.0,1.0,,,1.49,What was Broadcom's total net revenue from subscriptions and services in fiscal year 2022?,"$6,926 million.","Broadcom's total net revenue from subscriptions and services in fiscal year 2022 was $6,926 million. [1][2][3][9]"
2,Q16,False,mistral,ministral-8b-2512,False,,,,,1.0,1.0,2.31,Who was the Chief Legal and Coporate Affairs Officer of Broadcom in fiscal year 2023?,Mark D. Brazeal.,Mark D. Brazeal served as the Chief Legal and Corporate Affairs Officer in fiscal year 2023. [1][2][3]
2,Q17,False,mistral,ministral-8b-2512,False,,,,,1.0,1.0,3.42,What are the main risks relating to Broadcom's indebtedness in fiscal year 2024?,Broadcom's substantial indebtedness could adversely affect their financial health and their ability to execute our business strategy.,"Our substantial indebtedness could adversely affect our financial health and our ability to execute our business strategy, including increasing vulnerability to adverse economic conditions, exposing us to interest rate risk, limiting flexibility in planning for economic changes, and placing us at a competitive disadvantage compared to less indebted competitors. [1][2][3][4] As of November 3, 2024, our aggregate indebtedness was **$69,847 million**, which could require dedicating a substantial portion of our cash flow to payments, thereby reducing availability for other business needs. [3][4][8] A downgrade in our credit rating or adverse conditions in the debt capital markets could materially harm our business, financial condition, and results of operations. [4] Our indebtedness may make it more difficult to borrow additional funds in the future for growth, acquisitions, or capital expenditures. [4]"
2,Q18,True,mistral,ministral-8b-2512,False,,True,1.0,1.0,,,2.53,What was Broadcom's total Cost of Products sold in fiscal year 2025?,"$12,115 million.","The total Cost of Products sold in fiscal year 2025 was $12,115 million. [1][2]"
2,Q19,False,mistral,ministral-8b-2512,False,,,,,1.0,1.0,2.76,What hardware products generated revenue for Google in fiscal year 2021?,"Fitbit wearable devices, Google Nest home products, Pixel phones, and other devices.","Hardware products generating revenue for Google in fiscal year 2021 include Pixel phones, Fitbit wearable devices, Google Nest home products, and Chromecast with Google TV. [9] Revenues also came from hardware sales under the 'Devices and Services' category, which includes hardware like Fitbit, Google Nest, and Pixel phones. [4]"
2,Q20,False,mistral,ministral-8b-2512,False,,,,,1.0,1.0,2.17,Which hardware devices contributed to Google's revenue in fiscal year 2021?,"Fitbit wearable devices, Google Nest home products, Pixel phones, and other devices.",Fitbit wearable devices contributed to Google's revenue in fiscal year 2021. [3][8][11] Google Nest home products contributed to Google's revenue in fiscal year 2021. [3][8][11] Pixel phones contributed to Google's revenue in fiscal year 2021. [3][4][8][11]
2,Q21,True,mistral,ministral-8b-2512,False,,True,1.0,1.0,,,1.81,What percentage of Google's total Revenue came from the United States in fiscal year 2022?,48%.,"In fiscal year 2022, 48% of Google's total revenue came from the United States. [2][3][4][16]"
2,Q22,True,mistral,ministral-8b-2512,False,,True,1.0,1.0,,,3.13,What was the total value of Google's Marketable Securities at the end of fiscal year 2023?,"$86,868 million.","The total carrying value of marketable equity securities was $5,973 million as of December 31, 2023. [1] The total carrying value of marketable debt securities was $27,016 million as of December 31, 2023, with fair value changes recorded in net income. [3][4] The total value of marketable securities (equity and debt combined) was $86,868 million as of December 31, 2023, as reported in the consolidated balance sheet. [8]"
2,Q23,False,mistral,ministral-8b-2512,False,,,,,1.0,0.8,6.57,What were the copyright and intellectual property risks associated with Google's AI products and services in fiscal year 2024?,"Copyright and related laws, including the EU Directive on Copyright in the Digital Single Market and European Economic Area transpositions, which have introduced new licensing regimes, increase liability with respect to content uploaded by users or linked to from our platforms, or create property rights in news publications that could require payments to news agencies and publishers, which may result in other regulatory actions.","AI-related efforts may expose the company to risks of harmful content, inaccuracies, discrimination, intellectual property infringement, and other legal challenges that could lead to reputational harm, regulatory action, and legal liability. [1] Intellectual property rights are vulnerable to infringement claims, including patent, copyright, trade secret, and trademark violations, which could result in monetary damages, costly licensing agreements, or injunctions limiting product offerings. [3][5] The company faces litigation risks from intellectual property claims, including AI-related technologies, which may lead to financial penalties, loss of revenue, or changes in business practices. [3][5] Intellectual property indemnification obligations from suppliers or partners could result in significant damages if claims are successful, potentially harming business operations and financial condition. [4] The EU’s Copyright in the Digital Single Market Directive and related laws may increase liability for content uploaded or linked to platforms, potentially requiring payments to news agencies and publishers. [7] The company may face claims of intellectual property infringement or misappropriation related to AI, which could be costly to defend and limit the use of certain technologies. [9] Third-party patents or proprietary rights could restrict the company’s ability to develop, use, or sell AI products and services, posing competitive and operational risks. [16]"
2,Q24,True,mistral,ministral-8b-2512,False,,True,1.0,1.0,,,1.63,What was Google's total cost of revenues in fiscal year 2025?,"$162,535 million.","The total cost of revenues for fiscal year 2025 was $162,535 million. [1][5][8]"
2,Q25,False,mistral,ministral-8b-2512,False,,,,,1.0,1.0,1.5,What products did Meta offer under its Family of Apps segment in fiscal year 2021?,"Facebook, Instagram, Messenger, and WhatsApp.","Meta offered Facebook, Instagram, Messenger, and WhatsApp under its Family of Apps segment in fiscal year 2021. [1][8][13]"
2,Q26,True,facts,xbrl,False,,True,1.0,1.0,,,0.18,What was Meta's total liabilities at the end of fiscal year 2022?,"$60,014 million.","Meta Platforms, Inc. reported total liabilities of $60,014,000,000 for fiscal year 2022, ended 2022-12-31. [1]"
2,Q27,True,mistral,ministral-8b-2512,False,,True,1.0,1.0,,,9.99,How did Meta's ad impressions and average price per ad change year over year in fiscal year 2023?,"Ad impressions delivered across the Family of Apps increased 28%, and the average price per ad decreased 9%.",Ad impressions delivered across Meta's Family of Apps increased by 28% year-over-year in 2023. [1][3][5] The average price per ad decreased by 9% year-over-year in 2023. [1][3][5]
2,Q28,False,mistral,ministral-8b-2512,False,,,,,1.0,0.9375,4.21,What risks did Meta identify as arising from its generative AI efforts in fiscal year 2024?,"Harmful or illegal content, accuracy, misinformation and deepfakes (including related to elections), bias, discrimination, toxicity, consumer protection, intellectual property infringement or misappropriation, defamation, data privacy, cybersecurity, and sanctions and export controls.","Meta identified risks related to harmful or illegal content, accuracy, misinformation, deepfakes (including election-related), bias, discrimination, toxicity, consumer protection, intellectual property infringement, defamation, data privacy, cybersecurity, and sanctions/export controls from its generative AI efforts. [1] The company also highlighted uncertainty about how laws related to online services, intermediary liability, and AI-generated content will apply, potentially leading to increased regulatory scrutiny, litigation, or legal liability. [1] Ethical concerns, negative consumer perceptions of automation, and activities threatening people’s safety or well-being could adversely affect Meta’s business, reputation, or financial results due to its generative AI initiatives. [1] Meta noted that its AI investments, including generative AI, may not succeed longer-term, potentially harming its business and financial performance. [4]"
2,Q29,True,facts,xbrl,False,,True,1.0,1.0,,,0.16,What was Meta's total assets at the end of fiscal year 2025?,"$366,021 million.","Meta Platforms, Inc. reported total assets of $366,021,000,000 for fiscal year 2025, ended 2025-12-31. [1]"
2,Q30,True,mistral,ministral-8b-2512,False,,True,1.0,1.0,,,1.62,"How much did Meta hold in total assets as of December 31, 2025?","$366,021 million.","Meta held total assets of $366,021 million as of December 31, 2025. [11]"
2,Q31,False,mistral,ministral-8b-2512,False,,,,,1.0,1.0,1.56,What electronic devices did Amazon manufacture and sell in fiscal year 2021?,"Kindle, Fire tablet, Fire TV, Echo, and Ring.","Amazon manufactured and sold electronic devices including Kindle, Fire tablet, Fire TV, Echo, and Ring in fiscal year 2021. [4]"
2,Q32,False,mistral,ministral-8b-2512,False,,,,,1.0,1.0,3.82,What factors did Amazon identify as creating significant inventory risk in fiscal year 2022?,"Seasonality, new product launches, rapid changes in product cycles and pricing, defective merchandise, changes in customer demand and consumer spending patterns, changes in consumer tastes, and spoilage.","Seasonality, new product launches, rapid changes in product cycles and pricing, defective merchandise, changes in customer demand and consumer spending patterns, changes in consumer tastes, and spoilage were identified as significant inventory risks. [1] The difficulty of accurately predicting demand, establishing vendor relationships, and forecasting demand for new products contributes to inventory risk. [1] Significant lead times and prepayments for certain inventory or components, along with non-returnable inventory, pose additional inventory risks. [1] Inability to sell products in sufficient quantities or meet demand during relevant selling seasons can adversely affect operating results. [1] Uncertainty in future disposition of inventory, such as vendor returns or liquidations, may lead to material write-downs in inventory valuation. [5] Supplier commitments based on forecasted customer demand may result in additional costs if commitments are reduced. [5] Inventory management risks are magnified during periods of high demand, such as holiday sales. [15]"
2,Q33,True,mistral,ministral-8b-2512,False,,True,1.0,1.0,,,1.6,What was Amazon's total stockholders' equity at the end of fiscal year 2023?,"$201,875 million.","Amazon's total stockholders' equity at the end of fiscal year 2023 was $201,875 million. [1][3][5][11]"
2,Q34,True,mistral,ministral-8b-2512,False,,True,1.0,1.0,,,1.68,What was Amazon's AWS segment operating income in fiscal year 2024?,"$39,834 million.","The AWS segment operating income for fiscal year 2024 was $39,834 million. [7][9]"
2,Q35,True,facts,xbrl,False,,True,1.0,1.0,,,0.16,What was Amazon's total net sales in fiscal year 2025?,"$716,924 million.","AMAZON COM INC reported total revenue of $716,924,000,000 for fiscal year 2025, ended 2025-12-31. [1]"
2,Q36,True,facts,xbrl,False,,True,1.0,1.0,,,0.15,How much did Amazon generate in net sales during fiscal year 2025?,"$716,924 million.","AMAZON COM INC reported total revenue of $716,924,000,000 for fiscal year 2025, ended 2025-12-31. [1]"
2,Q37,True,mistral,ministral-8b-2512,False,,True,1.0,1.0,,,2.27,"What was the aggregate amount of Oracle's outstanding indebtedness in fiscal year 2021, and over what period was it scheduled to mature?","$84.2 billion as of May 31, 2021, maturing between calendar year 2021 and calendar year 2061.","As of May 31, 2021, Oracle had an aggregate of $84.2 billion of outstanding indebtedness. [1] This indebtedness was scheduled to mature between calendar year 2021 and calendar year 2061. [1]"
2,Q38,True,mistral,ministral-8b-2512,False,,True,1.0,1.0,,,2.77,What was Oracle's revenue from cloud services and license support in fiscal year 2022?,"$30,174 million.","Oracle's revenue from cloud services and license support in fiscal year 2022 was $30,174 million. [1][2][5] This figure represents a 5% increase from the $28,700 million reported in fiscal year 2021, and a 6% increase from the $27,392 million reported in fiscal year 2020. [1][2][5]"
2,Q39,False,mistral,ministral-8b-2512,False,,,,,1.0,1.0,2.62,What were the three businesses Oracle operated in fiscal year 2023?,"Cloud and license, hardware, and services.","Oracle operated three businesses in fiscal year 2023: cloud and license, hardware, and services. [1][3][4][8][12][14]"
2,Q40,True,facts,xbrl,False,,True,1.0,1.0,,,0.39,What were Oracle's total revenues in fiscal year 2024?,"$52,961 million.","ORACLE CORP reported total revenue of $52,961,000,000 for fiscal year 2024, ended 2024-05-31. [1]"
2,Q41,True,mistral,ministral-8b-2512,False,,True,1.0,1.0,,,2.04,What was Oracle's net income in fiscal year 2025?,"$12,443 million.","Oracle's net income in fiscal year 2025 was $12,443 million. [7][12]"
2,Q42,True,mistral,ministral-8b-2512,False,,True,1.0,1.0,,,1.99,How much did Oracle earn in net income during fiscal year 2025?,"$12,443 million.","Oracle earned $12,443 million in net income during fiscal year 2025. [7][11][16]"
2,Q43,False,mistral,ministral-8b-2512,False,,,,,1.0,1.0,2.5,What service offerings made up Salesforce's Customer 360 platform in fiscal year 2021?,"Sales, Service, Marketing, Commerce, Experience, and Platform and Other.","The Customer 360 platform included Sales, Service, Marketing, Commerce, and Experience service offerings, all designed to work together as an integrated AI-powered CRM platform. [2][3][9] The platform also included Platform and Other offerings, though these were not explicitly detailed in the provided sources. [2][9]"
2,Q44,True,mistral,ministral-8b-2512,False,,True,1.0,1.0,,,2.52,"What was Salesforce's subscription and support revenue in fiscal year 2022, and what share of total revenues did it represent?","$24,657 million, 93% of total revenues.","Salesforce's subscription and support revenue in fiscal year 2022 was $24,657 million. [5][9][13] Subscription and support revenue represented approximately 93% of total revenues for fiscal 2022. [2][4][9]"
2,Q45,True,mistral,ministral-8b-2512,False,,False,0.0,0.0,,,4.92,What was the total value of Salesforce's Goodwill at the end of fiscal year 2023?,"$48,568 million.","The total value of Goodwill at the end of fiscal year 2023 was $21,410 million. [9]"
2,Q46,False,mistral,ministral-8b-2512,False,,,,,1.0,1.0,4.92,What were the known risks of generative AI that Salesforce identified in fiscal year 2024?,"Accuracy, bias, toxicity, privacy and security, and data provenance.","Known risks of generative AI include potential inaccuracies, bias, toxicity, privacy and security issues, and data provenance problems, which could lead to brand or reputational harm, competitive harm, and legal liability if flawed content is used to customers' detriment. [1] Ethical concerns and controversies related to AI, such as perceived or actual impacts on human rights, privacy, employment, or social contexts, may lead to increased regulatory scrutiny, reputational harm, competitive harm, or legal liability. [2] The rapid evolution of AI may require significant investment in licensing or developing proprietary datasets, machine learning models, and testing for accuracy, bias, and other variables, potentially impacting profit margins. [2] Countries applying data and consumer protection laws to generative AI could impose compliance requirements that, if failed, may adversely impact the business. [7] AI technologies, including generative AI, may be used by threat actors to create sophisticated, automated, and coordinated cyberattacks that are difficult to defend against, increasing cybersecurity risks. [3] The use of AI in offerings raises social and ethical issues that could impact the company’s reputation and performance. [10][13]"
2,Q47,True,mistral,ministral-8b-2512,False,,True,1.0,1.0,,,1.65,What percentage of Salesforce's total revenue came from the Americas in fiscal year 2025?,66%.,"In fiscal year 2025, 66% of Salesforce's total revenue came from the Americas. [1]"
2,Q48,True,mistral,ministral-8b-2512,False,,True,1.0,1.0,,,1.53,What was the Americas' contribution as a percentage of Salesforce's total revenue for fiscal year 2025?,66%.,The Americas contributed 66% of Salesforce's total revenue for fiscal year 2025. [4][8]
3,Q01,False,mistral,ministral-8b-2512,False,,,,,0.6,0.2,5.87,What types of services did Apple offer in fiscal year 2021?,"Advertising, AppleCare, Cloud Services, Digital Content, Payment Services.","Apple offered digital content distribution services, including third-party apps and subscriptions, as well as its own digital content like music, video, and apps through platforms like the App Store. [2][9] Apple provided services related to digital content, such as subscriptions and sales of digital services or goods within applications, for which it retains a commission. [9] Apple’s services also included search services licensed to other companies for use on its platforms and apps. [13] The company’s services competed with free content models and illegitimate means of obtaining third-party digital content and applications. [3][7]"
3,Q02,False,mistral,ministral-8b-2512,False,,,,,1.0,0.8,4.05,What services did Apple provide during fiscal year 2021?,"Advertising, AppleCare, Cloud Services, Digital Content, Payment Services.","Apple provided advertising services, including third-party licensing arrangements and its own advertising platforms. [8] The company offered fee-based service and support products under the AppleCare brand, including priority access to technical support, repair/replacement services, and coverage for accidental damage/theft/loss in many countries. [8] Apple’s cloud services stored and kept customers’ content up-to-date across multiple Apple devices and Windows PCs. [8] The company operated platforms like the App Store, enabling customers to discover and download applications and digital content, such as books, music, video, games, and podcasts. [8] Apple provided product-related bundled services, including iCloud, Siri, and Maps, as part of its hardware sales, with revenue recognized over time. [10] The company offered unspecified future software upgrades for bundled software, with revenue deferred and recognized on a straight-line basis over the expected period of availability. [10]"
3,Q03,True,facts,xbrl,False,,True,1.0,1.0,,,0.13,What was Apple's total value of Accounts Payable at the end of fiscal year 2022?,"$64,115 million.","Apple Inc. reported accounts payable of $64,115,000,000 for fiscal year 2022, ended 2022-09-24. [1]"
3,Q04,True,mistral,ministral-8b-2512,False,,True,1.0,1.0,,,1.89,What was Apple's iPhone net sales in fiscal year 2023?,"$200,583 million.","Apple's iPhone net sales in fiscal year 2023 were $200,583 million. [3][4]"
3,Q05,False,mistral,ministral-8b-2512,False,,,,,1.0,1.0,5.42,What were the adverse macroeconomic conditions that could negatively impact Apple's demand for its products and services in fiscal year 2024?,"Slow growth or recession, high unemployment, inflation, tighter credit, higher interest rates, and currency fluctuations.","Adverse macroeconomic conditions such as slow growth or recession, high unemployment, inflation, tighter credit, higher interest rates, and currency fluctuations could materially adversely affect consumer confidence and spending, thereby reducing demand for Apple’s products and services. [1] Changes in fiscal and monetary policy, financial market volatility, declines in income or asset values, and other economic factors could also negatively impact consumer confidence and spending, affecting Apple’s demand. [1] Uncertainty or a decline in global or regional economic conditions could disrupt Apple’s suppliers, contract manufacturers, logistics providers, and distributors, leading to financial instability, credit shortages, or insolvency, which may further reduce demand for Apple’s products. [1] Fluctuations in foreign exchange rates could adversely affect Apple’s gross margins on products sold in foreign countries or those with foreign-sourced components, indirectly impacting demand. [4][9]"
3,Q06,True,facts,xbrl,False,,True,1.0,1.0,,,0.14,What was Apple's Inventories value at the end of fiscal year 2025?,"$5,718 million.","Apple Inc. reported inventories of $5,718,000,000 for fiscal year 2025, ended 2025-09-27. [1]"
3,Q07,False,mistral,ministral-8b-2512,False,,,,,1.0,1.0,2.47,Who were the Executive Vice President of Microsoft in fiscal year 2021?,"Judson Althoff, Christopher C. Capossela, Kathleen T. Hogan, Amy E. Hood, Christopher D. Young.","The Executive Vice Presidents of Microsoft in fiscal year 2021 included Judson Althoff (Chief Commercial Officer), Christopher C. Capossela (Marketing and Consumer Business, Chief Marketing Officer), Kathleen T. Hogan (Human Resources), Amy E. Hood (Chief Financial Officer), Bradford L. Smith (Chief Legal Officer), and Christopher D. Young (Business Development, Strategy, and Ventures). [1][2][3][4][5]"
3,Q08,False,mistral,ministral-8b-2512,False,,,,,1.0,1.0,4.67,Which executives held the title of Executive Vice President at Microsoft in fiscal year 2021?,"Judson Althoff, Christopher C. Capossela, Kathleen T. Hogan, Amy E. Hood, Christopher D. Young.","Judson Althoff held the title of Executive Vice President and Chief Commercial Officer in fiscal year 2021. [2][3][5] Christopher C. Capossela held the title of Executive Vice President, Marketing and Consumer Business, and Chief Marketing Officer in fiscal year 2021. [1][2][3][5] Kathleen T. Hogan held the title of Executive Vice President, Human Resources in fiscal year 2021. [1][2][3][5] Amy E. Hood held the title of Executive Vice President and Chief Financial Officer in fiscal year 2021. [1][2][3][5][6] Christopher D. Young held the title of Executive Vice President, Business Development, Strategy, and Ventures in fiscal year 2021. [2][3][4]"
3,Q09,False,mistral,ministral-8b-2512,False,,,,,1.0,0.75,2.38,What hardware products does Microsoft identify as having quality or supply problems in fiscal year 2022?,"Xbox consoles, Surface devices, and other devices Microsoft designs and markets.","Xbox consoles, Surface devices, and other hardware products designed and marketed by Microsoft are identified as having potential quality or supply problems. [1][2] Hardware devices such as Xbox consoles, Surface devices, and datacenter servers may face supply chain disruptions, shortages, or delays due to limited suppliers and global manufacturing challenges. [2][3]"
3,Q10,True,facts,xbrl,False,,True,1.0,1.0,,,0.35,What was Microsoft's total net income in fiscal year 2023?,"$72,361 million.","MICROSOFT CORP reported net income of $72,361,000,000 for fiscal year 2023, ended 2023-06-30. [1]"
3,Q11,True,mistral,ministral-8b-2512,False,,True,1.0,1.0,,,1.6,What was Microsoft's Intelligent Cloud operating income for fiscal year 2024?,"$49,584 million.","The Intelligent Cloud segment's operating income for fiscal year 2024 was $49,584 million. [1][2]"
3,Q12,True,mistral,ministral-8b-2512,False,,True,1.0,1.0,,,3.59,What was Microsoft's effective tax rate in fiscal year 2025?,17.6%.,"Microsoft's effective tax rate for fiscal year 2025 was 18%. [1][12][14] The effective tax rate was primarily impacted by changes in the mix of earnings and tax expenses between the U.S. and foreign countries, with U.S. income before income taxes at $69.2 billion and foreign income before income taxes at $54.4 billion. [1][12] The rate was also influenced by foreign earnings taxed at lower rates, foreign-derived intangible income deduction, and other reconciling items, resulting in a final effective rate of 17.6% when broken down further in the reconciliation table. [12][14]"
3,Q13,False,mistral,ministral-8b-2512,False,,,,,1.0,0.875,6.34,What were the risks relating to taxes for Broadcom in fiscal year 2021?,"Changes in tax legislation or policies could materially impact financial position and results of operations. Corporate income taxes could significantly increase if the company is unable to maintain its tax concessions. Income taxes and overall cash tax costs could be materially, adversely affected by a number of factors, including incorrect assumptions and interpretations regarding tax laws and concessions.","Changes in tax legislation or policies, including corporate tax reform, anti-base-erosion rules, and tax transparency, could materially impact financial position and results of operations due to heightened scrutiny in multiple jurisdictions. [2][5] Uncertainty in tax positions requires significant judgment, and the final determination of income tax liability may differ materially from current estimates, affecting financial results. [2][6] Gross unrecognized tax benefits increased by $282 million in fiscal year 2021, reflecting unresolved tax positions that could impact cash flows and profitability. [7] The company’s tax incentives and assumptions about tax laws are not binding, and if incorrect, could lead to material adverse tax and financial consequences. [1][2][3][5] Income taxes are subject to volatility due to factors like restructuring, jurisdictional mix of income, and changes in tax laws or corporate structure, which could adversely affect financial results. [2][3] The provision for income taxes in fiscal year 2021 was influenced by lapses of statutes of limitations, audit settlements, and recognition of gross unrecognized tax benefits. [4][7] The 2017 Tax Reform Act and other indirect tax impacts decreased the provision for income taxes by approximately $1,156 million in fiscal year 2021. [12]"
3,Q14,False,mistral,ministral-8b-2512,False,,,,,1.0,0.5,7.39,What were Broadcom's tax risk exposures in fiscal year 2021?,"Changes in tax legislation or policies could materially impact financial position and results of operations. Corporate income taxes could significantly increase if the company is unable to maintain its tax concessions. Income taxes and overall cash tax costs could be materially, adversely affected by a number of factors, including incorrect assumptions and interpretations regarding tax laws and concessions.","Tax risk exposures in fiscal year 2021 included significant uncertainty in tax positions, as gross unrecognized tax benefits increased to $5,030 million, with accrued interest and penalties totaling approximately $386 million, reflecting potential material adverse tax consequences if tax assumptions or incentives were incorrect or modified. [2][4][7] The company faced risks related to compliance with tax incentives, such as those from the Singapore Economic Development Board (expiring in 2025) and Malaysia’s tax holiday (expiring in fiscal year 2028), which could result in refunds of tax benefits or early termination of incentives if conditions were not met. [10][12][13] Income taxes were subject to volatility due to significant judgment in tax calculations, potential audit adjustments, and exposure to global tax policy changes, including OECD proposals like Pillar One and Pillar Two, which could alter prior tax rulings or increase liabilities. [2][5][14][16] The provision for income taxes in fiscal year 2021 was primarily influenced by higher income, offset partially by excess tax benefits from stock-based awards and the recognition of gross unrecognized tax benefits due to lapses of statutes of limitations and audit settlements. [5][10] The company’s tax positions required extensive auditor judgment and specialized expertise, with critical audit matters related to the technical merits of uncertain tax positions (UTPs) and their potential impact on financial statements. [6][16]"
3,Q15,True,mistral,ministral-8b-2512,False,,True,1.0,1.0,,,1.88,What was Broadcom's total net revenue from subscriptions and services in fiscal year 2022?,"$6,926 million.","Broadcom's total net revenue from subscriptions and services in fiscal year 2022 was $6,926 million. [1][2][3][9]"
3,Q16,False,mistral,ministral-8b-2512,False,,,,,1.0,1.0,1.78,Who was the Chief Legal and Coporate Affairs Officer of Broadcom in fiscal year 2023?,Mark D. Brazeal.,Mark D. Brazeal served as the Chief Legal and Corporate Affairs Officer in fiscal year 2023. [1][2][3]
3,Q17,False,mistral,ministral-8b-2512,False,,,,,1.0,1.0,3.99,What are the main risks relating to Broadcom's indebtedness in fiscal year 2024?,Broadcom's substantial indebtedness could adversely affect their financial health and their ability to execute our business strategy.,"Our substantial indebtedness could adversely affect our financial health and our ability to execute our business strategy, including increasing vulnerability to adverse economic conditions, exposing us to interest rate risk, and limiting flexibility in planning or reacting to economic changes. [1][2][3][4] As of November 3, 2024, our aggregate indebtedness was **$69,847 million**, which could place us at a competitive disadvantage compared to less indebted competitors and make it harder to borrow additional funds in the future. [3][4] Our indebtedness could require a substantial portion of our cash flow from operations to be dedicated to payments, thereby reducing funds available for other business needs. [4] A downgrade in our credit rating or adverse conditions in the debt capital markets could materially harm our business, financial condition, and results of operations. [4]"
3,Q18,True,mistral,ministral-8b-2512,False,,True,1.0,1.0,,,1.95,What was Broadcom's total Cost of Products sold in fiscal year 2025?,"$12,115 million.","The total Cost of Products sold in fiscal year 2025 was **$12,115 million** as reported in the Consolidated Statements of Operations. [1]"
3,Q19,False,mistral,ministral-8b-2512,False,,,,,1.0,1.0,3.34,What hardware products generated revenue for Google in fiscal year 2021?,"Fitbit wearable devices, Google Nest home products, Pixel phones, and other devices.","Hardware products generating revenue for Google in fiscal year 2021 include Pixel phones, Fitbit wearable devices, Google Nest home products, and Chromecast with Google TV. [9] Revenues also came from hardware sold under the 'Devices and Services' category, which includes Pixel phones, Fitbit wearables, Google Nest home products, and other hardware. [4]"
3,Q20,False,mistral,ministral-8b-2512,False,,,,,1.0,1.0,2.77,Which hardware devices contributed to Google's revenue in fiscal year 2021?,"Fitbit wearable devices, Google Nest home products, Pixel phones, and other devices.",Fitbit wearable devices contributed to revenue in fiscal year 2021. [3][8][11] Google Nest home products contributed to revenue in fiscal year 2021. [3][8][11] Pixel phones contributed to revenue in fiscal year 2021. [3][4][8][11]
3,Q21,True,mistral,ministral-8b-2512,False,,True,1.0,1.0,,,2.72,What percentage of Google's total Revenue came from the United States in fiscal year 2022?,48%.,"In fiscal year 2022, 48% of Google's total revenue came from the United States. [2][3][4][16]"
3,Q22,True,mistral,ministral-8b-2512,False,,True,1.0,1.0,,,3.38,What was the total value of Google's Marketable Securities at the end of fiscal year 2023?,"$86,868 million.","The total carrying value of marketable equity securities was $5,973 million as of December 31, 2023. [1] The total carrying value of marketable securities (including debt securities) was $86,868 million as of December 31, 2023. [8]"
3,Q23,False,mistral,ministral-8b-2512,False,,,,,1.0,0.9,7.67,What were the copyright and intellectual property risks associated with Google's AI products and services in fiscal year 2024?,"Copyright and related laws, including the EU Directive on Copyright in the Digital Single Market and European Economic Area transpositions, which have introduced new licensing regimes, increase liability with respect to content uploaded by users or linked to from our platforms, or create property rights in news publications that could require payments to news agencies and publishers, which may result in other regulatory actions.","The development and use of AI may expose the company to risks of harmful content, inaccuracies, discrimination, intellectual property infringement, and other legal challenges, potentially leading to reputational harm and increased liability exposure. [1] Intellectual property rights are valuable, and any inability to protect them could reduce the value of AI-related products, services, and brands, affecting the company's ability to compete. [2] The company faces frequent litigation over intellectual property infringement claims related to AI technologies, which could result in monetary damages, costly licensing agreements, or injunctions limiting product offerings. [3][5] Intellectual property indemnities from suppliers may not cover all damages or losses from infringement claims, and agreements with customers and partners may require defending against such claims, increasing costs and potentially harming revenue. [4] The company is subject to evolving laws and regulations, such as the EU Directive on Copyright in the Digital Single Market, which may introduce new licensing regimes, increase liability for content uploaded or linked to platforms, or create new property rights requiring payments to news agencies and publishers. [7] The secrecy of trade secrets and other sensitive information related to AI could be compromised, potentially diminishing competitive advantages and exposing the company to litigation or financial claims. [8] The company may face intellectual property infringement or misappropriation claims related to AI, which could result in costly defenses, significant damage awards, or limitations on using certain technologies. [9] The company is subject to claims, lawsuits, and regulatory scrutiny related to intellectual property, including those involving AI technologies, which could harm its business, reputation, financial condition, and operating results. [10] The company may encounter intellectual property licensing issues from suppliers, which could affect the ability to sell AI-related products or expose the company to litigation or financial claims. [11] Third-party patents or proprietary rights may prevent, limit, or interfere with the company's ability to develop, use, or sell AI products and services, posing competitive risks. [16]"
3,Q24,True,mistral,ministral-8b-2512,False,,True,1.0,1.0,,,1.77,What was Google's total cost of revenues in fiscal year 2025?,"$162,535 million.","The total cost of revenues for fiscal year 2025 was $162,535 million. [1][5][8]"
3,Q25,False,mistral,ministral-8b-2512,False,,,,,1.0,1.0,2.13,What products did Meta offer under its Family of Apps segment in fiscal year 2021?,"Facebook, Instagram, Messenger, and WhatsApp.","Meta offered Facebook, Instagram, Messenger, and WhatsApp under its Family of Apps segment in fiscal year 2021. [1][8][13]"
3,Q26,True,facts,xbrl,False,,True,1.0,1.0,,,0.16,What was Meta's total liabilities at the end of fiscal year 2022?,"$60,014 million.","Meta Platforms, Inc. reported total liabilities of $60,014,000,000 for fiscal year 2022, ended 2022-12-31. [1]"
3,Q27,True,mistral,ministral-8b-2512,False,,True,1.0,1.0,,,3.32,How did Meta's ad impressions and average price per ad change year over year in fiscal year 2023?,"Ad impressions delivered across the Family of Apps increased 28%, and the average price per ad decreased 9%.",Ad impressions delivered across Meta's Family of Apps increased by 28% year-over-year in 2023. [1][3][5] The average price per ad decreased by 9% year-over-year in 2023. [1][3][5]
3,Q28,False,mistral,ministral-8b-2512,False,,,,,1.0,0.9375,4.56,What risks did Meta identify as arising from its generative AI efforts in fiscal year 2024?,"Harmful or illegal content, accuracy, misinformation and deepfakes (including related to elections), bias, discrimination, toxicity, consumer protection, intellectual property infringement or misappropriation, defamation, data privacy, cybersecurity, and sanctions and export controls.","Meta identified risks related to harmful or illegal content, accuracy, misinformation, deepfakes (including election-related), bias, discrimination, toxicity, consumer protection, intellectual property infringement, defamation, data privacy, cybersecurity, and sanctions/export controls from its generative AI efforts. [1] The company also faces uncertainty about how laws related to online services, intermediary liability, and AI-generated content will apply, potentially leading to increased regulatory scrutiny, litigation, or legal liability. [1] Ethical concerns, negative consumer perceptions of automation, and activities threatening people’s safety or well-being could adversely affect Meta’s business, reputation, or financial results due to generative AI. [1] If AI initiatives fail to deliver long-term success, Meta’s business and financial performance could be harmed, as the company expects increased investment in infrastructure and headcount for these efforts. [4]"
3,Q29,True,facts,xbrl,False,,True,1.0,1.0,,,0.12,What was Meta's total assets at the end of fiscal year 2025?,"$366,021 million.","Meta Platforms, Inc. reported total assets of $366,021,000,000 for fiscal year 2025, ended 2025-12-31. [1]"
3,Q30,True,mistral,ministral-8b-2512,False,,True,1.0,1.0,,,1.44,"How much did Meta hold in total assets as of December 31, 2025?","$366,021 million.","Meta held total assets of $366,021 million as of December 31, 2025. [11]"
3,Q31,False,mistral,ministral-8b-2512,False,,,,,1.0,1.0,1.79,What electronic devices did Amazon manufacture and sell in fiscal year 2021?,"Kindle, Fire tablet, Fire TV, Echo, and Ring.","Amazon manufactured and sold electronic devices including Kindle, Fire tablet, Fire TV, Echo, and Ring in fiscal year 2021. [4]"
3,Q32,False,mistral,ministral-8b-2512,False,,,,,1.0,1.0,4.18,What factors did Amazon identify as creating significant inventory risk in fiscal year 2022?,"Seasonality, new product launches, rapid changes in product cycles and pricing, defective merchandise, changes in customer demand and consumer spending patterns, changes in consumer tastes, and spoilage.","Seasonality, new product launches, rapid changes in product cycles and pricing, defective merchandise, changes in customer demand and consumer spending patterns, changes in consumer tastes, spoilage, and lead-time requirements for inventory or components create significant inventory risk. [1] Difficulty in accurately forecasting demand for new products, establishing vendor relationships, and determining appropriate product selection contributes to inventory risk. [1] The inability to sell products in sufficient quantities or meet demand during relevant selling seasons poses inventory risk. [1] Uncertainty in inventory disposition assumptions, such as sales, returns, or liquidations, may lead to material write-downs in inventory valuation. [5] Supplier commitments for electronic device components and products based on forecasted demand may result in additional costs if commitments are reduced. [5] Inventory risk is magnified during periods of high demand, such as holiday sales, due to fulfillment network optimization challenges. [15]"
3,Q33,True,mistral,ministral-8b-2512,False,,True,1.0,1.0,,,3.25,What was Amazon's total stockholders' equity at the end of fiscal year 2023?,"$201,875 million.","Amazon's total stockholders' equity at the end of fiscal year 2023 was $201,875 million. [1][3][5][11]"
3,Q34,True,mistral,ministral-8b-2512,False,,True,1.0,1.0,,,1.63,What was Amazon's AWS segment operating income in fiscal year 2024?,"$39,834 million.",The AWS segment operating income for fiscal year 2024 was $39.834 billion. [7][9]
3,Q35,True,facts,xbrl,False,,True,1.0,1.0,,,0.38,What was Amazon's total net sales in fiscal year 2025?,"$716,924 million.","AMAZON COM INC reported total revenue of $716,924,000,000 for fiscal year 2025, ended 2025-12-31. [1]"
3,Q36,True,facts,xbrl,False,,True,1.0,1.0,,,0.18,How much did Amazon generate in net sales during fiscal year 2025?,"$716,924 million.","AMAZON COM INC reported total revenue of $716,924,000,000 for fiscal year 2025, ended 2025-12-31. [1]"
3,Q37,True,mistral,ministral-8b-2512,False,,True,1.0,1.0,,,2.09,"What was the aggregate amount of Oracle's outstanding indebtedness in fiscal year 2021, and over what period was it scheduled to mature?","$84.2 billion as of May 31, 2021, maturing between calendar year 2021 and calendar year 2061.","As of May 31, 2021, Oracle had an aggregate of $84.2 billion of outstanding indebtedness scheduled to mature between calendar year 2021 and calendar year 2061. [1]"
3,Q38,True,mistral,ministral-8b-2512,False,,True,1.0,1.0,,,2.45,What was Oracle's revenue from cloud services and license support in fiscal year 2022?,"$30,174 million.","Oracle's revenue from cloud services and license support in fiscal year 2022 was $30,174 million. [1][2][5] This figure represents a 5% increase from the $28,700 million reported in fiscal year 2021, and a 6% increase from the $27,392 million reported in fiscal year 2020. [2][7]"
3,Q39,False,mistral,ministral-8b-2512,False,,,,,1.0,1.0,2.06,What were the three businesses Oracle operated in fiscal year 2023?,"Cloud and license, hardware, and services.","Oracle operated three businesses in fiscal year 2023: cloud and license, hardware, and services. [1][3][4][8][12][14]"
3,Q40,True,facts,xbrl,False,,True,1.0,1.0,,,0.16,What were Oracle's total revenues in fiscal year 2024?,"$52,961 million.","ORACLE CORP reported total revenue of $52,961,000,000 for fiscal year 2024, ended 2024-05-31. [1]"
3,Q41,True,mistral,ministral-8b-2512,False,,True,1.0,1.0,,,1.63,What was Oracle's net income in fiscal year 2025?,"$12,443 million.","Oracle's net income in fiscal year 2025 was $12,443 million. [7][12]"
3,Q42,True,mistral,ministral-8b-2512,False,,True,1.0,1.0,,,1.76,How much did Oracle earn in net income during fiscal year 2025?,"$12,443 million.","Oracle earned $12,443 million in net income during fiscal year 2025. [7][11][16]"
3,Q43,False,mistral,ministral-8b-2512,False,,,,,1.0,1.0,2.9,What service offerings made up Salesforce's Customer 360 platform in fiscal year 2021?,"Sales, Service, Marketing, Commerce, Experience, and Platform and Other.","The Customer 360 platform included Sales, Service, Marketing, Commerce, and Experience service offerings, all designed to work together as an integrated AI-powered CRM platform. [2][3][9] The platform also included Platform and Other offerings, though these were not explicitly detailed in the provided sources. [2][9]"
3,Q44,True,mistral,ministral-8b-2512,False,,True,1.0,1.0,,,2.31,"What was Salesforce's subscription and support revenue in fiscal year 2022, and what share of total revenues did it represent?","$24,657 million, 93% of total revenues.","Salesforce's subscription and support revenue in fiscal year 2022 was $24,657 million. [5][9][13] Subscription and support revenue represented approximately 93% of total revenues for fiscal 2022. [2][4][9]"
3,Q45,True,mistral,ministral-8b-2512,False,,False,0.0,0.0,,,1.72,What was the total value of Salesforce's Goodwill at the end of fiscal year 2023?,"$48,568 million.","The total value of Goodwill at the end of fiscal year 2023 was $21,410 million. [9]"
3,Q46,False,mistral,ministral-8b-2512,False,,,,,1.0,1.0,4.73,What were the known risks of generative AI that Salesforce identified in fiscal year 2024?,"Accuracy, bias, toxicity, privacy and security, and data provenance.","Known risks of generative AI include potential inaccuracies, bias, toxicity, privacy and security issues, and data provenance problems, which could lead to brand or reputational harm, competitive harm, and/or legal liability. [1] Ethical concerns and controversies related to AI, such as perceived or actual impacts on human rights, privacy, employment, or social contexts, may result in increased governmental or regulatory scrutiny, brand harm, competitive harm, or legal liability. [2] The rapid evolution of AI may require additional investment in licensing or developing proprietary datasets and machine learning models to test for accuracy, bias, and other variables, potentially impacting profit margins. [2] Countries applying data and consumer protection laws to AI, particularly generative AI, could lead to compliance failures that adversely impact business operations. [7] The use of AI in offerings may raise social and ethical issues, posing risks to the company’s reputation and performance. [10][13]"
3,Q47,True,mistral,ministral-8b-2512,False,,True,1.0,1.0,,,1.77,What percentage of Salesforce's total revenue came from the Americas in fiscal year 2025?,66%.,"In fiscal year 2025, 66% of Salesforce's total revenue came from the Americas. [1]"
3,Q48,True,mistral,ministral-8b-2512,False,,True,1.0,1.0,,,1.98,What was the Americas' contribution as a percentage of Salesforce's total revenue for fiscal year 2025?,66%.,The Americas contributed 66% of Salesforce's total revenue for fiscal year 2025. [4][8]
