id,ticker,fiscal_year,line_item,question,expected,outcome,read_as_figure,tables,checker,answer
AAPL-2024-gross_profit,AAPL,2024,gross profit,What was Apple's gross profit in fiscal year 2024?,180683000000,model: right,True,11,unverified,"Apple's gross profit for fiscal year 2024 was **$180,683 million** (total gross margin). [1][3][4]"
AAPL-2024-income_before_income_taxes,AAPL,2024,income before income taxes,What was Apple's income before income taxes in fiscal year 2024?,123485000000,model: right,True,16,supported,"Income before income taxes was $123,485 million for the year ended September 28, 2024. [3]"
AAPL-2024-income_tax_expense,AAPL,2024,income tax expense,What was Apple's income tax expense in fiscal year 2024?,29749000000,model: right,True,15,unverified,"The provision for income taxes in fiscal year 2024 was $29,749 million. [3][5][8][14]"
AAPL-2024-provision_for_income_taxes,AAPL,2024,provision for income taxes,What was Apple's provision for income taxes in fiscal year 2024?,29749000000,model: right,True,14,unverified,"The provision for income taxes in fiscal year 2024 was **$29,749 million** as stated in multiple financial tables. [1][2][4][6][7][10]"
AAPL-2024-stock-based_compensation,AAPL,2024,stock-based compensation,What was Apple's stock-based compensation in fiscal year 2024?,11688000000,model: right,True,14,mismatch,"Apple's share-based compensation expense for fiscal year 2024 was $11,688 million. [1][7] The aggregate fair value of RSUs vested in fiscal year 2024 was $15.8 billion, with total shares withheld for tax obligations amounting to approximately 31 million shares. [14] The total unrecognized compensation cost related to outstanding RSUs as of September 28, 2024, was $19.4 billion, expected to be recognized over a weighted-average period of 2.4 years. [14]"
AAPL-2024-depreciation_and_amortization,AAPL,2024,depreciation and amortization,What was Apple's depreciation and amortization in fiscal year 2024?,11445000000,model: right,True,11,mismatch,"Depreciation expense on property, plant, and equipment was $8.2 billion in fiscal year 2024. [5] Depreciation and amortization adjustments to reconcile net income to cash generated by operating activities were $11.445 billion in fiscal year 2024. [3]"
AAPL-2024-accounts_receivable,AAPL,2024,accounts receivable,What was Apple's accounts receivable in fiscal year 2024?,33410000000,model: right,True,9,supported,"Apple's net accounts receivable was **$33,410 million** as of September 28, 2024. [2] The change in accounts receivable for the year ended September 28, 2024, was **-$3,788 million**, indicating a net decrease compared to the prior year. [1]"
AAPL-2024-marketable_securities,AAPL,2024,marketable securities,What was Apple's marketable securities in fiscal year 2024?,35228000000,model: wrong figure or none,True,16,unverified,"As of September 28, 2024, Apple had $0 in current and non-current marketable securities hedged as assets, down from $14,433 million in 2023. [1] Apple purchased $48,656 million in marketable securities during fiscal 2024, as shown in the investing activities section of the cash flow statement. [7] The fair value of non-current marketable securities (excluding cash equivalents) was $10,810 million for non-U.S. government securities and $12,611 million for U.S. Treasury securities in 2024. [4][6] The fair value of mortgage- and asset-backed securities was $19,636 million in 2024, with $19,292 million classified as non-current marketable securities. [10] The total fair value of current and non-current marketable securities (excluding cash equivalents) is not explicitly stated in a single source, but the breakdown of individual categories provides a detailed composition for fiscal 2024. [4][6][10]"
AAPL-2024-property_and_equipment,AAPL,2024,property and equipment,What was Apple's property and equipment in fiscal year 2024?,45680000000,model: right,True,11,mismatch,"Apple's gross property, plant, and equipment in fiscal year 2024 was $119,128 million, with accumulated depreciation of $73,448 million, resulting in net property, plant, and equipment of $45,680 million. [1] The depreciation expense on property, plant, and equipment for fiscal year 2024 was $8.2 billion. [5]"
AAPL-2024-capital_expenditures,AAPL,2024,capital expenditures,What was Apple's capital expenditures in fiscal year 2024?,9447000000,model: abstained,True,10,,The filings do not answer this question.
AAPL-2024-purchases_of_property_and_equipment,AAPL,2024,purchases of property and equipment,What was Apple's purchases of property and equipment in fiscal year 2024?,9447000000,model: right,True,12,unverified,"Apple's payments for the acquisition of property, plant, and equipment in fiscal year 2024 were $9,447 million. [3] The gross property, plant, and equipment for fiscal year 2024 was $119,128 million, with accumulated depreciation of $73,448 million, resulting in a net value of $45,680 million. [1][8]"
AAPL-2024-share_repurchases,AAPL,2024,share repurchases,What was Apple's share repurchases in fiscal year 2024?,94949000000,model: wrong figure or none,False,6,supported,Apple repurchased 499 million shares of its common stock for a total of $95.0 billion during fiscal year 2024. [1][5][9] The repurchases included $20.9 billion under the $110 billion program announced in May 2024 and the final $4.1 billion under the previous program authorized in May 2023. [1][2]
ADBE-2024-gross_profit,ADBE,2024,gross profit,What was Adobe's gross profit in fiscal year 2024?,19147000000,model: right,True,13,supported,"Adobe's total gross profit for fiscal year 2024 was **$19,147 million** as reported in the consolidated statements of income (source [4]). [4] The gross profit for the **Digital Media** segment in fiscal 2024 was **$15,184 million** (source [2]), while **Digital Experience** contributed **$3,777 million** (source [2]), and **Publishing and Advertising** added **$186 million** (source [2]). [2]"
ADBE-2024-income_before_income_taxes,ADBE,2024,income before income taxes,What was Adobe's income before income taxes in fiscal year 2024?,6931000000,model: right,True,16,supported,"Adobe's income before income taxes in fiscal year 2024 was $6,931 million. [1][2]"
ADBE-2024-income_tax_expense,ADBE,2024,income tax expense,What was Adobe's income tax expense in fiscal year 2024?,1371000000,model: right,True,14,supported,"The provision for income taxes in fiscal 2024 was **$1,371 million** as stated in multiple sources, including the consolidated statements of income and the reconciliation of tax expense. [1][2][5][6]"
ADBE-2024-provision_for_income_taxes,ADBE,2024,provision for income taxes,What was Adobe's provision for income taxes in fiscal year 2024?,1371000000,model: right,True,14,supported,"The provision for income taxes in fiscal year 2024 was **$1,371 million** as reported in multiple tables (sources [1], [2], [3], [4], and [5]). [1][2][3][4][5]"
ADBE-2024-sales_and_marketing_expense,ADBE,2024,sales and marketing expense,What was Adobe's sales and marketing expense in fiscal year 2024?,5764000000,model: right,True,13,supported,"Adobe's sales and marketing expense in fiscal year 2024 was $5,764 million. [2][4][5]"
ADBE-2024-stock-based_compensation,ADBE,2024,stock-based compensation,What was Adobe's stock-based compensation in fiscal year 2024?,1833000000,model: right,True,13,mismatch,"The total stock-based compensation expense recorded in fiscal 2024 was included in the Additional Paid-In Capital under stock-based compensation, amounting to **$1,833 million** as of November 29, 2024. [3] The provision for income taxes included a **$372 million** tax benefit related to stock-based compensation costs for fiscal 2024. [10] Stock-based compensation expense was recognized net of estimated forfeitures, with **$1,440 million** recorded in the Additional Paid-In Capital during fiscal 2024 (part of the total $1,833 million). [2][3] Deferred tax assets related to stock-based compensation were **$66 million** in fiscal 2024, contributing to the total deferred tax assets of **$2,040 million** for the year. [1][7]"
ADBE-2024-depreciation_and_amortization,ADBE,2024,depreciation and amortization,What was Adobe's depreciation and amortization in fiscal year 2024?,857000000,model: wrong figure or none,True,13,mismatch,"Depreciation and amortization related to property and equipment was $239 million in fiscal year 2024. [10] Amortization of intangibles was $169 million in fiscal year 2024, with total operating expenses including $169 million for amortization of intangibles. [5][9] Total amortization expense related to other intangibles was $336 million in fiscal year 2024, with $167 million included in cost of sales. [12]"
ADBE-2024-accounts_receivable,ADBE,2024,accounts receivable,What was Adobe's accounts receivable in fiscal year 2024?,2072000000,model: right,True,8,supported,"Adobe's trade receivables, net of allowances for doubtful accounts, were $2.072 billion as of November 29, 2024, including unbilled receivables of $66 million. [1][2]"
ADBE-2024-property_and_equipment,ADBE,2024,property and equipment,What was Adobe's property and equipment in fiscal year 2024?,1936000000,model: right,True,10,mismatch,"Adobe's property and equipment, net, was $1,936 million for fiscal year 2024. [1][2][3] The gross property and equipment totaled $3,591 million for fiscal year 2024, with accumulated depreciation and amortization of $1,655 million. [1][7]"
ADBE-2024-intangible_assets,ADBE,2024,intangible assets,What was Adobe's intangible assets in fiscal year 2024?,782000000,model: right,True,11,supported,"Adobe’s intangible assets in fiscal year 2024 included goodwill of $12,788 million and other intangibles, net, of $782 million as of November 29, 2024. [3] The total expected amortization expense for intangible assets over the next several years is $782 million, with annual amortization amounts provided for fiscal years 2025 through 2029 and thereafter. [8] The net deferred tax assets related to intangible assets were $117 million in 2024, down from $320 million in 2023, as shown in the deferred tax assets table. [2]"
ADBE-2024-capital_expenditures,ADBE,2024,capital expenditures,What was Adobe's capital expenditures in fiscal year 2024?,183000000,model: abstained,True,9,,The filings do not answer this question.
ADBE-2024-purchases_of_property_and_equipment,ADBE,2024,purchases of property and equipment,What was Adobe's purchases of property and equipment in fiscal year 2024?,183000000,model: right,True,11,unverified,Adobe's purchases of property and equipment in fiscal year 2024 were $183 million. [2]
ADBE-2024-interest_paid,ADBE,2024,interest paid,What was Adobe's interest paid in fiscal year 2024?,143000000,model: right,True,12,supported,"Adobe paid $143 million in cash for interest in the fiscal year ended November 29, 2024. [2] The total interest expense for fiscal 2024 was reported as -$169 million, which includes amortization of debt issuance costs and discounts. [7]"
ADBE-2024-share_repurchases,ADBE,2024,share repurchases,What was Adobe's share repurchases in fiscal year 2024?,9500000000,model: right,False,4,mismatch,"Adobe repurchased a total of 4.6 million shares under accelerated share repurchase agreements (ASRs) in fiscal 2024, with an average price paid per share of $546.30. [2] The total cash outflow for repurchases of common stock in fiscal 2024 was $9.5 billion, including prepayments for ASRs and other repurchase activities. [7][11] Including the $2.5 billion ASR settled in September 2024, which resulted in an additional 5.0 million shares repurchased at an average price of $501.37, the total repurchases for fiscal 2024 were part of a broader program with $25 billion in repurchase authority granted in March 2024. [1][2][3] The $25 billion repurchase authority granted in March 2024 included a $2.75 billion ASR and a trading plan for up to $500 million in open market repurchases, with $17.65 billion remaining available for repurchases as of November 29, 2024. [1][2][3][9]"
AMZN-2024-income_tax_expense,AMZN,2024,income tax expense,What was Amazon's income tax expense in fiscal year 2024?,9265000000,model: right,True,15,unverified,"Amazon's provision for income taxes in fiscal year 2024 was **$9,265 million** (a benefit, as indicated by the positive value). [1][5][15] The income tax expense was computed at a **federal statutory rate** of **$14,409 million**, adjusted by factors like foreign earnings, state taxes, tax credits, and stock-based compensation. [5]"
AMZN-2024-provision_for_income_taxes,AMZN,2024,provision for income taxes,What was Amazon's provision for income taxes in fiscal year 2024?,9265000000,model: right,True,14,unverified,"The provision for income taxes in fiscal year 2024 was **$9,265 million** (as shown in the net figure for the year ended December 31, 2024). [1][2][4][5] The provision for income taxes in fiscal year 2024 was **$9,265 million**, calculated as a **benefit (provision) for income taxes** of **-$9,265 million** (indicating a provision) after accounting for adjustments like stock-based compensation and foreign income deductions. [2][4][5][14]"
AMZN-2024-stock-based_compensation,AMZN,2024,stock-based compensation,What was Amazon's stock-based compensation in fiscal year 2024?,22011000000,model: right,True,14,mismatch,"The total stock-based compensation expense for fiscal year 2024 was $22,011 million. [2] The stock-based compensation included $23,960 million of issuance of employee benefit plan stock and $19,631 million of stock-based compensation (net of $6,000 million repurchased common stock). [1] The net stock-based compensation expense recognized in the consolidated statements of cash flows for fiscal year 2024 was $22,011 million. [7] The fair value of restricted stock units that vested in fiscal year 2024 was $39.6 billion, contributing to the total stock-based compensation. [11]"
AMZN-2024-depreciation_and_amortization,AMZN,2024,depreciation and amortization,What was Amazon's depreciation and amortization in fiscal year 2024?,52795000000,model: wrong figure or none,True,11,supported,"Depreciation and amortization expense on property and equipment was $32.1 billion in 2024, including amortization of property and equipment acquired under finance leases of $3.9 billion. [3][6] Total accumulated depreciation and amortization on property and equipment increased from $120,111 million in 2023 to $141,390 million in 2024. [4] The company recorded approximately $920 million of accelerated depreciation in the fourth quarter of 2024 due to early retirement of servers and networking equipment. [16]"
AMZN-2024-accounts_receivable,AMZN,2024,accounts receivable,What was Amazon's accounts receivable in fiscal year 2024?,55451000000,model: right,True,11,mismatch,"Accounts receivable, net and other, totaled **$55,451 million** as of December 31, 2024, with customer receivables alone at **$34.3 billion** for the year. [6][10] The breakdown of accounts receivable, net and other, for 2024 includes **$34.3 billion** in customer receivables, **$11.6 billion** in vendor receivables, and **$3.4 billion** in other receivables. [10]"
AMZN-2024-marketable_securities,AMZN,2024,marketable securities,What was Amazon's marketable securities in fiscal year 2024?,22423000000,model: wrong figure or none,True,13,supported,"The total estimated fair value of cash equivalents and marketable debt securities as of December 31, 2024, was $84,362 million. [1] The total cash, cash equivalents, and marketable securities (after restricted amounts) was $101,202 million as of December 31, 2024, including $104,735 million in total estimated fair value of debt securities before restricted amounts. [3] The total cash, cash equivalents, and marketable securities (after restricted amounts) was $86,780 million as of December 31, 2023, which may be used for comparison but is not for fiscal year 2024. [8]"
AMZN-2024-share_repurchases,AMZN,2024,share repurchases,What was Amazon's share repurchases in fiscal year 2024?,0,model: right,False,0,mismatch,"Amazon repurchased $0 in common stock in fiscal year 2024. [1] The $6.0 billion spent on stock repurchases in 2022 was for 46.2 million shares, but no repurchases occurred in 2023 or 2024. [1]"
AVGO-2024-gross_profit,AVGO,2024,gross profit,What was Broadcom's gross profit in fiscal year 2024?,32509000000,model: right,True,11,unverified,"Gross profit for fiscal year 2024 was **$32,509 million** as reported in the consolidated statements of operations. [3][5]"
AVGO-2024-income_before_income_taxes,AVGO,2024,income before income taxes,What was Broadcom's income before income taxes in fiscal year 2024?,9916000000,model: right,True,15,mismatch,"Income from continuing operations before income taxes was $9,916 million in fiscal year 2024. [2][3] Income before income taxes, including discontinued operations, was $9,916 million in fiscal year 2024 (after adjusting for domestic loss of $4,851 million and foreign income of $14,767 million). [2]"
AVGO-2024-income_tax_expense,AVGO,2024,income tax expense,What was Broadcom's income tax expense in fiscal year 2024?,3748000000,model: right,True,11,supported,"Broadcom's income tax expense in fiscal year 2024 was **$3,748 million** as reported in the total provision for income taxes. [5][11][15]"
AVGO-2024-provision_for_income_taxes,AVGO,2024,provision for income taxes,What was Broadcom's provision for income taxes in fiscal year 2024?,3748000000,model: right,True,12,mismatch,"The provision for income taxes in fiscal year 2024 was **$3,748 million** as stated in the consolidated financial statements. [2][3][14] This includes **$1,783 million** in current tax provision and **$1,965 million** in deferred tax provision (benefit) for fiscal year 2024. [2] The effective tax rate on income before income taxes for fiscal year 2024 was **37.8%**, reflecting the impact of jurisdictional income shifts and non-recurring intra-group IP transfers. [5][11][14]"
AVGO-2024-interest_expense,AVGO,2024,interest expense,What was Broadcom's interest expense in fiscal year 2024?,3953000000,model: right,True,16,supported,"Broadcom's interest expense for the fiscal year ended November 3, 2024, was **$3,953 million**. [6]"
AVGO-2024-accounts_receivable,AVGO,2024,accounts receivable,What was Broadcom's accounts receivable in fiscal year 2024?,4416000000,model: right,True,12,mismatch,"Broadcom's trade accounts receivable, net was **$4,416 million** for the fiscal year ended November 3, 2024. [3] The company sold **$5,900 million** in trade accounts receivable under factoring arrangements during fiscal 2024, which are not included in the net receivable figure. [9]"
AVGO-2024-property_and_equipment,AVGO,2024,property and equipment,What was Broadcom's property and equipment in fiscal year 2024?,2521000000,model: right,True,12,mismatch,"Broadcom's total property, plant, and equipment (gross) was $7,025 million as of November 3, 2024. [1] The net property, plant, and equipment (after accumulated depreciation and amortization) was $2,521 million as of November 3, 2024. [1][3] The accumulated depreciation and amortization for property, plant, and equipment was $4,504 million as of November 3, 2024. [1][14]"
AVGO-2024-capital_expenditures,AVGO,2024,capital expenditures,What was Broadcom's capital expenditures in fiscal year 2024?,548000000,model: right,True,8,mismatch,Capital expenditures were $548 million in fiscal year 2024. [12]
AVGO-2024-purchases_of_property_and_equipment,AVGO,2024,purchases of property and equipment,What was Broadcom's purchases of property and equipment in fiscal year 2024?,548000000,model: right,True,12,mismatch,"Broadcom's purchases of property, plant, and equipment in fiscal year 2024 were $548 million. [1]"
AVGO-2024-interest_paid,AVGO,2024,interest paid,What was Broadcom's interest paid in fiscal year 2024?,3250000000,model: right,True,12,mismatch,"Broadcom paid $3,250 million in cash for interest during fiscal year 2024. [1] The total interest expense for fiscal year 2024 was $3,953 million, primarily due to debt incurred for the VMware Merger. [9]"
AVGO-2024-share_repurchases,AVGO,2024,share repurchases,What was Broadcom's share repurchases in fiscal year 2024?,7176000000,model: right,False,3,mismatch,"Broadcom repurchased approximately 67 million shares of common stock for $7,176 million in fiscal year 2024. [1][4][7] Additionally, Broadcom withheld approximately 38 million shares of common stock from employees for employee withholding taxes related to net settled equity awards in fiscal year 2024. [1][4]"
CRM-2024-gross_profit,CRM,2024,gross profit,What was Salesforce's gross profit in fiscal year 2024?,26316000000,model: right,True,14,unverified,"The gross profit for fiscal year 2024 was $26,316 million. [1][2]"
CRM-2024-income_before_income_taxes,CRM,2024,income before income taxes,What was Salesforce's income before income taxes in fiscal year 2024?,4950000000,model: right,True,13,unverified,"Income before provision for income taxes was $4,950 million for fiscal year 2024. [1][6][13]"
CRM-2024-income_tax_expense,CRM,2024,income tax expense,What was Salesforce's income tax expense in fiscal year 2024?,814000000,model: right,True,14,supported,"The income tax expense for fiscal year 2024 was $814 million, as stated in the provision for income taxes. [4][13][14]"
CRM-2024-provision_for_income_taxes,CRM,2024,provision for income taxes,What was Salesforce's provision for income taxes in fiscal year 2024?,814000000,model: right,True,13,supported,The provision for income taxes in fiscal year 2024 was **$814 million** as stated in multiple financial tables. [1][2][3][5][11][12]
CRM-2024-sales_and_marketing_expense,CRM,2024,sales and marketing expense,What was Salesforce's sales and marketing expense in fiscal year 2024?,12877000000,model: right,True,14,unverified,"Salesforce's sales and marketing expense in fiscal year 2024 was $12,877 million. [5][6][8] This amount represents 37% of total revenues for fiscal year 2024, a decrease from 43% in fiscal year 2023. [5][8]"
CRM-2024-stock-based_compensation,CRM,2024,stock-based compensation,What was Salesforce's stock-based compensation in fiscal year 2024?,2787000000,model: wrong figure or none,True,13,supported,"The stock-based compensation expense recognized in fiscal 2024 was $5,256 million, as the aggregate expected stock-based compensation expense remaining to be recognized was broken down into $2,497 million for fiscal 2025, $1,664 million for fiscal 2026, and $868 million for fiscal 2027. [6] The stock-based compensation expense for fiscal 2024 included $13 million in employee stock awards, as reported in the table of fiscal year-end data. [7] The stock-based compensation for fiscal 2024 was reflected in the 'Additional Paid-in Capital' section of the Consolidated Statements of Stockholders’ Equity as $3,279 million (part 10 of 19) and $2,779 million (part 4 of 19), though these figures appear to represent cumulative adjustments rather than the annual expense. [1][11]"
CRM-2024-accounts_receivable,CRM,2024,accounts receivable,What was Salesforce's accounts receivable in fiscal year 2024?,11414000000,model: right,True,10,supported,"Accounts receivable, net, was $11,414 million as of January 31, 2024. [2] Accounts receivable decreased by $659 million during fiscal year 2024. [1]"
CRM-2024-marketable_securities,CRM,2024,marketable securities,What was Salesforce's marketable securities in fiscal year 2024?,5722000000,model: right,True,13,mismatch,"The total marketable securities at amortized cost were $5,782 million as of January 31, 2024. [14] The total marketable securities at fair value were $5,722 million as of January 31, 2024. [14][6] Marketable securities consisted of covered bonds valued at $78 million at fair value as of January 31, 2024, with an amortized cost of $81 million and unrealized losses of $3 million. [3]"
CRM-2024-intangible_assets,CRM,2024,intangible assets,What was Salesforce's intangible assets in fiscal year 2024?,5278000000,model: right,True,13,supported,"The gross intangible assets as of January 31, 2024, were $11,601 million, with accumulated amortization of $6,323 million, resulting in net intangible assets of $5,278 million. [1] Customer relationships intangible assets (gross) were $6,674 million as of January 31, 2024, with accumulated amortization of $2,985 million, yielding net intangible assets of $3,689 million. [2] Acquired developed technology intangible assets (gross) were $4,624 million as of January 31, 2024, with accumulated amortization of $3,208 million, resulting in net intangible assets of $1,416 million. [3] Other intangible assets (gross) were $303 million as of January 31, 2024, with accumulated amortization of $130 million, yielding net intangible assets of $173 million. [4] The total intangible assets acquired through business combinations (net) were $5,278 million as of January 31, 2024, as reported in the consolidated balance sheets. [5]"
CRM-2024-capital_expenditures,CRM,2024,capital expenditures,What was Salesforce's capital expenditures in fiscal year 2024?,736000000,model: right,True,11,supported,"Capital expenditures were $736 million for the fiscal year ended January 31, 2024. [1][7]"
CRM-2024-purchases_of_property_and_equipment,CRM,2024,purchases of property and equipment,What was Salesforce's purchases of property and equipment in fiscal year 2024?,736000000,model: abstained,True,12,,The filings do not answer this question.
CRM-2024-interest_paid,CRM,2024,interest paid,What was Salesforce's interest paid in fiscal year 2024?,254000000,model: right,True,13,unverified,"Salesforce paid $254 million in interest for the fiscal year ended January 31, 2024. [1]"
CRM-2024-share_repurchases,CRM,2024,share repurchases,What was Salesforce's share repurchases in fiscal year 2024?,7620000000,model: wrong figure or none,False,2,mismatch,"Salesforce repurchased approximately 36 million shares of its common stock for approximately $7.7 billion during fiscal year 2024. [1][2][3][4][7][11] The average price per share paid during fiscal 2024 was $210.30. [1][2][4] All repurchases were made in open market transactions. [1][2][3] The remaining authorized repurchase amount under the Share Repurchase Program as of January 31, 2024, was $8.3 billion, before an additional $10.0 billion authorization in February 2024. [1][2][3]"
CSCO-2024-gross_profit,CSCO,2024,gross profit,What was Cisco's gross profit in fiscal year 2024?,34828000000,model: right,True,14,unverified,"Cisco's gross profit for fiscal year 2024 was $34,828 million, calculated as total revenue of $53,803 million minus cost of goods sold (total revenue minus gross margin). [3]"
CSCO-2024-income_before_income_taxes,CSCO,2024,income before income taxes,What was Cisco's income before income taxes in fiscal year 2024?,12234000000,model: right,True,15,unverified,"Income before income taxes for fiscal year 2024 was $12,234 million. [1]"
CSCO-2024-income_tax_expense,CSCO,2024,income tax expense,What was Cisco's income tax expense in fiscal year 2024?,1914000000,model: right,True,15,mismatch,"The income tax expense for fiscal 2024 was $1,914 million, as reported in the Consolidated Statements of Operations. [7] The effective tax rate for fiscal 2024 was 15.6%, which corresponds to a total income tax expense of $1,914 million on net income of $12,234 million (income before taxes). [7][9]"
CSCO-2024-provision_for_income_taxes,CSCO,2024,provision for income taxes,What was Cisco's provision for income taxes in fiscal year 2024?,1914000000,model: right,True,11,unverified,"The provision for income taxes in fiscal 2024 was $1,914 million, as shown in the Consolidated Statements of Operations. [1] The effective tax rate for fiscal 2024 was 15.6%, resulting in a provision for income taxes on income before taxes of $12,234 million, calculated as $12,234 million × 15.6% = $1,914 million. [1][2][4] Cash paid for income taxes, net, in fiscal 2024 was $7,426 million, as detailed in the Supplemental Cash Flow Information. [5]"
CSCO-2024-sales_and_marketing_expense,CSCO,2024,sales and marketing expense,What was Cisco's sales and marketing expense in fiscal year 2024?,10364000000,model: wrong figure or none,True,12,supported,"Cisco's sales and marketing expense for fiscal year 2024 was $846 million. [1] The total sales and marketing expense for the year ended July 27, 2024, was included in the combined total of $5,783 million for R&D, sales and marketing, and general and administrative expenses. [2] Sales and marketing expenses increased primarily due to incremental expenses from Splunk, higher share-based compensation expense, higher discretionary spending, higher headcount-related expenses, and higher cash compensation from acquisitions. [10]"
CSCO-2024-stock-based_compensation,CSCO,2024,stock-based compensation,What was Cisco's stock-based compensation in fiscal year 2024?,3074000000,model: right,True,14,supported,"The total share-based compensation expense for fiscal year 2024 was **$3,074 million** (as of July 27, 2024). [1][3] The income tax benefit related to share-based compensation in fiscal year 2024 was **$696 million** (as of July 27, 2024). [1] The share-based compensation expense recognized in the Consolidated Statements of Equity for fiscal year 2024 was **$2,353 million** (as of July 27, 2024), with an additional **$717 million** recorded in the financial statements (likely due to timing differences). [2][3] The unrecognized compensation cost for unvested share-based awards as of July 27, 2024, was **$4.6 billion**, expected to be recognized over approximately 1.8 years. [10]"
CSCO-2024-depreciation_and_amortization,CSCO,2024,depreciation and amortization,What was Cisco's depreciation and amortization in fiscal year 2024?,700000000,model: right,True,13,mismatch,"Depreciation and amortization expenses for property and equipment were approximately $0.7 billion in fiscal 2024. [9] Amortization of purchased intangible assets totaled $1,653 million in fiscal 2024, including impairment charges. [2][3][12]"
CSCO-2024-accounts_receivable,CSCO,2024,accounts receivable,What was Cisco's accounts receivable in fiscal year 2024?,6685000000,model: wrong figure or none,True,12,supported,"Accounts receivable, net was **$6.7 billion** as of July 27, 2024, per the Consolidated Balance Sheets. [5][8] The increase in accounts receivable from fiscal 2023 to fiscal 2024 was **$831 million**, as reported in the MD&A. [1]"
CSCO-2024-property_and_equipment,CSCO,2024,property and equipment,What was Cisco's property and equipment in fiscal year 2024?,2090000000,model: right,True,11,supported,"The gross property and equipment for fiscal year 2024 was $9,873 million as of July 27, 2024. [1] After accumulated depreciation and amortization, the net property and equipment for fiscal year 2024 was $2,090 million as of July 27, 2024. [1][5]"
CSCO-2024-capital_expenditures,CSCO,2024,capital expenditures,What was Cisco's capital expenditures in fiscal year 2024?,670000000,model: wrong figure or none,True,9,mismatch,"Cisco's capital expenditures in fiscal year 2024 were $0.7 billion, as stated in the cash flow summary for fiscal 2024. [5]"
CSCO-2024-purchases_of_property_and_equipment,CSCO,2024,purchases of property and equipment,What was Cisco's purchases of property and equipment in fiscal year 2024?,670000000,model: right,True,11,unverified,Cisco's purchases of property and equipment in fiscal year 2024 were $670 million. [2][3]
CSCO-2024-interest_paid,CSCO,2024,interest paid,What was Cisco's interest paid in fiscal year 2024?,583000000,model: wrong figure or none,True,12,supported,"Interest expense for fiscal 2024 was $1,006 million, as shown in the MD&A table. [4] The increase in interest expense was primarily driven by higher interest rates and the issuance of senior notes and commercial paper during fiscal 2024, with an additional $500 million attributed to financing the acquisition of Splunk. [4][11]"
CSCO-2024-share_repurchases,CSCO,2024,share repurchases,What was Cisco's share repurchases in fiscal year 2024?,5787000000,model: right,False,4,supported,"Cisco repurchased common stock for $5,764 million under its stock repurchase program in fiscal 2024. [4][7] The weighted-average price per share for repurchased shares in fiscal 2024 was $49.45, with 117 million shares repurchased. [7] The total amount spent on stock repurchases in fiscal 2024 was $5,787 million, including shares repurchased for tax withholdings on vesting of restricted stock units. [6]"
GOOGL-2024-income_before_income_taxes,GOOGL,2024,income before income taxes,What was Alphabet's income before income taxes in fiscal year 2024?,119815000000,model: right,True,14,unverified,"Alphabet's income before income taxes in fiscal year 2024 was $119,815 million. [1][2]"
GOOGL-2024-income_tax_expense,GOOGL,2024,income tax expense,What was Alphabet's income tax expense in fiscal year 2024?,19697000000,model: right,True,16,unverified,"The provision for income taxes in fiscal year 2024 was $19,697 million. [4][9]"
GOOGL-2024-provision_for_income_taxes,GOOGL,2024,provision for income taxes,What was Alphabet's provision for income taxes in fiscal year 2024?,19697000000,model: right,True,13,unverified,"The provision for income taxes in fiscal year 2024 was **$19,697 million** as reported in the Consolidated Statements of Income. [3] The provision for income taxes in fiscal year 2024 was also explicitly stated as **$19,697 million** in the Financial Statements under Item 8. [2] The provision for income taxes in fiscal year 2024 was **$19,697 million**, calculated as part of the reconciliation of the federal statutory tax rate to the effective tax rate. [6][7]"
GOOGL-2024-sales_and_marketing_expense,GOOGL,2024,sales and marketing expense,What was Alphabet's sales and marketing expense in fiscal year 2024?,27808000000,model: right,True,13,unverified,"Alphabet's sales and marketing expense in fiscal year 2024 was $27,808 million. [1][2][11]"
GOOGL-2024-accounts_receivable,GOOGL,2024,accounts receivable,What was Alphabet's accounts receivable in fiscal year 2024?,52340000000,model: right,True,9,mismatch,"Alphabet's net accounts receivable for the year ended December 31, 2024 was $52,340 million, as shown in the Consolidated Balance Sheets. [2] The accounts receivable balance increased from $47,964 million in 2023 to $52,340 million in 2024, reflecting growth in net receivables. [2] The allowance for credit losses on accounts receivable was $879 million as of December 31, 2024, indicating a provision for potential uncollectible amounts. [8]"
GOOGL-2024-marketable_securities,GOOGL,2024,marketable securities,What was Alphabet's marketable securities in fiscal year 2024?,72191000000,model: right,True,11,supported,"As of December 31, 2024, the carrying value of marketable equity securities was $5,079 million, and marketable securities (including debt) totaled $72,191 million in current assets. [1][4] Marketable securities purchases in 2024 amounted to $86,679 million, while maturities and sales reached $103,428 million. [3] The unrealized net gain on marketable equity securities in 2024 was $156 million, and realized net gain on equity securities sold was $186 million. [2]"
GOOGL-2024-property_and_equipment,GOOGL,2024,property and equipment,What was Alphabet's property and equipment in fiscal year 2024?,171036000000,model: right,True,13,unverified,"Property and equipment, at cost, was $199,829 million as of December 31, 2024, with accumulated depreciation of $79,390 million and assets not yet in service of $50,597 million. [1] Property and equipment, net of accumulated depreciation, was $171,036 million as of December 31, 2024. [1][6]"
GOOGL-2024-capital_expenditures,GOOGL,2024,capital expenditures,What was Alphabet's capital expenditures in fiscal year 2024?,52535000000,"model: right, rounded",True,11,supported,"Capital expenditures were $52.5 billion for the year ended December 31, 2024. [3][5]"
GOOGL-2024-purchases_of_property_and_equipment,GOOGL,2024,purchases of property and equipment,What was Alphabet's purchases of property and equipment in fiscal year 2024?,52535000000,model: right,True,12,mismatch,"Alphabet's purchases of property and equipment in fiscal year 2024 were $52,535 million. [1] The company spent $52.5 billion on capital expenditures in 2024, primarily on technical infrastructure, including servers, network equipment, and data centers. [13]"
GOOGL-2024-share_repurchases,GOOGL,2024,share repurchases,What was Alphabet's share repurchases in fiscal year 2024?,62222000000,model: wrong figure or none,False,4,supported,"Alphabet repurchased a total of $62.0 billion of Class A and Class C shares in fiscal year 2024, including $11.9 billion of Class A shares and $50.2 billion of Class C shares. [1][4][7][10] The company repurchased 379 million shares in total for $62.0 billion in fiscal year 2024, with 73 million Class A shares repurchased for $11.855 billion and 306 million Class C shares repurchased for $50.192 billion. [2][4][5] As of December 31, 2024, $44.7 billion remained available for future Class A and Class C share repurchases under the authorized program. [1][4]"
INTU-2024-income_before_income_taxes,INTU,2024,income before income taxes,What was Intuit's income before income taxes in fiscal year 2024?,3550000000,model: right,True,14,supported,"Intuit's income before income taxes for the twelve months ended July 31, 2024, was $3,550 million. [1][2][5][11]"
INTU-2024-income_tax_expense,INTU,2024,income tax expense,What was Intuit's income tax expense in fiscal year 2024?,587000000,model: right,True,14,mismatch,"Intuit's income tax expense for fiscal 2024 was **$587 million** as reported in the provision for income taxes. [14][13] The income tax provision included **$594 million** of income tax benefit (negative expense) due to excess tax benefits on share-based compensation, resulting in a net income tax expense of **$587 million** after accounting for other items. [2][13]"
INTU-2024-provision_for_income_taxes,INTU,2024,provision for income taxes,What was Intuit's provision for income taxes in fiscal year 2024?,587000000,model: right,True,11,supported,"The provision for income taxes in fiscal year 2024 was **$587 million** for the twelve months ended July 31, 2024. [1][2][4][11]"
INTU-2024-sales_and_marketing_expense,INTU,2024,sales and marketing expense,What was Intuit's sales and marketing expense in fiscal year 2024?,4312000000,model: right,True,11,mismatch,"Intuit's sales and marketing expense in fiscal year 2024 was $4,312 million, which accounted for 26% of total net revenue. [4] The total operating expenses for fiscal 2024 included $4,312 million in selling and marketing expenses, as detailed in the consolidated statements of operations. [5]"
INTU-2024-stock-based_compensation,INTU,2024,stock-based compensation,What was Intuit's stock-based compensation in fiscal year 2024?,1940000000,model: right,True,15,supported,"Intuit's total share-based compensation expense for stock options and employee stock purchase plans (ESPP) was $83 million in fiscal year 2024. [1][11][13] The total share-based compensation expense, including restricted stock units (RSUs), was $1,940 million in fiscal year 2024. [3][11] The aggregate intrinsic value of options exercised was $209 million in fiscal year 2024, and the total tax benefit for share-based compensation was $49 million. [1][14]"
INTU-2024-accounts_receivable,INTU,2024,accounts receivable,What was Intuit's accounts receivable in fiscal year 2024?,457000000,model: right,True,13,mismatch,"Intuit's accounts receivable, net of allowance for doubtful accounts, was $457 million for the fiscal year ending July 31, 2024. [5] Intuit's accounts receivable, net, was $25 million as of July 31, 2024, in the consolidated balance sheet classification (likely excluding funds receivable and amounts held for customers). [2]"
INTU-2024-property_and_equipment,INTU,2024,property and equipment,What was Intuit's property and equipment in fiscal year 2024?,1009000000,model: right,True,12,mismatch,"Intuit's gross property and equipment totaled **$2,372 million** as of July 31, 2024, before accumulated depreciation and amortization. [1] After accumulated depreciation and amortization, Intuit's **net property and equipment** was **$1,009 million** as of July 31, 2024. [1][4]"
INTU-2024-intangible_assets,INTU,2024,intangible assets,What was Intuit's intangible assets in fiscal year 2024?,5820000000,model: right,True,11,mismatch,"Intuit's total acquired intangible assets, net, were valued at **$5,820 million** as of July 31, 2024, with a breakdown of **$4,591 million** for Customer Lists/User Relationships, **$743 million** for Purchased Technology, and **$486 million** for Trade Names and Logos. [2][8] The total gross intangible assets (before amortization) were **$8,524 million** at July 31, 2024, with accumulated amortization of **$2,704 million**, leaving a net value of **$5,820 million** as of that date. [2] The total identifiable intangible assets (including goodwill) were **$13,844 million** for goodwill and **$4,340 million** for intangible assets (excluding goodwill) as of July 31, 2024. [8][16]"
INTU-2024-capital_expenditures,INTU,2024,capital expenditures,What was Intuit's capital expenditures in fiscal year 2024?,191000000,model: wrong figure or none,True,9,supported,"Intuit's capital expenditures in fiscal 2024 were $250 million, as stated in the consolidated statements of cash flows. [6]"
INTU-2024-purchases_of_property_and_equipment,INTU,2024,purchases of property and equipment,What was Intuit's purchases of property and equipment in fiscal year 2024?,191000000,model: right,True,12,unverified,Intuit's purchases of property and equipment in fiscal year 2024 were $191 million. [6]
INTU-2024-interest_paid,INTU,2024,interest paid,What was Intuit's interest paid in fiscal year 2024?,200000000,model: right,True,12,unverified,"Intuit paid a total of $200 million in interest during the twelve months ended July 31, 2024. [10] This includes $106 million paid on the 2023 senior unsecured notes, $42 million on the 2021 term loan, $20 million on the 2019 secured revolving credit facility, and $12 million on the 2022 secured revolving credit facility. [9][10][12][14]"
INTU-2024-share_repurchases,INTU,2024,share repurchases,What was Intuit's share repurchases in fiscal year 2024?,1988000000,model: wrong figure or none,False,4,supported,"Intuit repurchased 3.4 million shares of its common stock for a total of $2.0 billion during the twelve months ended July 31, 2024. [3] The total stock repurchases for fiscal 2024 were $2.0 billion, as reflected in the consolidated statements of stockholders’ equity, with $1.978 billion in the last quarter alone. [1][2] Intuit had $1.9 billion remaining in stock repurchase authorization at July 31, 2024, before an additional $3.0 billion was approved on August 20, 2024. [3][4][7]"
META-2024-income_before_income_taxes,META,2024,income before income taxes,What was Meta's income before income taxes in fiscal year 2024?,70663000000,model: right,True,14,unverified,"Meta's income before provision for income taxes in fiscal year 2024 was $70,663 million. [1][2][3][5]"
META-2024-income_tax_expense,META,2024,income tax expense,What was Meta's income tax expense in fiscal year 2024?,8303000000,model: right,True,12,unverified,"Meta's income tax expense for fiscal year 2024 was $8,303 million, as shown in the provision for income taxes in the consolidated statements of income. [5][13] The effective tax rate for fiscal year 2024 was 11.8%, which was lower than the 17.6% in 2023, primarily due to excess tax benefits from share-based compensation and increased research tax credits. [7][15]"
META-2024-provision_for_income_taxes,META,2024,provision for income taxes,What was Meta's provision for income taxes in fiscal year 2024?,8303000000,model: right,True,14,supported,"The provision for income taxes in fiscal year 2024 was $8,303 million. [1][3][5][6][8]"
META-2024-sales_and_marketing_expense,META,2024,sales and marketing expense,What was Meta's sales and marketing expense in fiscal year 2024?,11347000000,model: right,True,13,supported,"Meta's sales and marketing expense in fiscal year 2024 was $11,347 million. [1][5][6][13] This represents 7% of total revenue for the year 2024, a decrease of 8% compared to 2023. [2][6][12]"
META-2024-stock-based_compensation,META,2024,stock-based compensation,What was Meta's stock-based compensation in fiscal year 2024?,16690000000,model: wrong figure or none,True,12,mismatch,"The total share-based compensation expense for fiscal year 2024 was $11.992 billion, recorded under additional paid-in capital in the consolidated statements of stockholders' equity. [11] The share-based compensation expense related to restricted stock units (RSUs) that vested in 2024 was $33.14 billion, with an income tax benefit of $6.95 billion recognized. [7] The unrecognized share-based compensation expense related to RSU awards as of December 31, 2024, was $34.79 billion, expected to be recognized over approximately three years. [7] Excess tax benefits from share-based compensation in 2024 decreased the provision for income taxes by $3.22 billion, impacting the effective tax rate by five percentage points. [10]"
META-2024-depreciation_and_amortization,META,2024,depreciation and amortization,What was Meta's depreciation and amortization in fiscal year 2024?,15498000000,model: wrong figure or none,True,10,mismatch,"Depreciation and amortization expense for property and equipment was $15.29 billion in fiscal year 2024. [13] Depreciation and amortization expense for finance lease right-of-use assets was included in the total deferred tax liabilities of $13,959 million, which includes amortization of $3,000 million for right-of-use assets in 2024. [1][2] Amortization expense of intangible assets was $211 million in fiscal year 2024. [15]"
META-2024-accounts_receivable,META,2024,accounts receivable,What was Meta's accounts receivable in fiscal year 2024?,16994000000,model: right,True,10,unverified,"Meta's accounts receivable, net, was $16,994 million as of December 31, 2024. [1]"
META-2024-marketable_securities,META,2024,marketable securities,What was Meta's marketable securities in fiscal year 2024?,33926000000,model: right,True,13,supported,"Meta held **$33,926 million** in marketable securities as of December 31, 2024. [3][4][5] The marketable securities included **$14,889 million** in U.S. government securities, **$3,053 million** in U.S. government agency securities, **$14,758 million** in corporate debt securities, and **$1,226 million** in marketable equity securities for 2024. [5] The total fair value of marketable debt securities was **$23,070 million** as of December 31, 2024, with unrealized losses totaling **$481 million** for the year. [7]"
META-2024-capital_expenditures,META,2024,capital expenditures,What was Meta's capital expenditures in fiscal year 2024?,37256000000,model: wrong figure or none,True,9,supported,"Meta's capital expenditures, including principal payments on finance leases, were $39.23 billion for the year ended December 31, 2024. [3]"
META-2024-purchases_of_property_and_equipment,META,2024,purchases of property and equipment,What was Meta's purchases of property and equipment in fiscal year 2024?,37256000000,model: right,True,11,unverified,"Meta's purchases of property and equipment in fiscal year 2024 were $37,256 million. [1][3][8]"
META-2024-interest_paid,META,2024,interest paid,What was Meta's interest paid in fiscal year 2024?,486000000,model: right,True,12,unverified,"Meta paid a net cash amount of $486 million for interest in fiscal year 2024, net of amounts capitalized. [1] The interest expense reported in fiscal year 2024 was $715 million, which includes net interest expense and other related adjustments. [2][5]"
META-2024-share_repurchases,META,2024,share repurchases,What was Meta's share repurchases in fiscal year 2024?,30125000000,"model: right, rounded",False,3,supported,"Meta repurchased 65 million shares of Class A common stock for an aggregate amount of $29.75 billion in fiscal year 2024. [1][2][3][4][7][8] The cash used for repurchases of Class A common stock in 2024 was $30.13 billion, including $29.75 billion for share repurchases and $377 million for accrued expenses. [6][7][8]"
MSFT-2024-gross_profit,MSFT,2024,gross profit,What was Microsoft's gross profit in fiscal year 2024?,171008000000,model: right,True,10,mismatch,"Microsoft's gross profit for fiscal year 2024 was $171,008 million, calculated as revenue of $245,122 million minus cost of revenue of $74,114 million. [1][3]"
MSFT-2024-income_before_income_taxes,MSFT,2024,income before income taxes,What was Microsoft's income before income taxes in fiscal year 2024?,107787000000,model: right,True,15,supported,"Microsoft's income before income taxes in fiscal year 2024 was $107,787 million. [1][3]"
MSFT-2024-income_tax_expense,MSFT,2024,income tax expense,What was Microsoft's income tax expense in fiscal year 2024?,19651000000,model: right,True,14,mismatch,"The provision for income taxes in fiscal year 2024 was **$19,651 million** as reported in the financial statements. [13] The effective tax rate for fiscal year 2024 was **18.2%**, which corresponds to an income tax expense of approximately **$18,200 million** on net income of **$88,136 million** (calculated using the provided rate and net income from source [7]). [7][11][14]"
MSFT-2024-provision_for_income_taxes,MSFT,2024,provision for income taxes,What was Microsoft's provision for income taxes in fiscal year 2024?,19651000000,model: right,True,14,supported,"The provision for income taxes in fiscal year 2024 was **$19,651 million** as stated in the financial statements. [1][6]"
MSFT-2024-interest_expense,MSFT,2024,interest expense,What was Microsoft's interest expense in fiscal year 2024?,2935000000,model: right,True,13,mismatch,"Microsoft's interest expense for fiscal year 2024 was **$2,935 million**. [1][2]"
MSFT-2024-sales_and_marketing_expense,MSFT,2024,sales and marketing expense,What was Microsoft's sales and marketing expense in fiscal year 2024?,24456000000,model: right,True,12,supported,"Sales and marketing expenses were $24,456 million in fiscal year 2024. [1][2][11][12]"
MSFT-2024-stock-based_compensation,MSFT,2024,stock-based compensation,What was Microsoft's stock-based compensation in fiscal year 2024?,10734000000,model: right,True,11,supported,"Microsoft's stock-based compensation expense for fiscal year 2024 was $10,734 million. [1][2][3][8][10][14][16] The income tax benefits related to stock-based compensation for fiscal year 2024 were $1,826 million. [1][5][14][15]"
MSFT-2024-accounts_receivable,MSFT,2024,accounts receivable,What was Microsoft's accounts receivable in fiscal year 2024?,56924000000,model: right,True,10,mismatch,"Microsoft's accounts receivable, net of allowance for doubtful accounts, was $56,924 million as of June 30, 2024. [2] The allowance for doubtful accounts included in accounts receivable was $54 million for fiscal year 2024. [6][10] Long-term accounts receivable, net of allowance for doubtful accounts, was $4.9 billion as of June 30, 2024, and is included in other long-term assets. [6]"
MSFT-2024-property_and_equipment,MSFT,2024,property and equipment,What was Microsoft's property and equipment in fiscal year 2024?,135591000000,model: right,True,10,mismatch,"The total property and equipment, net of accumulated depreciation, for fiscal year 2024 was **$135,591 million** as of June 30, 2024. [2][3] The total property and equipment, **at cost**, for fiscal year 2024 was **$212,012 million** as of June 30, 2024. [3] Accumulated depreciation for fiscal year 2024 was **$76,421 million**, reducing the net value of property and equipment. [3]"
MSFT-2024-intangible_assets,MSFT,2024,intangible assets,What was Microsoft's intangible assets in fiscal year 2024?,27597000000,model: right,True,12,mismatch,"Microsoft reported intangible assets of **21,969 million** in its fiscal year 2024 financial statements under the total purchase price allocation. [2] The net carrying amount of intangible assets (excluding goodwill) was **27,597 million** as of June 30, 2024, per the balance sheet. [3] Intangible assets included **$22.0 billion** related to the Activision Blizzard acquisition, with a net carrying amount of **$27,597 million** after accumulated amortization. [3][12]"
MSFT-2024-capital_expenditures,MSFT,2024,capital expenditures,What was Microsoft's capital expenditures in fiscal year 2024?,44477000000,model: wrong figure or none,True,8,supported,"Microsoft's capital expenditures increased by $16.4 billion in fiscal year 2024, contributing to a total cash used in investing of $97.0 billion. [6] The total cash used for acquisitions of companies, net of cash acquired, and purchases of intangible and other assets increased by $67.5 billion in fiscal year 2024, which is part of the overall capital expenditure growth. [6]"
MSFT-2024-purchases_of_property_and_equipment,MSFT,2024,purchases of property and equipment,What was Microsoft's purchases of property and equipment in fiscal year 2024?,44477000000,model: right,True,11,mismatch,"Microsoft's additions to property and equipment in fiscal year 2024 were $44,477 million. [4] The total cost of property and equipment (including finance leases) at the end of fiscal year 2024 was $212,012 million, up from $163,892 million in fiscal year 2023, reflecting growth in assets like buildings, computer equipment, and software. [2]"
MSFT-2024-share_repurchases,MSFT,2024,share repurchases,What was Microsoft's share repurchases in fiscal year 2024?,17254000000,model: wrong figure or none,False,8,mismatch,"Microsoft repurchased 32 million shares of common stock for $12.0 billion in fiscal year 2024 under its share repurchase program. [4] The total share repurchases for fiscal year 2024 were $11.547 billion, as shown in the stockholders’ equity statements. [16] The average price per share repurchased in fiscal year 2024 was $339.46, based on the total repurchases of 32 million shares. [12]"
MU-2024-gross_profit,MU,2024,gross profit,What was Micron's gross profit in fiscal year 2024?,5613000000,model: right,True,11,unverified,"Micron's gross profit for fiscal year 2024 was $5,613 million. [1][3][7]"
MU-2024-income_tax_expense,MU,2024,income tax expense,What was Micron's income tax expense in fiscal year 2024?,451000000,model: right,True,14,unverified,"Micron's income tax expense for fiscal year 2024 was $451 million, as shown by the income tax (provision) benefit of -$451 million in the MD&A and financial statements. [1][3][7][8] The breakdown of the 2024 income tax provision includes U.S. federal income tax of -$260 million, foreign tax rate differentials of -$214 million, and other adjustments totaling -$451 million. [2][3][6]"
MU-2024-provision_for_income_taxes,MU,2024,provision for income taxes,What was Micron's provision for income taxes in fiscal year 2024?,451000000,model: right,True,16,unverified,"Micron's provision for income taxes in fiscal year 2024 was a benefit of **$451 million**, resulting in an effective tax rate of **-36.4%** on income before taxes of **$1,240 million**. [1][2][3][4][5][6] The provision included **$260 million** of U.S. federal income tax benefit at a statutory rate of **21%**, offset by adjustments such as a **$59 million** change in valuation allowance and **$41 million** in unrecognized tax benefits. [6] Foreign tax rate differentials contributed a **$214 million** benefit, while research and development tax credits added **$76 million** to the provision. [2]"
MU-2024-depreciation_and_amortization,MU,2024,depreciation and amortization,What was Micron's depreciation and amortization in fiscal year 2024?,7780000000,model: right,True,11,unverified,"Depreciation expense for fiscal year 2024 was $7.70 billion. [4][12] Amortization of intangible assets for fiscal year 2024 was included in the $7.780 billion depreciation and amortization adjustment, with product and process technology amortization expense explicitly stated as $82 million. [4][12][14]"
MU-2024-accounts_receivable,MU,2024,accounts receivable,What was Micron's accounts receivable in fiscal year 2024?,5419000000,model: right,True,11,supported,"Micron's accounts receivable at the end of fiscal year 2024 was **$5,419 million** as of August 29, 2024. [9] The receivables included **trade receivables** of **$5,419 million** and **government incentives** of **$834 million** as of August 29, 2024. [9] The total receivables in fiscal 2024 were **$6,615 million** (including government incentives), compared to **$2,443 million** in fiscal 2023. [9]"
MU-2024-marketable_securities,MU,2024,marketable securities,What was Micron's marketable securities in fiscal year 2024?,1065000000,model: right,True,15,mismatch,"As of August 29, 2024, Micron's short-term investments totaled $1,065 million, and long-term marketable investments totaled $1,046 million, combining to $2.111 billion in marketable securities. [11] The total fair value of marketable investments (short-term and long-term) was $9.152 billion as of August 29, 2024, excluding cash and equivalents. [11][13]"
MU-2024-intangible_assets,MU,2024,intangible assets,What was Micron's intangible assets in fiscal year 2024?,416000000,model: right,True,13,mismatch,"The intangible assets for fiscal year 2024 were $416 million as of August 29, 2024. [1] The net carrying amount of intangible assets classified as 'Other' in fiscal year 2024 was $11 million, with no accumulated amortization. [13]"
MU-2024-capital_expenditures,MU,2024,capital expenditures,What was Micron's capital expenditures in fiscal year 2024?,8386000000,model: abstained,True,9,,The filings do not answer this question.
MU-2024-purchases_of_property_and_equipment,MU,2024,purchases of property and equipment,What was Micron's purchases of property and equipment in fiscal year 2024?,8386000000,model: right,True,11,supported,"Micron's expenditures for property, plant, and equipment in fiscal year 2024 were $8.39 billion, as stated in the consolidated statements of cash flows. [2][14] The table in the financial statements also shows $8,386 million ($8.39 billion) spent on property, plant, and equipment for the year ended August 29, 2024. [2]"
MU-2024-interest_paid,MU,2024,interest paid,What was Micron's interest paid in fiscal year 2024?,503000000,model: right,True,10,unverified,"Micron's net interest paid in fiscal year 2024 was **$503 million**, after capitalizing certain amounts. [1]"
MU-2024-share_repurchases,MU,2024,share repurchases,What was Micron's share repurchases in fiscal year 2024?,300000000,model: right,False,6,unverified,"Micron repurchased $300 million of its common stock in fiscal year 2024 under its share repurchase authorization, purchasing 3.2 million shares at an average price of $93.07 per share. [1][2][3][7][11][14] The total repurchases for fiscal year 2024 included $300 million in repurchase program expenditures and an additional $2 million related to withholdings on employee equity awards, totaling $302 million. [3][7][9][13]"
NOW-2024-gross_profit,NOW,2024,gross profit,What was Servicenow's gross profit in fiscal year 2024?,8697000000,model: right,True,13,unverified,"The gross profit for fiscal year 2024 was $8,697 million. [1][2][7]"
NOW-2024-income_before_income_taxes,NOW,2024,income before income taxes,What was Servicenow's income before income taxes in fiscal year 2024?,1738000000,model: right,True,14,supported,"Income before income taxes was $1,738 million for the year ended December 31, 2024. [1][4]"
NOW-2024-income_tax_expense,NOW,2024,income tax expense,What was Servicenow's income tax expense in fiscal year 2024?,313000000,model: right,True,12,supported,"The income tax expense for fiscal year 2024 was $313 million, as shown in the consolidated statements of comprehensive income and financial statements. [1][3][7][9][10][15][16]"
NOW-2024-provision_for_income_taxes,NOW,2024,provision for income taxes,What was Servicenow's provision for income taxes in fiscal year 2024?,313000000,model: right,True,12,supported,"The provision for income taxes in fiscal year 2024 was $313 million, as stated in multiple financial tables (sources [1], [2], [3], [4], and [11]). [1][2][3][4][11]"
NOW-2024-sales_and_marketing_expense,NOW,2024,sales and marketing expense,What was Servicenow's sales and marketing expense in fiscal year 2024?,3854000000,model: right,True,12,mismatch,"ServiceNow's sales and marketing expense for the year ended December 31, 2024, was $3,854 million. [2][3][4] The sales and marketing expense increased by $553 million compared to the prior year, reaching $3,854 million in 2024. [5]"
NOW-2024-stock-based_compensation,NOW,2024,stock-based compensation,What was Servicenow's stock-based compensation in fiscal year 2024?,1746000000,model: right,True,13,unverified,"The total stock-based compensation expense for fiscal year 2024 was $1,746 million. [2][4][5][6][8][15]"
NOW-2024-depreciation_and_amortization,NOW,2024,depreciation and amortization,What was Servicenow's depreciation and amortization in fiscal year 2024?,564000000,model: wrong figure or none,True,10,unverified,Depreciation expense for property and equipment was $371 million in fiscal year 2024. [3] Amortization of intangible assets was approximately $94 million in fiscal year 2024. [5][16] Amortization of deferred commissions was $550 million in fiscal year 2024. [4]
NOW-2024-accounts_receivable,NOW,2024,accounts receivable,What was Servicenow's accounts receivable in fiscal year 2024?,2240000000,model: right,True,10,supported,"Accounts receivable, net was $2,240 million as of December 31, 2024. [2] Accounts receivable decreased by $254 million during the year ended December 31, 2024, as shown in the cash flow adjustments. [1][13]"
NOW-2024-marketable_securities,NOW,2024,marketable securities,What was Servicenow's marketable securities in fiscal year 2024?,3458000000,model: wrong figure or none,True,12,supported,"The total estimated fair value of available-for-sale debt securities as marketable securities was $7,569 million as of December 31, 2024, with gross unrealized gains of $18 million and gross unrealized losses of $25 million. [1] The total estimated fair value of marketable securities (excluding cash equivalents) was $7,569 million, including $4,976 million in corporate notes and bonds, $2,104 million in U.S. government and agency securities, and $336 million in commercial paper as of December 31, 2024. [1][10] The total amortized cost of available-for-sale debt securities (marketable securities) was $7,576 million as of December 31, 2024. [1] The contractual maturities of available-for-sale debt securities (marketable securities) did not exceed 37 months as of December 31, 2024. [14]"
NOW-2024-property_and_equipment,NOW,2024,property and equipment,What was Servicenow's property and equipment in fiscal year 2024?,1763000000,model: right,True,12,unverified,"Property and equipment, gross was $3,271 million as of December 31, 2024, with accumulated depreciation of $1,508 million, resulting in net property and equipment of $1,763 million. [1] The net property and equipment was broken down geographically as $1,144 million in North America, $428 million in EMEA, and $191 million in Asia Pacific and other regions for the year ended December 31, 2024. [2]"
NOW-2024-intangible_assets,NOW,2024,intangible assets,What was Servicenow's intangible assets in fiscal year 2024?,209000000,model: right,True,11,unverified,"The gross intangible assets for fiscal year 2024 were $675 million, consisting of $581 million in developed technology, $83 million in patents, and $11 million in other intangible assets. [1] The net intangible assets for fiscal year 2024 were $209 million after deducting $466 million in accumulated amortization. [1]"
NOW-2024-capital_expenditures,NOW,2024,capital expenditures,What was Servicenow's capital expenditures in fiscal year 2024?,852000000,model: abstained,True,14,,The filings do not answer this question.
NOW-2024-purchases_of_property_and_equipment,NOW,2024,purchases of property and equipment,What was Servicenow's purchases of property and equipment in fiscal year 2024?,852000000,model: right,True,13,unverified,Purchases of property and equipment amounted to $852 million in fiscal year 2024. [3][6]
NOW-2024-interest_paid,NOW,2024,interest paid,What was Servicenow's interest paid in fiscal year 2024?,23000000,model: right,True,13,unverified,Interest paid in fiscal year 2024 was $23 million. [1]
NOW-2024-share_repurchases,NOW,2024,share repurchases,What was Servicenow's share repurchases in fiscal year 2024?,696000000,model: right,False,5,mismatch,"In fiscal year 2024, the company repurchased 0.8 million shares of common stock for $696 million, all through open market transactions. [1][2][3][5][7][10][14][15] The average price paid per share during the year was $1,007.28 in the fourth quarter and $927.22 in October, with $1,106.67 in December. [3][10][15] As of December 31, 2024, $266 million remained available for future repurchases under the $1.5 billion program authorized in May 2023. [1][2][3][5][10][15] In January 2025, the board authorized an additional $3.0 billion for future share repurchases. [1][4]"
ORCL-2024-income_tax_expense,ORCL,2024,income tax expense,What was Oracle's income tax expense in fiscal year 2024?,1274000000,model: right,True,12,supported,"The provision for income taxes in fiscal year 2024 was **$1,274 million** as reported in the consolidated statements of operations. [3][6] The total provision for income taxes, broken down by components, also sums to **$1,274 million** for fiscal year 2024. [4][8]"
ORCL-2024-provision_for_income_taxes,ORCL,2024,provision for income taxes,What was Oracle's provision for income taxes in fiscal year 2024?,1274000000,model: right,True,12,supported,"The provision for income taxes in fiscal year 2024 was **$1,274 million** as stated in multiple sources. [1][2][4][5][6][8][16]"
ORCL-2024-interest_expense,ORCL,2024,interest expense,What was Oracle's interest expense in fiscal year 2024?,3514000000,model: right,True,16,mismatch,"Oracle's interest expense for the fiscal year ended May 31, 2024 was $3,514 million. [1][2][3]"
ORCL-2024-sales_and_marketing_expense,ORCL,2024,sales and marketing expense,What was Oracle's sales and marketing expense in fiscal year 2024?,8274000000,model: right,True,13,mismatch,"Oracle's total sales and marketing expenses for fiscal year 2024 were $8,274 million, as reported in the consolidated statements of operations. [7] For the Cloud and license segment, sales and marketing expenses were $7,167 million in fiscal year 2024, while hardware sales and marketing expenses were $296 million. [1] The total sales and marketing expenses for operating segments (excluding stock-based compensation) were $667 million in fiscal year 2024. [4]"
ORCL-2024-stock-based_compensation,ORCL,2024,stock-based compensation,What was Oracle's stock-based compensation in fiscal year 2024?,3974000000,model: right,True,15,supported,"Oracle's total stock-based compensation for fiscal year 2024 was **$3,974 million** (as reported in operating segments). [1][3][14] When including stock-based compensation for research and development and general and administrative, the total was **$5,243 million** for fiscal year 2024. [2] The net stock-based compensation after estimated income tax benefit for fiscal year 2024 was **$3,061 million**. [3]"
ORCL-2024-accounts_receivable,ORCL,2024,accounts receivable,What was Oracle's accounts receivable in fiscal year 2024?,7874000000,model: abstained,True,9,,The filings do not answer this question.
ORCL-2024-marketable_securities,ORCL,2024,marketable securities,What was Oracle's marketable securities in fiscal year 2024?,207000000,model: right,True,11,mismatch,"Marketable securities were valued at $207 million as of May 31, 2024. [1] All marketable debt securities held matured within one year as of May 31, 2024, and were classified as available-for-sale. [5]"
ORCL-2024-property_and_equipment,ORCL,2024,property and equipment,What was Oracle's property and equipment in fiscal year 2024?,21536000000,model: right,True,10,mismatch,"Oracle's total property, plant, and equipment (gross) was $34,818 million as of May 31, 2024. [1] The net property, plant, and equipment (after accumulated depreciation) was $21,536 million as of May 31, 2024. [1][3]"
ORCL-2024-intangible_assets,ORCL,2024,intangible assets,What was Oracle's intangible assets in fiscal year 2024?,6890000000,model: right,True,16,supported,"Oracle's total intangible assets, net, as of May 31, 2024, were $6,890 million. [5][9][11][13] The gross intangible assets for fiscal 2024 were $18,791 million, with accumulated amortization of $11,901 million, resulting in net intangible assets of $6,890 million. [5]"
ORCL-2024-capital_expenditures,ORCL,2024,capital expenditures,What was Oracle's capital expenditures in fiscal year 2024?,6866000000,model: right,True,12,mismatch,"Oracle's capital expenditures in fiscal year 2024 were $6,866 million. [2][3][14]"
ORCL-2024-purchases_of_property_and_equipment,ORCL,2024,purchases of property and equipment,What was Oracle's purchases of property and equipment in fiscal year 2024?,6866000000,model: right,True,10,mismatch,"Oracle's capital expenditures for property and equipment in fiscal year 2024 were $6,866 million. [4]"
ORCL-2024-interest_paid,ORCL,2024,interest paid,What was Oracle's interest paid in fiscal year 2024?,3655000000,model: right,True,14,supported,"Oracle paid $3,655 million in cash for interest in fiscal year 2024. [1] The interest expense reported in fiscal year 2024 was $3,514 million, unchanged from the prior year. [2]"
ORCL-2024-share_repurchases,ORCL,2024,share repurchases,What was Oracle's share repurchases in fiscal year 2024?,1202000000,model: right,False,7,mismatch,"Oracle repurchased 10.6 million shares for $1.2 billion in fiscal 2024 under its stock repurchase program. [1][2][3] The total cash used for repurchases of common stock in fiscal 2024 was $1.202 billion, as shown in the consolidated statements of cash flows. [5] The total number of shares repurchased in fiscal 2024 was 1.2 million (0.4 million per quarter) as detailed in the stock repurchase activity table. [3][14]"
PANW-2024-gross_profit,PANW,2024,gross profit,What was Palo Alto's gross profit in fiscal year 2024?,5968300000,model: right,True,16,supported,"The gross profit for fiscal year 2024 was $5,968.3 million. [1][2][5][6]"
PANW-2024-income_before_income_taxes,PANW,2024,income before income taxes,What was Palo Alto's income before income taxes in fiscal year 2024?,988300000,model: right,True,12,supported,"Income before income taxes was $988.3 million for the year ended July 31, 2024. [1][2][3][11]"
PANW-2024-income_tax_expense,PANW,2024,income tax expense,What was Palo Alto's income tax expense in fiscal year 2024?,-1589300000,model: wrong figure or none,True,10,mismatch,"Palo Alto Networks reported a **benefit from income taxes** of **$1.6 billion** in fiscal year 2024, primarily due to the release of the valuation allowance on U.S. federal, U.S. state (excluding California), and U.K. deferred tax assets. [11][12][16] The **effective tax rate** for fiscal 2024 was **-160.8%**, reflecting the net tax benefit after accounting for statutory rates and adjustments like non-U.S. operations and valuation allowance changes. [11][12]"
PANW-2024-provision_for_income_taxes,PANW,2024,provision for income taxes,What was Palo Alto's provision for income taxes in fiscal year 2024?,-1589300000,model: right,True,13,unverified,"The provision for income taxes in fiscal year 2024 was a benefit of **$1,589.3 million** (or **-$1.59 billion**). [1][2][4][9][11]"
PANW-2024-interest_expense,PANW,2024,interest expense,What was Palo Alto's interest expense in fiscal year 2024?,8300000,model: right,True,13,supported,"The total interest expense recognized in fiscal year 2024 was $8.3 million. [3][5][8] The contractual interest expense for fiscal year 2024 was $4.8 million, while total interest expense (including other components) was $8.3 million. [1][3]"
PANW-2024-sales_and_marketing_expense,PANW,2024,sales and marketing expense,What was Palo Alto's sales and marketing expense in fiscal year 2024?,2794500000,model: right,True,12,supported,"Palo Alto Networks' sales and marketing expense for fiscal year 2024 was $2,794.5 million. [3][5][9][16]"
PANW-2024-depreciation_and_amortization,PANW,2024,depreciation and amortization,What was Palo Alto's depreciation and amortization in fiscal year 2024?,283300000,model: right,True,14,mismatch,"Depreciation and amortization for fiscal year 2024 was $283.3 million, as shown in the consolidated statements of cash flows. [7] The total amortization of intangible assets subject to amortization in fiscal year 2024 was $640.2 million, which includes amortization of developed technology, customer relationships, acquired intellectual property, trade names, and other intangibles. [8] The amortization of deferred contract costs in fiscal year 2024 was $446 million, as detailed in the consolidated statements of cash flows. [1]"
PANW-2024-accounts_receivable,PANW,2024,accounts receivable,What was Palo Alto's accounts receivable in fiscal year 2024?,2618600000,model: right,True,10,mismatch,"The net accounts receivable for fiscal year 2024 was **$2,618.6 million** as of July 31, 2024, with an allowance for credit losses of $7.5 million. [2] The gross accounts receivable included two distributors that individually represented 10% or more, aggregating to **31.5%** of gross accounts receivable as of July 31, 2024. [4][10] The net change in accounts receivable for fiscal 2024 was a **decrease of $154.3 million** (net of acquisitions), compared to a **$320.3 million** decrease in 2023 and a **$902 million** decrease in 2022. [1][14]"
PANW-2024-property_and_equipment,PANW,2024,property and equipment,What was Palo Alto's property and equipment in fiscal year 2024?,361100000,model: right,True,14,unverified,"The gross total property and equipment for fiscal year 2024 was $920.3 million. [1] The net total property and equipment for fiscal year 2024 was $361.1 million, after deducting accumulated depreciation of $559.2 million. [1]"
PANW-2024-intangible_assets,PANW,2024,intangible assets,What was Palo Alto's intangible assets in fiscal year 2024?,374900000,model: right,True,14,unverified,"The net carrying amount of intangible assets subject to amortization was **$374.9 million** in fiscal year 2024, with **$315.4 million** in 2023. [6][7] Intangible assets *not* subject to amortization (e.g., goodwill) totaled **$3,350.1 million** in fiscal year 2024, including **$2,926.8 million** in 2023. [4] Total intangible assets (amortized + non-amortized) were **$3,724.9 million** in fiscal year 2024, combining sources [4] and [6]. [4][6]"
PANW-2024-share_repurchases,PANW,2024,share repurchases,What was Palo Alto's share repurchases in fiscal year 2024?,566700000,model: right,False,1,mismatch,"Palo Alto Networks repurchased 2 million shares in fiscal year 2024 at a weighted-average price of $284.00 per share, resulting in an aggregate purchase price of $566.7 million. [11] Cash used for share repurchases in fiscal 2024 was part of the $1.3 billion in financing activities, which was an increase compared to fiscal 2023. [7] The total authorization for share repurchases was $3.6 billion as of July 31, 2024, with $500.0 million remaining available for future repurchases before the $500.0 million increase in August 2024. [1][3][4][6]"
TXN-2024-gross_profit,TXN,2024,gross profit,What was Texas Instruments's gross profit in fiscal year 2024?,9094000000,model: right,True,13,supported,"Texas Instruments's gross profit for the year ended December 31, 2024, was $9,094 million. [1][4]"
TXN-2024-income_before_income_taxes,TXN,2024,income before income taxes,What was Texas Instruments's income before income taxes in fiscal year 2024?,5453000000,model: right,True,15,mismatch,"Income before income taxes was $5,453 million in fiscal year 2024. [2]"
TXN-2024-income_tax_expense,TXN,2024,income tax expense,What was Texas Instruments's income tax expense in fiscal year 2024?,654000000,model: wrong figure or none,True,16,mismatch,"The income tax expense for fiscal year 2024 was not explicitly stated in the provided sources, but the effective tax rate was 12%. [3] Net income for fiscal year 2024 was $4,799 million, and income allocated to common stock was $4,775 million, which is used to calculate tax expense indirectly. [3][10][13][16] The provision for income taxes can be inferred from the effective tax rate applied to pre-tax income, though the exact tax expense figure is not directly provided. [3][10][13]"
TXN-2024-provision_for_income_taxes,TXN,2024,provision for income taxes,What was Texas Instruments's provision for income taxes in fiscal year 2024?,654000000,model: right,True,15,mismatch,The provision for income taxes in fiscal year 2024 was $654 million. [13]
TXN-2024-stock-based_compensation,TXN,2024,stock-based compensation,What was Texas Instruments's stock-based compensation in fiscal year 2024?,387000000,model: wrong figure or none,True,15,supported,"Texas Instruments reported **$503 million** in total future stock compensation expense related to equity awards not yet recognized as of December 31, 2024, expected to be recognized over a weighted average period of 1.7 years. [13] The company recognized **$52 million** in stock compensation expense for fiscal year 2024, up from **$44 million** in 2023 and **$34 million** in 2022, as part of total compensation costs. [13] Stock compensation expense was allocated as follows in fiscal 2024: **$158 million** tax benefit realized from stock compensation, with proceeds from common stock transactions totaling **$517 million** (including **$50 million** for stock-based awards in paid-in capital). [1][2][5] Deferred tax assets related to stock compensation were **$186 million** as of December 31, 2024, compared to **$163 million** in 2023, reflecting the impact of stock-based compensation. [8]"
TXN-2024-accounts_receivable,TXN,2024,accounts receivable,What was Texas Instruments's accounts receivable in fiscal year 2024?,1719000000,model: right,True,11,mismatch,"Texas Instruments's accounts receivable (net of allowances) was $1,719 million as of December 31, 2024. [1] The company reported accounts receivable of $1.72 billion at the end of 2024, a decrease of $68 million compared to the end of 2023. [8]"
TXN-2024-property_and_equipment,TXN,2024,property and equipment,What was Texas Instruments's property and equipment in fiscal year 2024?,11347000000,model: right,True,10,supported,"The total property, plant, and equipment for fiscal year 2024 was **$11,347 million** as of December 31, 2024. [1][2][4] This includes **$15,254 million** at cost, with **$3,907 million** in accumulated depreciation deducted. [2][4]"
TXN-2024-capital_expenditures,TXN,2024,capital expenditures,What was Texas Instruments's capital expenditures in fiscal year 2024?,4820000000,model: right,True,10,unverified,"Capital expenditures were $4,820 million in fiscal year 2024. [2][3][4] Capital expenditures were primarily for semiconductor manufacturing equipment and facilities in fiscal year 2024. [3]"
TXN-2024-purchases_of_property_and_equipment,TXN,2024,purchases of property and equipment,What was Texas Instruments's purchases of property and equipment in fiscal year 2024?,4820000000,model: right,True,11,mismatch,"Texas Instruments's purchases of property and equipment in fiscal year 2024 were $4,820 million, as shown by the capital expenditures figure in the Consolidated Statements of Cash Flows. [7]"
TXN-2024-share_repurchases,TXN,2024,share repurchases,What was Texas Instruments's share repurchases in fiscal year 2024?,929000000,model: right,False,8,mismatch,"Texas Instruments repurchased 4.7 million shares of its common stock in fiscal year 2024, spending a total of $929 million. [5][13] The total number of shares repurchased in fiscal year 2024 was 2,753,196 shares, with an approximate average price paid per share of $191.23 in December 2024 alone. [8] The company had $20.26 billion of stock repurchase authorizations remaining as of December 31, 2024. [15]"
