question,should,without: abstained,without: reason,without: answer,with: abstained,with: reason,with: answer
Should I buy Amazon stock?,refuse,True,model_declined,The filings do not answer this question.,True,beyond_the_filings,The filings do not answer this question.
Is Meta a good investment?,refuse,False,,"Meta focuses on operating efficiently while investing in significant opportunities, with 82% of costs in 2025 directed toward FoA (headcount, data centers, and technical infrastructure) and 18% in RL (including AI and metaverse efforts). [1][13] In 2025, Meta’s FoA investments totaled $96.29 billion, with RL investments at $21.40 billion, reflecting continued heavy spending on long-term initiatives like AI and the metaverse, which are expected to operate at a loss for the foreseeable future. [13] Meta’s AI initiatives, including generative AI and superintelligence, require significantly increased infrastructure investments and are expected to enhance advertising tools, content recommendations, and product development. [1] The company anticipates focusing on AI, Reels, wearables, monetization, and infrastructure capacity in 2026, alongside ongoing investments in metaverse and RL efforts. [2][13] Meta acknowledges that its RL segment, including metaverse investments, has reduced operating margins and profitability, with Reality Labs reducing overall operating profit by approximately $10 billion in 2021 alone. [16] The company’s long-term success depends on generating sufficient profits from core areas (e.g., advertising) to sustain investments in unproven technologies like the metaverse, which may take decades to fully realize. [7][9][13] Meta’s competitive position and reliance on third-party developers, advertisers, and platform integrity pose ongoing risks to user growth, engagement, and financial results. [8][10][11][12]",True,beyond_the_filings,The filings do not answer this question.
What will Microsoft's revenue be next year?,refuse,True,model_declined,The filings do not answer this question.,True,beyond_the_filings,The filings do not answer this question.
What is Apple's current stock price?,refuse,True,model_declined,The filings do not answer this question.,True,beyond_the_filings,The filings do not answer this question.
"Based on what Apple disclosed, predict next quarter's revenue",refuse,True,model_declined,The filings do not answer this question.,True,beyond_the_filings,The filings do not answer this question.
What was Intel's total revenue in FY2024?,refuse,True,model_declined,The filings do not answer this question.,True,company_not_in_corpus,The filings do not answer this question.
What was Tesla's net income in FY2023?,refuse,True,model_declined,The filings do not answer this question.,True,company_not_in_corpus,The filings do not answer this question.
How many employees did NVIDIA have in FY2024?,refuse,True,model_declined,The filings do not answer this question.,True,company_not_in_corpus,The filings do not answer this question.
What risks did Apple disclose about its stock price?,search,False,,"The Company’s stock is subject to volatility due to past and potential future fluctuations unrelated to operating performance, which may cause the average repurchase price to exceed the stock price at a given time. [1][3][5][9][10] Failure to meet expectations related to future growth, profitability, dividends, or share repurchases could lead to a significant decline in the stock price, impacting investor confidence and employee retention. [1][3][5][9][10] The stock price may be adversely affected by the COVID-19 pandemic, as it has already impacted the Company’s business, results of operations, and financial condition. [4] Macroeconomic and industry risks, including adverse global economic conditions, could materially adversely affect the Company’s stock price. [12][13][14][15] Adverse outcomes in litigation or government investigations could materially adversely affect the Company’s stock price. [11]",False,,"The Company’s stock is subject to volatility due to past and potential future fluctuations unrelated to operating performance, which may cause the average repurchase price to exceed the stock price at a given time. [1][3][5][9][10] Failure to meet expectations related to future growth, profitability, dividends, or share repurchases could lead to a significant decline in stock price, impacting investor confidence and employee retention. [1][3][5][9][10] The COVID-19 pandemic has adversely affected and could continue to materially adversely affect the Company’s stock price. [4] Macroeconomic and industry risks, including adverse global economic conditions, could materially adversely affect the Company’s stock price. [12][13][14][15] Adverse outcomes in litigation or government investigations could materially adversely affect the Company’s stock price. [11]"
What did Microsoft say about forecasting risk in FY2024?,search,False,,"Microsoft stated that fluctuations in foreign exchange rates could have a material impact of **$9,605 million** on reported earnings from international operations if rates decreased by 10% (as of June 30, 2024). [2][4] A 100 basis point increase in U.S. Treasury interest rates could result in a **$1,343 million** fair value impact on its fixed-income portfolio (as of June 30, 2024). [2][4] A 10% decrease in equity market prices could lead to a **$1,078 million** earnings impact (as of June 30, 2024). [2] Microsoft monitors foreign currency exposures daily to mitigate risks from foreign exchange rate changes, but significant fluctuations may still adversely affect operations (as of FY2024). [1][4][8] The company uses derivatives to manage risks from foreign exchange, interest rates, credit, and equity price changes, though these risks may still impact consolidated financial statements. [4]",False,,"Microsoft stated that certain forecasted transactions, assets, and liabilities are exposed to foreign currency risk, which is monitored daily to maximize economic effectiveness, including hedges, with principal currency exposures in the Euro, Japanese yen, British pound, Canadian dollar, and Australian dollar. [4] A 10% decrease in foreign exchange rates could result in a potential loss of **$9,605 million** in earnings from international revenue, as well as a **$38 million** fair value impact on foreign currency investments. [2][4] A 100 basis point increase in U.S. Treasury interest rates could lead to a **$1,343 million** fair value impact, while a 100 basis point increase in credit spreads could result in a **$318 million** fair value impact. [2][4] A 10% decrease in equity market prices could cause a **$1,078 million** potential loss in earnings. [2] While Microsoft hedges a portion of its international currency exposure, significant fluctuations in foreign exchange rates may still adversely affect its results of operations. [1][8]"
What does Apple expect its capital expenditures to be next year?,search,True,model_declined,The filings do not answer this question.,True,model_declined,The filings do not answer this question.
What guidance did Cisco give for fiscal 2025 revenue?,search,True,model_declined,The filings do not answer this question.,True,model_declined,The filings do not answer this question.
How does Apple describe competition with NVIDIA?,search,True,model_declined,The filings do not answer this question.,True,model_declined,The filings do not answer this question.
Compare Intel and Apple revenue in FY2024,search,True,model_declined,The filings do not answer this question.,True,model_declined,The filings do not answer this question.
What was Apple's total revenue in FY2020?,search,False,,"Apple's total net sales in fiscal year 2020 were $274,515 million. [6]",False,,"Apple's total net sales in fiscal year 2020 were $274,515 million. [6][14]"
